id,provinsi,klasifikasi_wilayah,jenis_kelamin,usia,pendidikan_terakhir,status_pekerjaan,status_pernikahan,jumlah_tanggungan,pendapatan_bulanan,total_pengeluaran,pengeluaran_makanan_pokok,pengeluaran_lauk_pauk,pengeluaran_sayur_buah,pengeluaran_jajan_makan_luar,pengeluaran_rokok_tembakau,pengeluaran_perumahan_listrik,pengeluaran_pakaian,pengeluaran_kesehatan,pengeluaran_pendidikan,pengeluaran_transportasi,pengeluaran_komunikasi,pengeluaran_hiburan_rekreasi,cicilan_hutang,tabungan_bulanan,rasio_tabungan_persen,skor_literasi_keuangan
1160,DKI Jakarta,Perkotaan,Perempuan,25.0,SMP,Buruh/Pekerja Harian,Menikah,1.0,3350000.0,2523000,227000.0,275000.0,126000.0,283000.0,93000.0,456000.0,110000.0,129000.0,116000.0,162000.0,100000.0,98000.0,0.0,827000.0,24.7,45.6
1824,DKI Jakarta,Perkotaan,Perempuan,23.0,SD,PNS/ASN,Menikah,2.0,9500000.0,8153000,598000.0,522000.0,300000.0,420000.0,13000.0,1597000.0,500000.0,695000.0,681000.0,1129000.0,341000.0,272000.0,1686000.0,1347000.0,14.2,49.1
979,Sumatera Selatan,Perkotaan,Laki-laki,59.0,Diploma,PNS/ASN,Menikah,,6500000.0,4624000,,582000.0,244000.0,282000.0,,896000.0,,236000.0,271000.0,441000.0,170000.0,186000.0,0.0,1876000.0,28.9,
760,Bali,Perkotaan,Perempuan,47.0,SD,Buruh/Pekerja Harian,Menikah,2.0,1700000.0,1274000,196000.0,186000.0,106000.0,160000.0,85000.0,181000.0,40000.0,58000.0,38000.0,86000.0,30000.0,30000.0,0.0,426000.0,25.1,32.5
875,Sumatera Selatan,Perkotaan,Laki-laki,17.0,Pascasarjana (S2/S3),Buruh/Pekerja Harian,,3.0,,2802000,246000.0,362000.0,151000.0,184000.0,36000.0,,148000.0,93000.0,197000.0,291000.0,140000.0,141000.0,,448000.0,,77.3
110,Jawa Barat,Perkotaan,Perempuan,49.0,SMA/SMK,Karyawan Swasta,Belum Menikah,0.0,6200000.0,5092000,322000.0,408000.0,,375000.0,17000.0,963000.0,188000.0,305000.0,0.0,606000.0,204000.0,183000.0,0.0,1108000.0,17.9,55.2
1178,DKI Jakarta,Perkotaan,Perempuan,43.0,SMP,PNS/ASN,Menikah,1.0,10250000.0,8953000,689000.0,841000.0,329000.0,834000.0,312000.0,2104000.0,424000.0,650000.0,554000.0,880000.0,554000.0,257000.0,0.0,1297000.0,12.7,39.0
260,Jawa Timur,Perdesaan,Laki-laki,46.0,SD,Buruh/Pekerja Harian,Menikah,2.0,1200000.0,808000,126000.0,168000.0,84000.0,116000.0,55000.0,70000.0,21000.0,33000.0,41000.0,49000.0,27000.0,,77000.0,392000.0,,36.4
325,Jawa Barat,Perdesaan,Perempuan,30.0,SD,Wiraswasta,Cerai/Janda/Duda,2.0,2800000.0,1963000,250000.0,301000.0,135000.0,222000.0,3000.0,344000.0,95000.0,72000.0,128000.0,129000.0,,47000.0,0.0,837000.0,29.9,28.8
480,Jawa Tengah,Perdesaan,Perempuan,37.0,SMP,Wiraswasta,Cerai/Janda/Duda,0.0,3050000.0,2575000,251000.0,305000.0,123000.0,,79000.0,375000.0,115000.0,102000.0,0.0,163000.0,159000.0,97000.0,86000.0,475000.0,15.6,39.8
1108,Bali,Perkotaan,Laki-laki,33.0,SMP,Karyawan Swasta,Menikah,1.0,9650000.0,8123000,657000.0,,427000.0,536000.0,30000.0,1436000.0,341000.0,530000.0,419000.0,1018000.0,452000.0,175000.0,1086000.0,1527000.0,,47.0
837,Jawa Barat,Perkotaan,Laki-laki,37.0,SD,Wiraswasta,Menikah,0.0,3500000.0,2648000,260000.0,322000.0,,200000.0,125000.0,407000.0,75000.0,119000.0,0.0,263000.0,125000.0,93000.0,84000.0,852000.0,24.3,55.2
1324,DKI Jakarta,Perkotaan,Perempuan,52.0,SMA/SMK,Buruh/Pekerja Harian,Belum Menikah,0.0,1750000.0,1615000,188000.0,250000.0,97000.0,194000.0,56000.0,257000.0,53000.0,68000.0,0.0,,50000.0,58000.0,119000.0,185000.0,10.3,57.6
71,Jawa Tengah,Perdesaan,Perempuan,29.0,,Buruh/Pekerja Harian,Menikah,1.0,700000.0,471000,77000.0,73000.0,,,12000.0,49000.0,12000.0,20000.0,27000.0,35000.0,16000.0,7000.0,112000.0,229000.0,32.8,57.1
232,DKI Jakarta,Perdesaan,Laki-laki,17.0,SMA/SMK,Karyawan Swasta,Menikah,3.0,6100000.0,4094000,366000.0,432000.0,281000.0,328000.0,138000.0,764000.0,153000.0,,197000.0,356000.0,,79000.0,1178000.0,2006000.0,32.9,
291,Banten,Perkotaan,Laki-laki,43.0,SMA/SMK,Wiraswasta,Menikah,1.0,6350000.0,5352000,309000.0,449000.0,185000.0,299000.0,79000.0,1007000.0,217000.0,283000.0,459000.0,657000.0,254000.0,245000.0,0.0,998000.0,15.7,
1193,Jawa Barat,Perkotaan,Laki-laki,18.0,SMA/SMK,Pelajar/Mahasiswa,Menikah,2.0,,1077000,135000.0,226000.0,87000.0,128000.0,76000.0,145000.0,35000.0,,53000.0,57000.0,30000.0,17000.0,186000.0,173000.0,13.8,60.0
619,DKI Jakarta,Perkotaan,Laki-laki,25.0,SMP,Karyawan Swasta,Belum Menikah,0.0,4100000.0,2825000,294000.0,366000.0,233000.0,351000.0,126000.0,322000.0,137000.0,117000.0,0.0,189000.0,118000.0,131000.0,730000.0,1275000.0,31.1,41.5
298,Sumatera Utara,Perdesaan,Laki-laki,30.0,Pascasarjana (S2/S3),Karyawan Swasta,Belum Menikah,0.0,,2682000,265000.0,362000.0,131000.0,,46000.0,357000.0,101000.0,96000.0,0.0,293000.0,108000.0,73000.0,0.0,318000.0,10.6,70.9
1740,Banten,Perkotaan,Perempuan,50.0,SD,Wiraswasta,Belum Menikah,0.0,3200000.0,2296000,195000.0,294000.0,105000.0,,52000.0,295000.0,,158000.0,0.0,225000.0,83000.0,111000.0,212000.0,904000.0,28.2,67.8
1085,DKI Jakarta,Perdesaan,Laki-laki,39.0,Diploma,PNS/ASN,Belum Menikah,0.0,3800000.0,3220000,342000.0,452000.0,154000.0,303000.0,95000.0,475000.0,103000.0,179000.0,0.0,222000.0,135000.0,84000.0,0.0,580000.0,15.3,64.3
411,Jawa Tengah,Perdesaan,Laki-laki,44.0,Diploma,Buruh/Pekerja Harian,Menikah,2.0,3400000.0,2607000,292000.0,394000.0,177000.0,194000.0,129000.0,286000.0,122000.0,144000.0,203000.0,147000.0,112000.0,,0.0,793000.0,,59.3
1684,DKI Jakarta,Perkotaan,Perempuan,46.0,SMA/SMK,,Belum Menikah,0.0,7200000.0,6072000,688000.0,593000.0,254000.0,374000.0,149000.0,906000.0,318000.0,224000.0,0.0,416000.0,275000.0,,1206000.0,1128000.0,15.7,25.4
586,DI Yogyakarta,Perkotaan,Laki-laki,40.0,Tidak Sekolah,Karyawan Swasta,Belum Menikah,0.0,2100000.0,1381000,195000.0,197000.0,131000.0,216000.0,20000.0,,33000.0,73000.0,0.0,97000.0,33000.0,34000.0,0.0,,34.2,41.9
1179,Jawa Barat,Perdesaan,Laki-laki,18.0,SMA/SMK,Buruh/Pekerja Harian,Belum Menikah,0.0,1200000.0,792000,129000.0,140000.0,63000.0,112000.0,57000.0,87000.0,27000.0,27000.0,0.0,28000.0,18000.0,26000.0,236000.0,408000.0,34.0,46.9
1037,DKI Jakarta,Perkotaan,Laki-laki,28.0,SMA/SMK,Wiraswasta,Cerai/Janda/Duda,1.0,5150000.0,3644000,413000.0,396000.0,209000.0,320000.0,118000.0,724000.0,209000.0,132000.0,163000.0,389000.0,,132000.0,620000.0,1506000.0,,58.6
1839,Jawa Tengah,Perdesaan,Laki-laki,45.0,SMA/SMK,Pelajar/Mahasiswa,Menikah,4.0,1100000.0,927000,141000.0,186000.0,77000.0,104000.0,25000.0,89000.0,23000.0,32000.0,53000.0,46000.0,25000.0,34000.0,0.0,173000.0,15.7,42.0
904,Jawa Barat,Perdesaan,Laki-laki,23.0,SMP,Karyawan Swasta,Menikah,3.0,1650000.0,1428000,,192000.0,86000.0,196000.0,53000.0,191000.0,43000.0,50000.0,100000.0,84000.0,65000.0,48000.0,,222000.0,13.5,39.9
368,DKI Jakarta,Perdesaan,Laki-laki,17.0,SMA/SMK,Karyawan Swasta,Belum Menikah,0.0,2300000.0,1618000,211000.0,223000.0,129000.0,221000.0,11000.0,210000.0,,71000.0,0.0,98000.0,59000.0,51000.0,253000.0,682000.0,29.6,46.8
832,Sumatera Utara,Perkotaan,Perempuan,36.0,Sarjana (S1),Buruh/Pekerja Harian,Belum Menikah,0.0,4300000.0,3643000,320000.0,462000.0,188000.0,452000.0,157000.0,656000.0,205000.0,157000.0,0.0,402000.0,140000.0,,16000.0,657000.0,,78.5
248,Jawa Timur,Perkotaan,Laki-laki,30.0,SD,Karyawan Swasta,Cerai/Janda/Duda,1.0,2200000.0,1856000,214000.0,254000.0,101000.0,221000.0,17000.0,231000.0,74000.0,,76000.0,166000.0,84000.0,89000.0,0.0,344000.0,15.6,44.1
1914,Jawa Tengah,Perkotaan,Laki-laki,60.0,SMP,Karyawan Swasta,Menikah,2.0,1700000.0,1225000,190000.0,181000.0,108000.0,154000.0,,119000.0,37000.0,54000.0,66000.0,65000.0,35000.0,,,475000.0,27.9,56.4
1281,Jawa Timur,Perkotaan,Laki-laki,67.0,SMP,Tidak Bekerja,Menikah,2.0,950000.0,632000,112000.0,110000.0,59000.0,94000.0,,68000.0,14000.0,17000.0,25000.0,44000.0,17000.0,11000.0,,,33.4,
136,Banten,Perkotaan,Perempuan,22.0,SMA/SMK,Buruh/Pekerja Harian,,1.0,5700000.0,4941000,671000.0,688000.0,,477000.0,42000.0,764000.0,171000.0,306000.0,290000.0,426000.0,181000.0,,0.0,759000.0,13.3,67.9
1971,DKI Jakarta,Perdesaan,Perempuan,17.0,SMA/SMK,Wiraswasta,Menikah,3.0,7300000.0,6443000,659000.0,734000.0,384000.0,622000.0,65000.0,1092000.0,239000.0,447000.0,325000.0,714000.0,272000.0,330000.0,0.0,857000.0,11.7,44.7
241,Jawa Timur,Perkotaan,Perempuan,36.0,SMA/SMK,Karyawan Swasta,Belum Menikah,0.0,5200000.0,3426000,352000.0,413000.0,142000.0,353000.0,24000.0,525000.0,134000.0,163000.0,0.0,269000.0,160000.0,125000.0,58000.0,1774000.0,34.1,51.3
580,Sumatera Selatan,Perkotaan,Laki-laki,24.0,,Karyawan Swasta,Belum Menikah,0.0,4500000.0,3401000,309000.0,,188000.0,380000.0,90000.0,604000.0,185000.0,222000.0,0.0,298000.0,147000.0,94000.0,412000.0,1099000.0,24.4,48.3
1753,Jawa Barat,Perkotaan,Laki-laki,19.0,SMP,Karyawan Swasta,Menikah,1.0,3600000.0,2554000,281000.0,293000.0,,331000.0,117000.0,454000.0,98000.0,83000.0,85000.0,223000.0,127000.0,129000.0,0.0,1046000.0,29.0,
1718,Jawa Barat,Perdesaan,Laki-laki,24.0,SD,PNS/ASN,Menikah,1.0,2350000.0,1848000,252000.0,230000.0,,203000.0,98000.0,264000.0,53000.0,72000.0,105000.0,98000.0,,,0.0,502000.0,21.4,55.5
850,DKI Jakarta,Perdesaan,Perempuan,56.0,SMA/SMK,Tidak Bekerja,,4.0,650000.0,454000,73000.0,,39000.0,46000.0,16000.0,37000.0,15000.0,18000.0,25000.0,20000.0,13000.0,12000.0,82000.0,196000.0,,53.0
290,DKI Jakarta,Perdesaan,Laki-laki,49.0,SMA/SMK,Wiraswasta,Belum Menikah,0.0,6500000.0,4333000,,429000.0,196000.0,237000.0,10000.0,932000.0,241000.0,,0.0,418000.0,187000.0,236000.0,228000.0,2167000.0,33.3,69.0
307,Jawa Tengah,Perdesaan,Laki-laki,43.0,SD,Karyawan Swasta,Menikah,1.0,650000.0,450000,75000.0,95000.0,48000.0,64000.0,32000.0,41000.0,10000.0,8000.0,14000.0,26000.0,12000.0,13000.0,0.0,,,52.7
1654,Nusa Tenggara Barat,Perdesaan,Perempuan,31.0,SMA/SMK,Buruh/Pekerja Harian,Belum Menikah,0.0,1150000.0,871000,128000.0,,77000.0,139000.0,45000.0,113000.0,29000.0,26000.0,0.0,55000.0,25000.0,36000.0,36000.0,279000.0,24.3,61.6
842,Jawa Barat,Perdesaan,Laki-laki,51.0,SMA/SMK,Karyawan Swasta,Cerai/Janda/Duda,2.0,2250000.0,1928000,187000.0,303000.0,159000.0,228000.0,23000.0,259000.0,75000.0,94000.0,119000.0,159000.0,69000.0,94000.0,0.0,322000.0,14.3,41.1
940,Kalimantan Timur,Perdesaan,Perempuan,32.0,Diploma,PNS/ASN,Belum Menikah,0.0,4600000.0,3650000,327000.0,550000.0,,275000.0,188000.0,639000.0,151000.0,191000.0,0.0,228000.0,160000.0,72000.0,508000.0,950000.0,20.7,63.9
966,Jawa Tengah,Perkotaan,Perempuan,46.0,SD,Wiraswasta,Menikah,1.0,10950000.0,7812000,647000.0,867000.0,504000.0,516000.0,334000.0,1532000.0,455000.0,281000.0,399000.0,528000.0,,,0.0,,28.7,52.6
1103,DI Yogyakarta,Perkotaan,Laki-laki,26.0,Tidak Sekolah,Tidak Bekerja,Belum Menikah,0.0,500000.0,337000,48000.0,66000.0,21000.0,31000.0,10000.0,42000.0,10000.0,10000.0,0.0,21000.0,10000.0,14000.0,0.0,163000.0,32.7,52.9
343,DKI Jakarta,Perdesaan,Perempuan,17.0,SD,,Menikah,1.0,2000000.0,1367000,,197000.0,73000.0,119000.0,,252000.0,68000.0,48000.0,61000.0,89000.0,55000.0,23000.0,,633000.0,31.7,46.5
308,Sumatera Selatan,Perkotaan,Laki-laki,22.0,,PNS/ASN,Belum Menikah,0.0,4250000.0,2990000,215000.0,334000.0,134000.0,316000.0,25000.0,484000.0,130000.0,97000.0,0.0,353000.0,99000.0,184000.0,455000.0,,,
671,Jawa Tengah,Perkotaan,Perempuan,42.0,Diploma,,Menikah,2.0,7350000.0,5129000,452000.0,602000.0,248000.0,422000.0,117000.0,1036000.0,,238000.0,236000.0,445000.0,239000.0,259000.0,,2221000.0,,55.9
1304,Nusa Tenggara Barat,Perkotaan,Perempuan,36.0,Sarjana (S1),Wiraswasta,Menikah,2.0,13550000.0,12046000,802000.0,1039000.0,313000.0,870000.0,45000.0,2756000.0,633000.0,874000.0,1009000.0,1040000.0,677000.0,442000.0,2000000.0,1504000.0,11.1,69.5
675,Jawa Barat,Perkotaan,Perempuan,46.0,SMP,Tidak Bekerja,Belum Menikah,0.0,2150000.0,1959000,296000.0,379000.0,165000.0,198000.0,27000.0,218000.0,44000.0,85000.0,0.0,111000.0,79000.0,48000.0,0.0,191000.0,8.9,56.0
1492,DKI Jakarta,Perdesaan,Laki-laki,53.0,Diploma,Buruh/Pekerja Harian,Menikah,2.0,2050000.0,1866000,205000.0,211000.0,85000.0,162000.0,1000.0,263000.0,55000.0,54000.0,120000.0,196000.0,72000.0,91000.0,0.0,184000.0,9.0,49.9
1955,Kalimantan Timur,Perkotaan,Perempuan,31.0,Diploma,,Belum Menikah,0.0,13600000.0,9393000,,978000.0,357000.0,618000.0,347000.0,1499000.0,561000.0,,0.0,887000.0,567000.0,202000.0,0.0,4207000.0,30.9,65.0
410,Jawa Barat,Perkotaan,Laki-laki,42.0,SMP,Karyawan Swasta,Menikah,1.0,,6858000,412000.0,511000.0,322000.0,400000.0,193000.0,1281000.0,351000.0,416000.0,587000.0,616000.0,271000.0,333000.0,0.0,3542000.0,34.1,54.1
508,Kalimantan Timur,Perdesaan,Perempuan,39.0,SMA/SMK,Karyawan Swasta,Belum Menikah,0.0,2550000.0,1867000,213000.0,263000.0,97000.0,,73000.0,271000.0,70000.0,,0.0,176000.0,69000.0,72000.0,428000.0,683000.0,26.8,46.4
283,Jawa Tengah,Perkotaan,Perempuan,19.0,SMP,Wiraswasta,Belum Menikah,0.0,4100000.0,3291000,,486000.0,,413000.0,42000.0,413000.0,122000.0,212000.0,0.0,370000.0,175000.0,71000.0,347000.0,809000.0,19.7,44.4
1624,DKI Jakarta,Perkotaan,Perempuan,34.0,SMA/SMK,Buruh/Pekerja Harian,Belum Menikah,0.0,3100000.0,2370000,225000.0,,113000.0,280000.0,43000.0,338000.0,97000.0,98000.0,,222000.0,121000.0,45000.0,80000.0,730000.0,23.5,35.0
101,Sulawesi Selatan,Perkotaan,Laki-laki,56.0,SD,Buruh/Pekerja Harian,Belum Menikah,0.0,2700000.0,2355000,358000.0,390000.0,181000.0,219000.0,119000.0,259000.0,81000.0,75000.0,0.0,122000.0,88000.0,36000.0,171000.0,345000.0,12.8,44.7
1569,DI Yogyakarta,Perkotaan,Laki-laki,45.0,SMA/SMK,Pelajar/Mahasiswa,Menikah,3.0,2100000.0,1570000,,209000.0,132000.0,219000.0,68000.0,229000.0,73000.0,73000.0,42000.0,124000.0,66000.0,40000.0,,580000.0,27.0,67.0
1068,Sulawesi Selatan,Perkotaan,Laki-laki,30.0,SMA/SMK,Tidak Bekerja,Belum Menikah,0.0,700000.0,567000,103000.0,115000.0,50000.0,71000.0,28000.0,60000.0,12000.0,19000.0,,20000.0,17000.0,9000.0,0.0,133000.0,19.0,62.0
1940,Sulawesi Selatan,Perkotaan,Perempuan,26.0,SMA/SMK,Karyawan Swasta,Menikah,2.0,4150000.0,3146000,300000.0,343000.0,215000.0,282000.0,89000.0,522000.0,146000.0,,209000.0,236000.0,144000.0,,359000.0,1004000.0,24.2,34.6
1506,Sumatera Selatan,Perkotaan,Laki-laki,60.0,SMA/SMK,,Cerai/Janda/Duda,0.0,4650000.0,4248000,451000.0,525000.0,261000.0,526000.0,175000.0,556000.0,223000.0,269000.0,0.0,417000.0,204000.0,150000.0,686000.0,402000.0,8.7,42.3
924,DI Yogyakarta,Perkotaan,Perempuan,50.0,SMP,Wiraswasta,Menikah,2.0,6250000.0,4458000,475000.0,505000.0,218000.0,277000.0,102000.0,643000.0,204000.0,225000.0,349000.0,341000.0,261000.0,151000.0,0.0,1792000.0,28.7,38.8
1445,DI Yogyakarta,Perdesaan,Perempuan,27.0,SMA/SMK,Pelajar/Mahasiswa,Belum Menikah,0.0,700000.0,515000,83000.0,85000.0,36000.0,75000.0,,48000.0,15000.0,,0.0,,12000.0,12000.0,58000.0,185000.0,26.5,38.6
369,Banten,Perkotaan,Perempuan,26.0,Sarjana (S1),PNS/ASN,Menikah,3.0,14400000.0,12086000,771000.0,941000.0,416000.0,871000.0,93000.0,1746000.0,748000.0,541000.0,,1079000.0,602000.0,552000.0,0.0,2314000.0,16.1,55.5
1387,Jawa Timur,Perkotaan,Laki-laki,42.0,SMA/SMK,Wiraswasta,Menikah,3.0,9500000.0,6947000,453000.0,519000.0,195000.0,340000.0,187000.0,1414000.0,337000.0,464000.0,,680000.0,368000.0,173000.0,677000.0,,26.9,
169,Kalimantan Timur,Perdesaan,Laki-laki,40.0,SMA/SMK,Pelajar/Mahasiswa,Menikah,2.0,500000.0,453000,,106000.0,,83000.0,,33000.0,11000.0,14000.0,13000.0,16000.0,12000.0,14000.0,0.0,47000.0,9.3,49.2
1828,Jawa Barat,Perdesaan,Perempuan,41.0,SD,Buruh/Pekerja Harian,Menikah,1.0,1250000.0,1094000,137000.0,223000.0,109000.0,171000.0,21000.0,,32000.0,,36000.0,81000.0,23000.0,34000.0,162000.0,156000.0,12.5,21.6
234,Sumatera Selatan,Perdesaan,Laki-laki,42.0,Sarjana (S1),Karyawan Swasta,Belum Menikah,0.0,,5466000,561000.0,482000.0,211000.0,288000.0,129000.0,1213000.0,297000.0,384000.0,0.0,362000.0,275000.0,222000.0,0.0,2884000.0,34.5,78.9
1629,Banten,Perkotaan,Perempuan,46.0,SMA/SMK,Wiraswasta,Menikah,1.0,4700000.0,3814000,354000.0,497000.0,285000.0,337000.0,99000.0,576000.0,171000.0,236000.0,142000.0,,150000.0,107000.0,8000.0,886000.0,,62.0
1672,Jawa Tengah,Perdesaan,Laki-laki,45.0,SMA/SMK,PNS/ASN,Menikah,1.0,2050000.0,1671000,280000.0,268000.0,125000.0,244000.0,66000.0,203000.0,57000.0,66000.0,92000.0,,71000.0,70000.0,0.0,379000.0,18.5,44.2
1264,Bali,Perdesaan,Perempuan,35.0,SD,Karyawan Swasta,Belum Menikah,0.0,,917000,121000.0,195000.0,69000.0,164000.0,26000.0,79000.0,16000.0,38000.0,0.0,51000.0,23000.0,12000.0,65000.0,233000.0,20.3,40.9
1651,Sumatera Selatan,Perkotaan,Perempuan,54.0,Sarjana (S1),PNS/ASN,Menikah,3.0,6600000.0,5521000,378000.0,545000.0,302000.0,410000.0,194000.0,1192000.0,342000.0,217000.0,273000.0,378000.0,364000.0,171000.0,0.0,1079000.0,16.3,64.3
591,DKI Jakarta,Perkotaan,Perempuan,31.0,SMA/SMK,PNS/ASN,Menikah,1.0,9150000.0,8366000,577000.0,775000.0,333000.0,521000.0,127000.0,1802000.0,534000.0,358000.0,582000.0,914000.0,425000.0,337000.0,0.0,784000.0,8.6,27.4
1404,Sumatera Utara,Perkotaan,Perempuan,28.0,SMA/SMK,Wiraswasta,Belum Menikah,0.0,8750000.0,6320000,,617000.0,245000.0,,196000.0,1084000.0,400000.0,,0.0,,348000.0,176000.0,1471000.0,,27.8,
536,Jawa Timur,Perkotaan,Perempuan,34.0,Diploma,Wiraswasta,Belum Menikah,0.0,13050000.0,10485000,822000.0,955000.0,480000.0,823000.0,329000.0,1973000.0,593000.0,797000.0,0.0,1284000.0,755000.0,234000.0,0.0,2565000.0,19.7,68.9
1338,Sumatera Utara,Perdesaan,Laki-laki,30.0,SD,Tidak Bekerja,Menikah,2.0,700000.0,579000,82000.0,107000.0,34000.0,79000.0,22000.0,81000.0,21000.0,28000.0,,35000.0,14000.0,18000.0,10000.0,121000.0,,39.3
495,Jawa Tengah,Perkotaan,Perempuan,37.0,SD,Buruh/Pekerja Harian,Menikah,,1950000.0,1539000,236000.0,270000.0,125000.0,145000.0,84000.0,238000.0,40000.0,59000.0,53000.0,123000.0,60000.0,28000.0,71000.0,411000.0,21.1,42.2
112,Jawa Barat,Perdesaan,Perempuan,32.0,,Wiraswasta,Menikah,3.0,2850000.0,2581000,423000.0,427000.0,237000.0,324000.0,87000.0,258000.0,89000.0,71000.0,93000.0,208000.0,68000.0,39000.0,0.0,269000.0,9.4,36.7
304,DI Yogyakarta,Perkotaan,Perempuan,47.0,SD,PNS/ASN,Belum Menikah,0.0,2550000.0,2272000,282000.0,399000.0,137000.0,268000.0,110000.0,296000.0,80000.0,,0.0,136000.0,55000.0,79000.0,361000.0,278000.0,10.9,55.3
97,Jawa Timur,Perkotaan,Laki-laki,38.0,Sarjana (S1),Karyawan Swasta,Menikah,1.0,12350000.0,8947000,950000.0,1137000.0,370000.0,725000.0,389000.0,1538000.0,526000.0,515000.0,494000.0,726000.0,340000.0,470000.0,0.0,3403000.0,27.6,44.1
1026,Sulawesi Selatan,Perdesaan,Perempuan,17.0,SMA/SMK,Wiraswasta,Menikah,0.0,2400000.0,2074000,233000.0,317000.0,117000.0,181000.0,29000.0,326000.0,101000.0,91000.0,0.0,154000.0,110000.0,43000.0,0.0,326000.0,13.6,49.9
944,Jawa Tengah,Perkotaan,Perempuan,17.0,SD,Wiraswasta,Menikah,1.0,4450000.0,3695000,427000.0,529000.0,,428000.0,0.0,607000.0,132000.0,123000.0,224000.0,379000.0,153000.0,167000.0,0.0,755000.0,17.0,65.1
841,Jawa Timur,Perdesaan,Perempuan,46.0,SD,Karyawan Swasta,Belum Menikah,0.0,2250000.0,1559000,203000.0,193000.0,125000.0,168000.0,20000.0,235000.0,52000.0,102000.0,0.0,,44000.0,82000.0,37000.0,691000.0,30.7,53.7
276,Jawa Tengah,Perdesaan,Laki-laki,55.0,SMA/SMK,Wiraswasta,Menikah,3.0,5850000.0,5276000,465000.0,630000.0,198000.0,352000.0,114000.0,1103000.0,,383000.0,327000.0,496000.0,,287000.0,0.0,574000.0,9.8,38.5
1129,Bali,Perkotaan,Laki-laki,20.0,SMA/SMK,Karyawan Swasta,Belum Menikah,0.0,4000000.0,3338000,373000.0,427000.0,148000.0,304000.0,5000.0,504000.0,184000.0,167000.0,0.0,235000.0,147000.0,90000.0,0.0,662000.0,16.5,31.5
212,Jawa Barat,Perkotaan,Perempuan,33.0,SMA/SMK,PNS/ASN,Menikah,4.0,,6756000,504000.0,767000.0,254000.0,578000.0,214000.0,1006000.0,400000.0,226000.0,583000.0,634000.0,264000.0,171000.0,121000.0,1544000.0,18.6,44.4
300,Jawa Tengah,Perkotaan,Laki-laki,27.0,SMA/SMK,Wiraswasta,Belum Menikah,0.0,,5312000,287000.0,459000.0,222000.0,364000.0,119000.0,1179000.0,290000.0,373000.0,0.0,408000.0,318000.0,332000.0,551000.0,2388000.0,31.0,37.3
1819,Jawa Barat,Perdesaan,Perempuan,38.0,Diploma,Buruh/Pekerja Harian,Menikah,3.0,1800000.0,1454000,201000.0,190000.0,80000.0,123000.0,17000.0,161000.0,68000.0,80000.0,49000.0,127000.0,61000.0,37000.0,0.0,346000.0,19.2,67.8
1035,Jawa Barat,Perdesaan,Perempuan,17.0,Sarjana (S1),Buruh/Pekerja Harian,Belum Menikah,0.0,2250000.0,1913000,299000.0,282000.0,186000.0,179000.0,75000.0,262000.0,62000.0,73000.0,0.0,166000.0,72000.0,57000.0,0.0,337000.0,15.0,61.5
809,Sumatera Utara,Perdesaan,Perempuan,52.0,SMA/SMK,Wiraswasta,Menikah,0.0,,1790000,190000.0,297000.0,132000.0,193000.0,85000.0,246000.0,72000.0,46000.0,,125000.0,52000.0,72000.0,0.0,460000.0,20.5,49.0
234,Sumatera Selatan,Perdesaan,Laki-laki,42.0,Sarjana (S1),Karyawan Swasta,Belum Menikah,0.0,8350000.0,5466000,561000.0,482000.0,211000.0,288000.0,129000.0,,297000.0,384000.0,0.0,362000.0,275000.0,,0.0,2884000.0,34.5,78.9
1568,Sumatera Selatan,Perdesaan,Laki-laki,39.0,SMA/SMK,Karyawan Swasta,Cerai/Janda/Duda,3.0,1950000.0,1497000,177000.0,,80000.0,230000.0,39000.0,246000.0,63000.0,51000.0,52000.0,145000.0,64000.0,34000.0,0.0,453000.0,23.2,70.0
922,Jawa Barat,Perkotaan,Laki-laki,31.0,SD,PNS/ASN,,3.0,2800000.0,2394000,370000.0,456000.0,216000.0,279000.0,130000.0,296000.0,69000.0,76000.0,78000.0,123000.0,64000.0,37000.0,521000.0,406000.0,14.5,26.4
451,Kalimantan Timur,Perkotaan,Laki-laki,32.0,Sarjana (S1),Karyawan Swasta,Belum Menikah,0.0,12950000.0,8768000,783000.0,789000.0,385000.0,464000.0,98000.0,1879000.0,341000.0,565000.0,0.0,1136000.0,498000.0,514000.0,0.0,,32.3,75.0
441,DKI Jakarta,Perkotaan,Laki-laki,,SMA/SMK,Karyawan Swasta,Menikah,1.0,9450000.0,6273000,470000.0,420000.0,249000.0,255000.0,21000.0,1294000.0,343000.0,546000.0,677000.0,833000.0,375000.0,290000.0,0.0,3177000.0,33.6,59.3
68,Jawa Timur,Perkotaan,Laki-laki,17.0,Sarjana (S1),PNS/ASN,Belum Menikah,0.0,4750000.0,4028000,510000.0,463000.0,246000.0,410000.0,4000.0,522000.0,192000.0,130000.0,,335000.0,133000.0,67000.0,0.0,722000.0,15.2,48.1
30,Jawa Barat,Perdesaan,Laki-laki,24.0,SMA/SMK,Buruh/Pekerja Harian,Menikah,1.0,2700000.0,1887000,241000.0,285000.0,134000.0,,58000.0,238000.0,67000.0,63000.0,141000.0,158000.0,70000.0,62000.0,81000.0,763000.0,28.8,47.3
977,Jawa Timur,Perdesaan,Perempuan,25.0,SD,Wiraswasta,Cerai/Janda/Duda,1.0,,1843000,272000.0,322000.0,175000.0,156000.0,24000.0,187000.0,78000.0,49000.0,,123000.0,61000.0,72000.0,291000.0,857000.0,31.8,41.6
351,Banten,Perdesaan,Perempuan,29.0,SMA/SMK,Wiraswasta,Belum Menikah,0.0,5750000.0,4765000,522000.0,651000.0,293000.0,322000.0,28000.0,797000.0,175000.0,153000.0,0.0,393000.0,214000.0,146000.0,,985000.0,17.1,66.8
1461,Jawa Barat,Perdesaan,Laki-laki,30.0,Diploma,Tidak Bekerja,Menikah,2.0,500000.0,369000,71000.0,81000.0,30000.0,54000.0,7000.0,36000.0,11000.0,,18000.0,21000.0,13000.0,4000.0,79000.0,131000.0,26.1,53.1
1652,Jawa Tengah,Perdesaan,Perempuan,31.0,Diploma,Wiraswasta,Menikah,4.0,3250000.0,2416000,260000.0,301000.0,105000.0,259000.0,51000.0,290000.0,102000.0,125000.0,82000.0,166000.0,144000.0,132000.0,0.0,834000.0,25.7,62.6
317,Jawa Barat,Perdesaan,Perempuan,32.0,SMP,,Belum Menikah,0.0,850000.0,709000,107000.0,138000.0,64000.0,63000.0,43000.0,101000.0,22000.0,28000.0,0.0,61000.0,24000.0,29000.0,0.0,141000.0,16.6,36.6
1425,Jawa Barat,Perkotaan,Laki-laki,35.0,Tidak Sekolah,Wiraswasta,Menikah,3.0,3250000.0,2311000,277000.0,308000.0,152000.0,255000.0,,286000.0,104000.0,127000.0,130000.0,155000.0,86000.0,45000.0,565000.0,939000.0,28.9,27.2
1180,Jawa Tengah,Perkotaan,Laki-laki,25.0,SMA/SMK,Wiraswasta,Menikah,0.0,4750000.0,3672000,448000.0,474000.0,270000.0,351000.0,54000.0,537000.0,161000.0,185000.0,0.0,358000.0,130000.0,161000.0,643000.0,1078000.0,22.7,79.5
1832,Jawa Barat,Perdesaan,Laki-laki,52.0,SMA/SMK,Karyawan Swasta,Belum Menikah,0.0,2750000.0,2331000,290000.0,430000.0,139000.0,215000.0,131000.0,248000.0,89000.0,53000.0,0.0,115000.0,84000.0,45000.0,0.0,419000.0,15.2,39.8
483,DKI Jakarta,Perdesaan,Perempuan,31.0,SMA/SMK,Wiraswasta,Menikah,2.0,7850000.0,6704000,462000.0,651000.0,228000.0,475000.0,213000.0,1444000.0,451000.0,520000.0,415000.0,,279000.0,325000.0,0.0,1146000.0,14.6,55.0
30,Jawa Barat,Perdesaan,Laki-laki,24.0,SMA/SMK,Buruh/Pekerja Harian,Menikah,1.0,2650000.0,1887000,241000.0,285000.0,134000.0,,58000.0,238000.0,67000.0,63000.0,141000.0,158000.0,70000.0,62000.0,81000.0,763000.0,,47.3
129,DKI Jakarta,Perkotaan,Perempuan,,SD,Tidak Bekerja,Menikah,2.0,1350000.0,868000,160000.0,155000.0,79000.0,163000.0,31000.0,93000.0,21000.0,19000.0,19000.0,36000.0,18000.0,9000.0,0.0,432000.0,33.2,65.8
1874,DI Yogyakarta,Perkotaan,Perempuan,17.0,SD,Karyawan Swasta,Cerai/Janda/Duda,0.0,2500000.0,1975000,211000.0,258000.0,103000.0,189000.0,111000.0,252000.0,86000.0,62000.0,0.0,104000.0,76000.0,85000.0,273000.0,525000.0,21.0,39.0
1573,Jawa Tengah,Perkotaan,Perempuan,32.0,Sarjana (S1),Tidak Bekerja,Menikah,2.0,750000.0,627000,115000.0,135000.0,70000.0,108000.0,7000.0,71000.0,21000.0,25000.0,,34000.0,19000.0,7000.0,71000.0,123000.0,16.4,89.2
1548,Bali,Perdesaan,Perempuan,17.0,SMA/SMK,Tidak Bekerja,Menikah,,500000.0,448000,52000.0,71000.0,35000.0,39000.0,28000.0,48000.0,10000.0,23000.0,16000.0,37000.0,14000.0,15000.0,,52000.0,10.3,59.3
1556,Jawa Tengah,Perkotaan,Perempuan,17.0,SD,Pelajar/Mahasiswa,Menikah,,850000.0,610000,102000.0,104000.0,49000.0,99000.0,4000.0,73000.0,20000.0,20000.0,33000.0,49000.0,18000.0,16000.0,,240000.0,28.2,30.1
788,DKI Jakarta,Perkotaan,Perempuan,35.0,SMA/SMK,Wiraswasta,Menikah,2.0,12600000.0,10867000,,1200000.0,551000.0,1201000.0,14000.0,1530000.0,621000.0,618000.0,474000.0,795000.0,608000.0,,0.0,1733000.0,13.8,72.2
1346,Jawa Tengah,Perkotaan,Laki-laki,17.0,SMA/SMK,Pelajar/Mahasiswa,Cerai/Janda/Duda,2.0,1000000.0,666000,116000.0,149000.0,72000.0,99000.0,41000.0,81000.0,14000.0,25000.0,18000.0,,13000.0,10000.0,,334000.0,33.4,65.8
1762,Jawa Tengah,Perkotaan,Perempuan,27.0,Sarjana (S1),PNS/ASN,,0.0,6550000.0,4793000,410000.0,400000.0,200000.0,368000.0,36000.0,804000.0,229000.0,323000.0,0.0,614000.0,261000.0,133000.0,0.0,1757000.0,26.8,80.8
1667,Sumatera Utara,Perdesaan,Laki-laki,34.0,Diploma,Buruh/Pekerja Harian,Menikah,4.0,1700000.0,1299000,132000.0,167000.0,98000.0,94000.0,66000.0,200000.0,49000.0,,42000.0,130000.0,58000.0,36000.0,0.0,401000.0,23.6,45.7
1194,Jawa Barat,Perkotaan,Perempuan,33.0,Sarjana (S1),Pelajar/Mahasiswa,Menikah,1.0,2650000.0,2039000,,273000.0,160000.0,193000.0,67000.0,309000.0,61000.0,76000.0,141000.0,172000.0,77000.0,44000.0,0.0,611000.0,23.1,55.1
695,Jawa Timur,Perkotaan,Laki-laki,33.0,SMA/SMK,Karyawan Swasta,Menikah,1.0,7050000.0,6069000,553000.0,570000.0,311000.0,581000.0,150000.0,905000.0,342000.0,,559000.0,618000.0,282000.0,,,981000.0,13.9,66.8
930,Jawa Tengah,Perkotaan,Laki-laki,17.0,Diploma,,Menikah,0.0,2600000.0,2327000,363000.0,414000.0,174000.0,247000.0,,294000.0,86000.0,67000.0,,177000.0,78000.0,78000.0,0.0,273000.0,10.5,65.9
189,DI Yogyakarta,Perkotaan,Laki-laki,52.0,Diploma,Wiraswasta,Belum Menikah,0.0,7350000.0,4951000,391000.0,479000.0,,314000.0,189000.0,1134000.0,224000.0,175000.0,0.0,390000.0,230000.0,319000.0,0.0,2399000.0,32.6,57.9
135,Banten,Perdesaan,Perempuan,39.0,SMP,Pelajar/Mahasiswa,Cerai/Janda/Duda,1.0,500000.0,422000,,72000.0,39000.0,71000.0,23000.0,36000.0,13000.0,9000.0,14000.0,23000.0,12000.0,,0.0,,15.7,44.5
129,DKI Jakarta,Perkotaan,Perempuan,34.0,SD,,Menikah,2.0,1300000.0,868000,,155000.0,79000.0,163000.0,31000.0,93000.0,21000.0,,19000.0,36000.0,18000.0,9000.0,0.0,432000.0,33.2,65.8
756,Jawa Barat,Perkotaan,Laki-laki,44.0,SMA/SMK,PNS/ASN,Menikah,2.0,5650000.0,4056000,300000.0,406000.0,232000.0,369000.0,105000.0,860000.0,168000.0,294000.0,236000.0,368000.0,184000.0,97000.0,157000.0,1594000.0,28.2,56.3
1605,Jawa Tengah,Perdesaan,Perempuan,37.0,Sarjana (S1),Buruh/Pekerja Harian,Cerai/Janda/Duda,,2750000.0,1917000,255000.0,270000.0,117000.0,197000.0,87000.0,355000.0,91000.0,108000.0,,138000.0,77000.0,96000.0,376000.0,833000.0,30.3,67.4
325,Jawa Barat,Perdesaan,Perempuan,30.0,SD,Wiraswasta,Cerai/Janda/Duda,2.0,,1963000,250000.0,301000.0,135000.0,,3000.0,344000.0,95000.0,72000.0,128000.0,129000.0,55000.0,47000.0,0.0,837000.0,29.9,28.8
544,Jawa Barat,Perkotaan,Perempuan,54.0,Sarjana (S1),Buruh/Pekerja Harian,Belum Menikah,0.0,2200000.0,1549000,148000.0,234000.0,84000.0,135000.0,81000.0,218000.0,43000.0,59000.0,0.0,95000.0,47000.0,30000.0,,651000.0,29.6,81.6
1011,Banten,Perdesaan,Laki-laki,30.0,SMA/SMK,PNS/ASN,Menikah,2.0,,2258000,266000.0,377000.0,,228000.0,14000.0,246000.0,68000.0,70000.0,63000.0,123000.0,83000.0,56000.0,306000.0,592000.0,,33.4
1299,Jawa Timur,Perdesaan,Perempuan,25.0,SMA/SMK,Wiraswasta,Belum Menikah,0.0,6900000.0,5536000,,543000.0,293000.0,542000.0,243000.0,1161000.0,325000.0,235000.0,0.0,642000.0,204000.0,153000.0,0.0,1364000.0,19.8,47.8
185,Jawa Tengah,Perkotaan,Laki-laki,26.0,SD,Karyawan Swasta,Menikah,4.0,3150000.0,2149000,219000.0,249000.0,113000.0,212000.0,75000.0,276000.0,,153000.0,94000.0,135000.0,76000.0,42000.0,0.0,1001000.0,31.8,37.8
52,DI Yogyakarta,Perkotaan,Perempuan,28.0,Diploma,Karyawan Swasta,Cerai/Janda/Duda,3.0,3100000.0,2075000,185000.0,,125000.0,255000.0,79000.0,363000.0,83000.0,86000.0,102000.0,232000.0,61000.0,106000.0,272000.0,,33.1,69.5
197,Jawa Tengah,Perdesaan,Perempuan,39.0,Diploma,Wiraswasta,Belum Menikah,0.0,3950000.0,3232000,367000.0,422000.0,201000.0,283000.0,88000.0,418000.0,164000.0,115000.0,0.0,198000.0,131000.0,139000.0,,718000.0,18.2,63.0
1274,Banten,Perdesaan,Laki-laki,36.0,SD,Karyawan Swasta,Cerai/Janda/Duda,2.0,2200000.0,1857000,205000.0,273000.0,130000.0,185000.0,42000.0,193000.0,55000.0,67000.0,118000.0,108000.0,61000.0,,263000.0,293000.0,13.6,46.6
1612,Jawa Tengah,Perdesaan,Perempuan,43.0,Diploma,Karyawan Swasta,Menikah,2.0,3750000.0,3100000,307000.0,385000.0,128000.0,,83000.0,508000.0,171000.0,133000.0,257000.0,260000.0,157000.0,67000.0,0.0,650000.0,17.3,55.8
1897,Jawa Tengah,Perdesaan,Perempuan,24.0,SMA/SMK,,Menikah,2.0,4400000.0,4034000,394000.0,459000.0,230000.0,387000.0,17000.0,752000.0,167000.0,185000.0,272000.0,416000.0,233000.0,99000.0,0.0,366000.0,8.3,66.6
1804,Kalimantan Timur,Perkotaan,Laki-laki,18.0,Diploma,Buruh/Pekerja Harian,Belum Menikah,0.0,,2782000,322000.0,456000.0,164000.0,,12000.0,326000.0,137000.0,165000.0,0.0,225000.0,98000.0,90000.0,129000.0,,8.8,81.5
240,DKI Jakarta,Perkotaan,Perempuan,36.0,Sarjana (S1),Buruh/Pekerja Harian,Menikah,1.0,5300000.0,4527000,459000.0,465000.0,183000.0,299000.0,89000.0,925000.0,223000.0,289000.0,263000.0,371000.0,151000.0,249000.0,,773000.0,14.6,60.6
388,Jawa Barat,Perdesaan,Perempuan,29.0,SMA/SMK,Wiraswasta,Belum Menikah,0.0,3100000.0,2582000,,345000.0,186000.0,168000.0,2000.0,,98000.0,103000.0,0.0,202000.0,96000.0,100000.0,0.0,518000.0,16.7,48.8
1862,DI Yogyakarta,Perkotaan,Laki-laki,24.0,SMP,Buruh/Pekerja Harian,Belum Menikah,0.0,3750000.0,2558000,228000.0,265000.0,145000.0,281000.0,1000.0,539000.0,115000.0,155000.0,0.0,297000.0,126000.0,59000.0,0.0,1192000.0,31.8,33.1
1488,Bali,Perkotaan,Perempuan,33.0,SD,Karyawan Swasta,Menikah,3.0,4400000.0,3057000,349000.0,422000.0,126000.0,282000.0,38000.0,600000.0,124000.0,185000.0,192000.0,285000.0,172000.0,116000.0,320000.0,1343000.0,30.5,57.1
1272,Jawa Barat,Perkotaan,Laki-laki,29.0,Sarjana (S1),PNS/ASN,Belum Menikah,0.0,5950000.0,4458000,561000.0,600000.0,347000.0,600000.0,199000.0,769000.0,130000.0,270000.0,0.0,382000.0,220000.0,183000.0,0.0,1492000.0,25.1,79.3
255,Jawa Timur,Perkotaan,Laki-laki,42.0,Sarjana (S1),Tidak Bekerja,Menikah,0.0,2000000.0,1757000,271000.0,292000.0,115000.0,268000.0,85000.0,273000.0,45000.0,52000.0,0.0,95000.0,,34000.0,0.0,243000.0,12.2,64.6
1519,Nusa Tenggara Barat,Perkotaan,Laki-laki,25.0,SD,Wiraswasta,Menikah,0.0,3450000.0,2736000,253000.0,,126000.0,210000.0,21000.0,353000.0,152000.0,113000.0,,279000.0,116000.0,121000.0,583000.0,714000.0,20.7,20.1
1002,Jawa Tengah,Perdesaan,Laki-laki,23.0,Tidak Sekolah,Pelajar/Mahasiswa,Belum Menikah,0.0,500000.0,436000,59000.0,89000.0,37000.0,54000.0,21000.0,43000.0,11000.0,,0.0,22000.0,10000.0,15000.0,50000.0,64000.0,12.8,44.3
1724,Jawa Tengah,Perkotaan,Laki-laki,70.0,SD,Buruh/Pekerja Harian,Belum Menikah,0.0,2350000.0,1888000,253000.0,219000.0,106000.0,136000.0,,223000.0,76000.0,103000.0,,120000.0,90000.0,35000.0,0.0,462000.0,19.7,56.1
1531,Jawa Barat,Perkotaan,Perempuan,39.0,Sarjana (S1),Wiraswasta,Belum Menikah,0.0,11250000.0,9520000,824000.0,912000.0,,629000.0,377000.0,1818000.0,399000.0,,0.0,1060000.0,527000.0,444000.0,1359000.0,1730000.0,,76.3
1630,Jawa Barat,Perdesaan,Perempuan,27.0,SMP,Karyawan Swasta,Belum Menikah,0.0,1650000.0,1416000,160000.0,269000.0,85000.0,198000.0,14000.0,130000.0,54000.0,51000.0,0.0,99000.0,44000.0,21000.0,271000.0,234000.0,14.2,
638,Jawa Barat,Perkotaan,Laki-laki,17.0,SMA/SMK,Pelajar/Mahasiswa,Belum Menikah,0.0,1700000.0,1303000,177000.0,244000.0,124000.0,134000.0,17000.0,160000.0,55000.0,42000.0,0.0,96000.0,50000.0,49000.0,137000.0,397000.0,23.4,64.6
1320,Sumatera Utara,Perkotaan,Laki-laki,,SMA/SMK,Buruh/Pekerja Harian,Menikah,4.0,2250000.0,1776000,196000.0,241000.0,95000.0,255000.0,105000.0,186000.0,52000.0,48000.0,118000.0,168000.0,54000.0,44000.0,0.0,474000.0,21.1,51.7
799,Sulawesi Selatan,Perdesaan,Perempuan,,SMA/SMK,PNS/ASN,Menikah,2.0,2800000.0,1897000,218000.0,270000.0,,236000.0,97000.0,255000.0,69000.0,85000.0,73000.0,,57000.0,70000.0,,903000.0,32.3,53.1
1778,Jawa Timur,Perkotaan,Perempuan,30.0,SMA/SMK,Wiraswasta,Belum Menikah,0.0,5450000.0,4933000,513000.0,568000.0,225000.0,629000.0,196000.0,945000.0,238000.0,207000.0,0.0,314000.0,270000.0,180000.0,0.0,517000.0,9.5,63.2
528,DKI Jakarta,Perkotaan,Laki-laki,26.0,SMA/SMK,Wiraswasta,Menikah,2.0,,5535000,502000.0,466000.0,180000.0,511000.0,111000.0,1059000.0,336000.0,272000.0,,743000.0,315000.0,154000.0,0.0,565000.0,9.3,53.1
1784,Banten,Perdesaan,Perempuan,53.0,SD,Wiraswasta,Menikah,3.0,1300000.0,1011000,150000.0,225000.0,72000.0,101000.0,11000.0,78000.0,27000.0,33000.0,33000.0,42000.0,20000.0,22000.0,79000.0,289000.0,22.2,39.9
1023,Banten,Perkotaan,Laki-laki,17.0,SMP,Karyawan Swasta,Menikah,3.0,5300000.0,3782000,453000.0,585000.0,231000.0,505000.0,189000.0,472000.0,,128000.0,142000.0,389000.0,197000.0,69000.0,598000.0,1518000.0,28.6,63.8
1395,Sumatera Utara,Perkotaan,Perempuan,23.0,SMA/SMK,Wiraswasta,Cerai/Janda/Duda,1.0,2950000.0,2121000,290000.0,363000.0,152000.0,359000.0,105000.0,248000.0,80000.0,75000.0,47000.0,141000.0,,90000.0,0.0,829000.0,28.1,46.5
481,Banten,Perkotaan,Perempuan,31.0,Sarjana (S1),Karyawan Swasta,Menikah,4.0,8700000.0,7902000,708000.0,787000.0,348000.0,680000.0,288000.0,1086000.0,405000.0,355000.0,411000.0,811000.0,358000.0,424000.0,0.0,798000.0,9.2,76.4
975,Jawa Tengah,Perdesaan,Perempuan,39.0,Diploma,Tidak Bekerja,Menikah,2.0,1150000.0,922000,168000.0,166000.0,68000.0,127000.0,,94000.0,,32000.0,46000.0,40000.0,32000.0,25000.0,0.0,228000.0,19.8,63.3
965,DI Yogyakarta,Perkotaan,Laki-laki,29.0,SMA/SMK,Tidak Bekerja,Menikah,3.0,1000000.0,828000,131000.0,145000.0,,91000.0,,117000.0,29000.0,18000.0,30000.0,66000.0,18000.0,11000.0,0.0,172000.0,17.2,91.1
465,Jawa Barat,Perkotaan,Perempuan,43.0,Tidak Sekolah,,Menikah,1.0,2500000.0,2007000,225000.0,,142000.0,193000.0,103000.0,242000.0,51000.0,78000.0,55000.0,104000.0,57000.0,83000.0,413000.0,493000.0,19.7,30.0
803,Jawa Barat,Perkotaan,Perempuan,53.0,SMA/SMK,Karyawan Swasta,Menikah,,8050000.0,6291000,383000.0,454000.0,270000.0,393000.0,44000.0,1131000.0,,502000.0,,670000.0,,259000.0,0.0,1759000.0,21.9,76.5
1222,Jawa Barat,Perdesaan,Laki-laki,48.0,SMA/SMK,Buruh/Pekerja Harian,Menikah,0.0,1750000.0,1523000,202000.0,272000.0,136000.0,175000.0,30000.0,213000.0,61000.0,62000.0,0.0,134000.0,43000.0,39000.0,86000.0,227000.0,13.0,50.4
1656,Bali,Perdesaan,Perempuan,46.0,Diploma,Karyawan Swasta,Menikah,1.0,1550000.0,1137000,161000.0,184000.0,80000.0,141000.0,67000.0,149000.0,,50000.0,82000.0,78000.0,57000.0,29000.0,0.0,413000.0,26.6,
1913,DKI Jakarta,Perkotaan,Laki-laki,30.0,SMA/SMK,Wiraswasta,Menikah,1.0,13350000.0,9552000,,762000.0,450000.0,552000.0,217000.0,2335000.0,548000.0,457000.0,908000.0,691000.0,429000.0,390000.0,0.0,3798000.0,28.5,71.7
953,Jawa Barat,Perkotaan,Laki-laki,34.0,Sarjana (S1),Wiraswasta,Menikah,0.0,13450000.0,10327000,781000.0,793000.0,478000.0,608000.0,291000.0,1580000.0,618000.0,519000.0,0.0,1321000.0,516000.0,563000.0,55000.0,3123000.0,23.2,53.5
1462,Sulawesi Selatan,Perkotaan,Laki-laki,24.0,Sarjana (S1),Karyawan Swasta,Menikah,2.0,3350000.0,2818000,308000.0,380000.0,144000.0,328000.0,64000.0,566000.0,83000.0,125000.0,111000.0,253000.0,101000.0,133000.0,141000.0,,15.9,77.8
862,Jawa Timur,Perkotaan,Laki-laki,31.0,SMP,Karyawan Swasta,Menikah,2.0,,1948000,321000.0,326000.0,139000.0,286000.0,115000.0,218000.0,60000.0,68000.0,121000.0,144000.0,53000.0,37000.0,0.0,852000.0,30.4,43.1
583,DI Yogyakarta,Perdesaan,Laki-laki,50.0,SMA/SMK,Buruh/Pekerja Harian,Menikah,,1000000.0,904000,158000.0,168000.0,81000.0,162000.0,48000.0,66000.0,15000.0,28000.0,22000.0,44000.0,25000.0,20000.0,0.0,96000.0,9.6,46.1
121,Jawa Tengah,Perkotaan,Perempuan,31.0,Sarjana (S1),PNS/ASN,Menikah,1.0,3550000.0,3244000,298000.0,356000.0,,233000.0,127000.0,615000.0,131000.0,124000.0,171000.0,315000.0,92000.0,130000.0,453000.0,306000.0,8.6,79.4
1952,Jawa Barat,Perdesaan,Laki-laki,49.0,Tidak Sekolah,Karyawan Swasta,Belum Menikah,0.0,,462000,,88000.0,32000.0,39000.0,20000.0,48000.0,16000.0,12000.0,0.0,41000.0,20000.0,16000.0,,188000.0,29.0,41.9
603,Jawa Timur,Perkotaan,Laki-laki,30.0,Tidak Sekolah,Karyawan Swasta,,4.0,4050000.0,3031000,391000.0,421000.0,223000.0,353000.0,61000.0,462000.0,101000.0,120000.0,217000.0,322000.0,146000.0,106000.0,0.0,1019000.0,25.2,42.8
487,DKI Jakarta,Perdesaan,Perempuan,25.0,,Karyawan Swasta,Belum Menikah,0.0,5350000.0,4639000,464000.0,596000.0,233000.0,339000.0,,757000.0,196000.0,263000.0,0.0,467000.0,229000.0,79000.0,0.0,711000.0,13.3,38.3
57,Banten,Perkotaan,Perempuan,48.0,SMP,Buruh/Pekerja Harian,Menikah,2.0,3950000.0,3269000,357000.0,303000.0,212000.0,251000.0,,660000.0,163000.0,211000.0,287000.0,292000.0,138000.0,160000.0,602000.0,681000.0,17.2,41.1
252,DKI Jakarta,Perkotaan,Laki-laki,38.0,SD,Pelajar/Mahasiswa,,1.0,3200000.0,2842000,338000.0,440000.0,195000.0,313000.0,,328000.0,115000.0,103000.0,78000.0,258000.0,77000.0,107000.0,620000.0,358000.0,11.2,52.5
1456,Sumatera Utara,Perdesaan,Laki-laki,37.0,SMP,,Cerai/Janda/Duda,1.0,850000.0,588000,93000.0,89000.0,46000.0,,12000.0,80000.0,23000.0,25000.0,35000.0,36000.0,19000.0,21000.0,,262000.0,30.9,35.6
614,Jawa Tengah,Perkotaan,Laki-laki,,Sarjana (S1),Pelajar/Mahasiswa,Menikah,4.0,1600000.0,1083000,168000.0,173000.0,82000.0,155000.0,33000.0,108000.0,,34000.0,66000.0,82000.0,33000.0,20000.0,50000.0,517000.0,32.3,70.8
606,Jawa Barat,Perkotaan,Perempuan,37.0,SMA/SMK,Tidak Bekerja,Belum Menikah,0.0,1350000.0,1118000,194000.0,225000.0,121000.0,145000.0,17000.0,,24000.0,30000.0,0.0,51000.0,30000.0,16000.0,0.0,232000.0,17.2,43.2
515,Kalimantan Timur,Perdesaan,Laki-laki,34.0,SMP,Buruh/Pekerja Harian,Menikah,2.0,1200000.0,1098000,188000.0,229000.0,91000.0,125000.0,33000.0,130000.0,24000.0,29000.0,23000.0,61000.0,39000.0,,224000.0,102000.0,8.5,49.0
1088,Jawa Barat,Perkotaan,Perempuan,39.0,SMA/SMK,Tidak Bekerja,Menikah,1.0,2350000.0,1741000,,337000.0,128000.0,220000.0,108000.0,240000.0,47000.0,55000.0,64000.0,144000.0,75000.0,63000.0,0.0,609000.0,25.9,54.1
1861,Kalimantan Timur,Perdesaan,Perempuan,39.0,SD,Wiraswasta,Menikah,4.0,4500000.0,3005000,283000.0,427000.0,221000.0,324000.0,9000.0,,130000.0,210000.0,240000.0,339000.0,142000.0,158000.0,0.0,1545000.0,34.0,48.3
531,Sumatera Utara,Perkotaan,Perempuan,36.0,SMA/SMK,Wiraswasta,Menikah,2.0,13350000.0,11270000,1018000.0,1164000.0,596000.0,838000.0,112000.0,1485000.0,,,1092000.0,1010000.0,517000.0,327000.0,0.0,2080000.0,15.6,48.8
333,Jawa Timur,Perkotaan,Laki-laki,31.0,SMA/SMK,Pelajar/Mahasiswa,Belum Menikah,0.0,1500000.0,1378000,,212000.0,100000.0,170000.0,30000.0,141000.0,,35000.0,0.0,101000.0,29000.0,,86000.0,122000.0,8.2,63.9
910,Kalimantan Timur,Perdesaan,Laki-laki,42.0,SMA/SMK,PNS/ASN,Belum Menikah,0.0,6850000.0,6103000,464000.0,685000.0,246000.0,408000.0,244000.0,1054000.0,338000.0,209000.0,0.0,544000.0,321000.0,151000.0,0.0,747000.0,10.9,48.3
299,Jawa Barat,Perdesaan,Perempuan,48.0,SMA/SMK,Karyawan Swasta,Menikah,2.0,2500000.0,2226000,290000.0,405000.0,190000.0,266000.0,86000.0,258000.0,,,56000.0,137000.0,84000.0,35000.0,0.0,274000.0,11.0,29.1
1209,Bali,Perkotaan,Perempuan,32.0,Sarjana (S1),Wiraswasta,Cerai/Janda/Duda,1.0,9300000.0,8512000,813000.0,1016000.0,553000.0,607000.0,343000.0,,449000.0,289000.0,658000.0,681000.0,469000.0,341000.0,0.0,788000.0,8.5,84.0
887,Jawa Barat,Perdesaan,Perempuan,17.0,SMA/SMK,Karyawan Swasta,Menikah,0.0,1500000.0,1244000,124000.0,205000.0,100000.0,144000.0,58000.0,218000.0,41000.0,72000.0,0.0,78000.0,46000.0,45000.0,9000.0,256000.0,17.1,62.2
1469,Jawa Barat,Perkotaan,Perempuan,43.0,SMA/SMK,Tidak Bekerja,Menikah,3.0,,1579000,186000.0,,82000.0,143000.0,,211000.0,59000.0,42000.0,,118000.0,46000.0,,320000.0,621000.0,28.2,56.4
1755,Nusa Tenggara Barat,Perkotaan,Perempuan,18.0,SD,Karyawan Swasta,Menikah,1.0,1000000.0,690000,,145000.0,75000.0,127000.0,35000.0,82000.0,24000.0,25000.0,22000.0,30000.0,16000.0,23000.0,91000.0,310000.0,31.0,45.8
1133,Sumatera Utara,Perdesaan,Laki-laki,35.0,SMA/SMK,Tidak Bekerja,Menikah,2.0,750000.0,491000,77000.0,86000.0,54000.0,,17000.0,62000.0,17000.0,18000.0,20000.0,23000.0,12000.0,7000.0,49000.0,259000.0,34.5,38.6
1834,Jawa Tengah,Perdesaan,Laki-laki,32.0,SMA/SMK,Karyawan Swasta,Menikah,1.0,,889000,137000.0,181000.0,65000.0,159000.0,51000.0,91000.0,18000.0,31000.0,16000.0,,21000.0,12000.0,0.0,311000.0,25.9,51.1
1300,Banten,Perdesaan,Laki-laki,28.0,SMA/SMK,Karyawan Swasta,Belum Menikah,0.0,2650000.0,1926000,289000.0,353000.0,111000.0,155000.0,96000.0,208000.0,,71000.0,0.0,175000.0,76000.0,30000.0,,724000.0,27.3,40.3
1305,DKI Jakarta,Perkotaan,Perempuan,36.0,SMA/SMK,Karyawan Swasta,Belum Menikah,0.0,,5334000,387000.0,447000.0,,424000.0,30000.0,1035000.0,,423000.0,0.0,674000.0,322000.0,159000.0,0.0,1766000.0,24.9,
45,Sumatera Utara,Perdesaan,Perempuan,47.0,Diploma,Karyawan Swasta,Menikah,3.0,5000000.0,4365000,329000.0,438000.0,246000.0,269000.0,152000.0,916000.0,213000.0,142000.0,222000.0,456000.0,279000.0,209000.0,0.0,635000.0,12.7,65.4
533,Sumatera Selatan,Perkotaan,Laki-laki,27.0,SMA/SMK,Karyawan Swasta,Cerai/Janda/Duda,0.0,4700000.0,3219000,360000.0,392000.0,195000.0,275000.0,70000.0,432000.0,156000.0,,0.0,,179000.0,118000.0,0.0,1481000.0,31.5,53.2
1774,Sumatera Utara,Perdesaan,Laki-laki,46.0,SMA/SMK,,Menikah,0.0,1900000.0,1637000,163000.0,251000.0,138000.0,,68000.0,269000.0,51000.0,76000.0,0.0,,53000.0,,,263000.0,13.9,55.8
1849,Jawa Barat,Perdesaan,Perempuan,40.0,SMP,Tidak Bekerja,Belum Menikah,0.0,550000.0,431000,69000.0,73000.0,45000.0,74000.0,25000.0,37000.0,9000.0,14000.0,0.0,30000.0,10000.0,13000.0,80000.0,,21.6,61.2
1166,DI Yogyakarta,Perkotaan,Perempuan,31.0,SMP,PNS/ASN,Menikah,3.0,4650000.0,3136000,334000.0,374000.0,186000.0,,,389000.0,113000.0,,222000.0,182000.0,125000.0,86000.0,427000.0,1514000.0,32.6,31.6
1107,Jawa Barat,Perkotaan,Perempuan,44.0,SMP,Buruh/Pekerja Harian,Belum Menikah,0.0,2200000.0,1870000,208000.0,,105000.0,155000.0,59000.0,281000.0,52000.0,107000.0,0.0,114000.0,52000.0,41000.0,,330000.0,15.0,15.3
1599,Kalimantan Timur,Perkotaan,Laki-laki,23.0,SD,Buruh/Pekerja Harian,Belum Menikah,0.0,2550000.0,1725000,262000.0,324000.0,121000.0,210000.0,49000.0,266000.0,40000.0,76000.0,0.0,131000.0,55000.0,,0.0,825000.0,32.4,23.1
1226,Jawa Barat,Perkotaan,Laki-laki,17.0,Sarjana (S1),Tidak Bekerja,Belum Menikah,0.0,2450000.0,1791000,,309000.0,181000.0,,120000.0,203000.0,74000.0,63000.0,0.0,117000.0,69000.0,61000.0,204000.0,659000.0,26.9,54.7
1396,DKI Jakarta,Perdesaan,Laki-laki,35.0,Diploma,Wiraswasta,Belum Menikah,,7050000.0,4607000,351000.0,544000.0,311000.0,487000.0,53000.0,656000.0,232000.0,308000.0,0.0,389000.0,205000.0,109000.0,0.0,2443000.0,34.7,57.7
1645,DKI Jakarta,Perkotaan,Perempuan,38.0,SMA/SMK,Wiraswasta,Belum Menikah,0.0,20450000.0,15934000,1452000.0,1709000.0,899000.0,1104000.0,250000.0,2679000.0,912000.0,830000.0,0.0,1219000.0,1027000.0,668000.0,,4516000.0,22.1,71.9
648,DKI Jakarta,Perkotaan,Laki-laki,24.0,Sarjana (S1),Tidak Bekerja,Menikah,2.0,1650000.0,1352000,185000.0,205000.0,81000.0,151000.0,24000.0,250000.0,63000.0,67000.0,66000.0,116000.0,48000.0,23000.0,0.0,298000.0,18.1,77.5
383,Jawa Barat,Perkotaan,Laki-laki,36.0,Tidak Sekolah,Karyawan Swasta,Menikah,2.0,1500000.0,1236000,170000.0,242000.0,115000.0,,11000.0,160000.0,41000.0,56000.0,66000.0,86000.0,,,0.0,264000.0,17.6,38.3
70,DKI Jakarta,Perdesaan,Laki-laki,29.0,SMA/SMK,Buruh/Pekerja Harian,Menikah,2.0,1850000.0,1278000,181000.0,199000.0,102000.0,103000.0,7000.0,190000.0,33000.0,34000.0,32000.0,121000.0,54000.0,34000.0,0.0,,30.9,54.7
858,DI Yogyakarta,Perdesaan,Laki-laki,28.0,Diploma,Tidak Bekerja,Cerai/Janda/Duda,0.0,900000.0,586000,,96000.0,45000.0,74000.0,,62000.0,23000.0,23000.0,0.0,38000.0,16000.0,12000.0,80000.0,314000.0,34.9,
1406,Jawa Barat,Perkotaan,Laki-laki,36.0,SMP,Pelajar/Mahasiswa,Menikah,3.0,900000.0,785000,102000.0,149000.0,66000.0,91000.0,23000.0,99000.0,25000.0,20000.0,32000.0,36000.0,23000.0,27000.0,132000.0,115000.0,12.8,50.5
1087,Jawa Timur,Perkotaan,Perempuan,51.0,SMP,Wiraswasta,Belum Menikah,0.0,4500000.0,3967000,352000.0,525000.0,,246000.0,21000.0,742000.0,150000.0,228000.0,,404000.0,160000.0,151000.0,0.0,533000.0,11.8,43.0
1367,Sumatera Selatan,Perdesaan,Perempuan,63.0,Sarjana (S1),Karyawan Swasta,Menikah,2.0,3400000.0,2225000,231000.0,285000.0,132000.0,201000.0,74000.0,393000.0,,79000.0,161000.0,193000.0,72000.0,65000.0,502000.0,1175000.0,34.6,
651,Banten,Perdesaan,Perempuan,70.0,Sarjana (S1),Wiraswasta,Menikah,4.0,6650000.0,5955000,487000.0,664000.0,367000.0,366000.0,209000.0,,340000.0,349000.0,,554000.0,316000.0,280000.0,0.0,695000.0,10.5,65.2
384,Sumatera Utara,Perdesaan,Perempuan,43.0,SMA/SMK,Wiraswasta,Menikah,2.0,,4010000,438000.0,,243000.0,405000.0,163000.0,674000.0,159000.0,254000.0,149000.0,450000.0,126000.0,70000.0,279000.0,1690000.0,29.6,61.2
1717,Jawa Tengah,Perdesaan,Laki-laki,46.0,SMP,Pelajar/Mahasiswa,Menikah,1.0,,408000,51000.0,76000.0,36000.0,64000.0,16000.0,48000.0,11000.0,16000.0,20000.0,25000.0,17000.0,,68000.0,,25.9,53.3
1488,Bali,Perkotaan,Perempuan,33.0,SD,Karyawan Swasta,Menikah,3.0,4400000.0,3057000,349000.0,422000.0,126000.0,282000.0,38000.0,600000.0,124000.0,185000.0,192000.0,285000.0,172000.0,116000.0,320000.0,1343000.0,30.5,57.1
1030,DKI Jakarta,Perdesaan,Laki-laki,18.0,SMA/SMK,Karyawan Swasta,Menikah,2.0,6300000.0,4304000,283000.0,,189000.0,189000.0,50000.0,663000.0,236000.0,330000.0,414000.0,481000.0,176000.0,182000.0,289000.0,1996000.0,31.7,72.6
1678,Kalimantan Timur,Perkotaan,Laki-laki,31.0,SMA/SMK,Karyawan Swasta,Belum Menikah,0.0,3150000.0,2375000,269000.0,332000.0,105000.0,265000.0,108000.0,426000.0,140000.0,103000.0,0.0,257000.0,,74000.0,321000.0,775000.0,24.6,48.5
1419,Jawa Barat,Perdesaan,Perempuan,53.0,SMP,PNS/ASN,Menikah,2.0,1200000.0,1044000,160000.0,224000.0,77000.0,136000.0,15000.0,79000.0,26000.0,27000.0,45000.0,38000.0,22000.0,17000.0,0.0,156000.0,13.0,
706,Jawa Tengah,Perdesaan,Laki-laki,23.0,SMP,Buruh/Pekerja Harian,Menikah,3.0,1200000.0,922000,180000.0,185000.0,70000.0,117000.0,50000.0,109000.0,19000.0,18000.0,44000.0,61000.0,20000.0,18000.0,79000.0,278000.0,23.1,47.0
322,Jawa Barat,Perdesaan,Laki-laki,29.0,SMA/SMK,PNS/ASN,Menikah,2.0,2150000.0,1903000,,270000.0,178000.0,210000.0,69000.0,220000.0,,79000.0,89000.0,104000.0,63000.0,74000.0,42000.0,247000.0,11.5,40.3
1597,Jawa Barat,Perkotaan,Perempuan,17.0,SD,Karyawan Swasta,Belum Menikah,0.0,5450000.0,3955000,384000.0,577000.0,196000.0,297000.0,138000.0,608000.0,110000.0,,0.0,303000.0,163000.0,172000.0,0.0,1495000.0,27.4,61.4
1286,Jawa Timur,Perkotaan,Laki-laki,39.0,SD,Karyawan Swasta,Menikah,4.0,4950000.0,4340000,315000.0,524000.0,220000.0,270000.0,83000.0,978000.0,183000.0,193000.0,173000.0,447000.0,153000.0,234000.0,923000.0,610000.0,12.3,74.4
711,DKI Jakarta,Perdesaan,Perempuan,30.0,SMA/SMK,Tidak Bekerja,Menikah,0.0,950000.0,830000,123000.0,198000.0,,119000.0,32000.0,82000.0,21000.0,14000.0,0.0,49000.0,14000.0,21000.0,36000.0,120000.0,12.6,54.4
1826,Jawa Timur,Perkotaan,Perempuan,30.0,SD,Buruh/Pekerja Harian,Menikah,1.0,1100000.0,928000,130000.0,174000.0,77000.0,94000.0,33000.0,120000.0,,36000.0,27000.0,43000.0,26000.0,22000.0,101000.0,172000.0,15.6,38.4
421,DI Yogyakarta,Perkotaan,Laki-laki,47.0,Diploma,Karyawan Swasta,Cerai/Janda/Duda,1.0,3500000.0,2943000,376000.0,357000.0,162000.0,209000.0,119000.0,393000.0,140000.0,115000.0,206000.0,177000.0,92000.0,84000.0,0.0,557000.0,15.9,77.4
434,Banten,Perkotaan,Laki-laki,19.0,SMA/SMK,Wiraswasta,Menikah,4.0,15150000.0,12899000,898000.0,1170000.0,614000.0,622000.0,353000.0,2871000.0,617000.0,718000.0,1192000.0,1567000.0,568000.0,465000.0,1706000.0,2251000.0,14.9,59.9
100,DKI Jakarta,Perkotaan,Perempuan,37.0,Diploma,Karyawan Swasta,Belum Menikah,0.0,4600000.0,3339000,356000.0,435000.0,168000.0,363000.0,49000.0,562000.0,,196000.0,0.0,410000.0,166000.0,114000.0,113000.0,1261000.0,27.4,53.5
1182,Sumatera Selatan,Perkotaan,Perempuan,26.0,SMA/SMK,Tidak Bekerja,Menikah,2.0,,1214000,179000.0,232000.0,118000.0,169000.0,,116000.0,,30000.0,38000.0,66000.0,43000.0,38000.0,0.0,,19.1,62.5
430,Jawa Barat,Perkotaan,Perempuan,22.0,SMA/SMK,Tidak Bekerja,Menikah,2.0,2750000.0,1976000,327000.0,389000.0,174000.0,329000.0,54000.0,288000.0,72000.0,44000.0,118000.0,125000.0,61000.0,59000.0,0.0,774000.0,28.2,59.4
1113,Jawa Tengah,Perdesaan,Laki-laki,46.0,Sarjana (S1),PNS/ASN,Menikah,2.0,4300000.0,3411000,433000.0,404000.0,231000.0,364000.0,115000.0,561000.0,177000.0,194000.0,133000.0,337000.0,103000.0,136000.0,87000.0,889000.0,20.7,69.2
1472,Kalimantan Timur,Perkotaan,Perempuan,58.0,SMA/SMK,PNS/ASN,Belum Menikah,0.0,6950000.0,6061000,471000.0,,267000.0,,21000.0,891000.0,271000.0,209000.0,0.0,501000.0,367000.0,191000.0,0.0,889000.0,12.8,53.4
600,Jawa Timur,Perkotaan,Laki-laki,21.0,SMA/SMK,Karyawan Swasta,Menikah,,9050000.0,7995000,476000.0,648000.0,371000.0,498000.0,181000.0,1578000.0,314000.0,626000.0,,1006000.0,302000.0,534000.0,0.0,1055000.0,11.7,71.8
901,Jawa Barat,Perkotaan,Laki-laki,47.0,Tidak Sekolah,Karyawan Swasta,Menikah,3.0,3350000.0,2423000,200000.0,260000.0,,182000.0,78000.0,445000.0,,144000.0,149000.0,295000.0,98000.0,123000.0,148000.0,927000.0,27.7,44.4
531,Sumatera Utara,Perkotaan,Perempuan,36.0,SMA/SMK,Wiraswasta,Menikah,2.0,13350000.0,11270000,1018000.0,1164000.0,596000.0,838000.0,112000.0,1485000.0,578000.0,677000.0,1092000.0,1010000.0,517000.0,327000.0,0.0,2080000.0,15.6,48.8
1746,Sumatera Selatan,Perkotaan,Perempuan,31.0,SMA/SMK,,Menikah,3.0,2550000.0,2193000,233000.0,343000.0,149000.0,215000.0,68000.0,321000.0,114000.0,98000.0,72000.0,191000.0,97000.0,100000.0,226000.0,357000.0,14.0,55.9
1766,DI Yogyakarta,Perkotaan,Perempuan,29.0,SMA/SMK,,Belum Menikah,0.0,5550000.0,4596000,371000.0,450000.0,191000.0,443000.0,73000.0,625000.0,163000.0,180000.0,0.0,565000.0,212000.0,280000.0,930000.0,954000.0,17.2,60.5
1813,Jawa Barat,Perdesaan,Perempuan,41.0,SMP,Buruh/Pekerja Harian,Menikah,2.0,1450000.0,1043000,184000.0,211000.0,115000.0,180000.0,65000.0,82000.0,29000.0,31000.0,,46000.0,22000.0,10000.0,0.0,,28.1,40.2
125,Jawa Timur,Perkotaan,Laki-laki,47.0,Diploma,Karyawan Swasta,Cerai/Janda/Duda,3.0,4050000.0,3020000,297000.0,408000.0,,196000.0,56000.0,519000.0,138000.0,117000.0,249000.0,308000.0,169000.0,,356000.0,1030000.0,25.4,49.4
186,Jawa Tengah,Perdesaan,Laki-laki,48.0,Sarjana (S1),Tidak Bekerja,Belum Menikah,0.0,700000.0,546000,114000.0,124000.0,46000.0,88000.0,45000.0,54000.0,9000.0,16000.0,0.0,22000.0,8000.0,10000.0,0.0,154000.0,22.0,
1422,Jawa Barat,Perdesaan,Perempuan,55.0,SD,Wiraswasta,Menikah,2.0,3550000.0,2780000,315000.0,317000.0,180000.0,169000.0,122000.0,391000.0,170000.0,107000.0,162000.0,224000.0,123000.0,81000.0,217000.0,770000.0,21.7,38.3
520,Jawa Timur,Perkotaan,Perempuan,20.0,SD,PNS/ASN,Menikah,,4500000.0,2950000,349000.0,324000.0,230000.0,359000.0,,399000.0,115000.0,125000.0,146000.0,220000.0,135000.0,69000.0,731000.0,1550000.0,34.5,40.0
1749,Jawa Barat,Perkotaan,Perempuan,41.0,SMP,,Menikah,2.0,5050000.0,3708000,293000.0,434000.0,220000.0,250000.0,16000.0,556000.0,142000.0,161000.0,177000.0,357000.0,159000.0,167000.0,0.0,1342000.0,26.6,38.0
1190,Jawa Barat,Perkotaan,Laki-laki,38.0,Sarjana (S1),Buruh/Pekerja Harian,Menikah,0.0,6500000.0,4971000,369000.0,593000.0,212000.0,319000.0,170000.0,1122000.0,268000.0,303000.0,0.0,426000.0,165000.0,140000.0,197000.0,1529000.0,23.5,74.9
1240,Jawa Barat,Perdesaan,Perempuan,21.0,SMA/SMK,Karyawan Swasta,Menikah,1.0,2400000.0,2180000,207000.0,293000.0,114000.0,,10000.0,330000.0,104000.0,136000.0,,129000.0,64000.0,95000.0,0.0,220000.0,9.1,40.2
509,Jawa Tengah,Perdesaan,Laki-laki,39.0,SMA/SMK,Tidak Bekerja,Menikah,4.0,500000.0,331000,54000.0,58000.0,22000.0,,7000.0,38000.0,8000.0,8000.0,,16000.0,10000.0,9000.0,91000.0,169000.0,33.9,41.6
1055,Jawa Timur,Perkotaan,Perempuan,44.0,Sarjana (S1),Karyawan Swasta,Belum Menikah,0.0,9500000.0,8736000,842000.0,836000.0,531000.0,526000.0,212000.0,1322000.0,524000.0,446000.0,0.0,1038000.0,355000.0,312000.0,382000.0,764000.0,8.0,47.3
66,Jawa Barat,Perdesaan,Laki-laki,25.0,Pascasarjana (S2/S3),Wiraswasta,Menikah,1.0,21700000.0,15129000,1381000.0,1599000.0,616000.0,1132000.0,45000.0,1959000.0,546000.0,1129000.0,1009000.0,1889000.0,688000.0,498000.0,1907000.0,6571000.0,30.3,61.1
362,Sulawesi Selatan,Perkotaan,Laki-laki,57.0,SD,Karyawan Swasta,Belum Menikah,0.0,1650000.0,1416000,161000.0,190000.0,79000.0,185000.0,11000.0,194000.0,54000.0,71000.0,0.0,118000.0,65000.0,24000.0,0.0,234000.0,14.2,53.1
1906,Sumatera Utara,Perdesaan,Perempuan,25.0,SMA/SMK,Karyawan Swasta,Menikah,1.0,1500000.0,1311000,166000.0,168000.0,94000.0,157000.0,,220000.0,36000.0,74000.0,37000.0,77000.0,37000.0,29000.0,206000.0,189000.0,12.6,45.5
1833,Jawa Timur,Perkotaan,Perempuan,40.0,SMP,Wiraswasta,Menikah,0.0,7750000.0,6758000,488000.0,633000.0,218000.0,,24000.0,1558000.0,262000.0,532000.0,,645000.0,384000.0,422000.0,0.0,992000.0,12.8,49.8
1710,Jawa Timur,Perdesaan,Perempuan,53.0,SMA/SMK,PNS/ASN,Menikah,2.0,2500000.0,1963000,255000.0,238000.0,151000.0,143000.0,58000.0,293000.0,90000.0,106000.0,94000.0,109000.0,87000.0,67000.0,0.0,537000.0,21.5,33.4
1352,Kalimantan Timur,Perkotaan,Perempuan,43.0,SMP,Karyawan Swasta,Menikah,2.0,4000000.0,2640000,297000.0,361000.0,185000.0,186000.0,84000.0,290000.0,92000.0,123000.0,204000.0,163000.0,85000.0,111000.0,0.0,1360000.0,34.0,39.3
905,Jawa Timur,Perdesaan,Laki-laki,30.0,SMA/SMK,Buruh/Pekerja Harian,Cerai/Janda/Duda,1.0,1650000.0,1074000,129000.0,159000.0,,110000.0,22000.0,173000.0,42000.0,40000.0,75000.0,58000.0,37000.0,,0.0,576000.0,34.9,46.2
1921,DKI Jakarta,Perdesaan,Perempuan,58.0,SMP,Buruh/Pekerja Harian,Belum Menikah,0.0,1950000.0,1303000,184000.0,198000.0,116000.0,190000.0,78000.0,,52000.0,,0.0,100000.0,43000.0,,377000.0,647000.0,33.2,15.4
1090,DKI Jakarta,Perdesaan,Laki-laki,39.0,SD,Wiraswasta,Belum Menikah,0.0,4350000.0,3685000,355000.0,525000.0,277000.0,353000.0,143000.0,589000.0,113000.0,154000.0,0.0,230000.0,210000.0,97000.0,247000.0,665000.0,15.3,28.5
612,Sumatera Utara,Perkotaan,Laki-laki,50.0,Diploma,Karyawan Swasta,Cerai/Janda/Duda,0.0,9900000.0,7016000,598000.0,712000.0,377000.0,,132000.0,1234000.0,305000.0,497000.0,0.0,649000.0,346000.0,282000.0,1817000.0,2884000.0,29.1,60.7
1677,Sumatera Selatan,Perkotaan,Perempuan,42.0,,Karyawan Swasta,Belum Menikah,0.0,4700000.0,3390000,327000.0,417000.0,181000.0,213000.0,157000.0,540000.0,190000.0,113000.0,0.0,371000.0,,159000.0,855000.0,1310000.0,27.9,54.2
417,DKI Jakarta,Perkotaan,Perempuan,27.0,SD,Karyawan Swasta,Menikah,3.0,4000000.0,2803000,275000.0,359000.0,212000.0,225000.0,106000.0,425000.0,104000.0,,91000.0,287000.0,99000.0,129000.0,0.0,1197000.0,29.9,46.6
573,Jawa Timur,Perkotaan,Perempuan,48.0,SD,PNS/ASN,Belum Menikah,0.0,1900000.0,1672000,245000.0,287000.0,166000.0,276000.0,111000.0,158000.0,42000.0,70000.0,0.0,111000.0,37000.0,25000.0,330000.0,228000.0,12.0,54.3
1963,Banten,Perkotaan,Perempuan,17.0,SMA/SMK,Pelajar/Mahasiswa,Menikah,3.0,3250000.0,2245000,219000.0,300000.0,111000.0,179000.0,127000.0,405000.0,100000.0,121000.0,75000.0,188000.0,68000.0,66000.0,0.0,1005000.0,30.9,49.1
427,Banten,Perdesaan,Perempuan,20.0,Diploma,PNS/ASN,Belum Menikah,0.0,3550000.0,2497000,237000.0,294000.0,175000.0,291000.0,44000.0,330000.0,89000.0,130000.0,0.0,141000.0,128000.0,61000.0,122000.0,1053000.0,29.7,49.0
1111,Banten,Perkotaan,Perempuan,45.0,Diploma,Karyawan Swasta,Menikah,2.0,5200000.0,3489000,351000.0,438000.0,,,22000.0,469000.0,147000.0,240000.0,320000.0,272000.0,,154000.0,0.0,1711000.0,32.9,79.2
1806,Jawa Barat,Perdesaan,Laki-laki,63.0,SMA/SMK,Wiraswasta,Cerai/Janda/Duda,,7950000.0,5284000,301000.0,360000.0,137000.0,331000.0,130000.0,1349000.0,283000.0,273000.0,535000.0,724000.0,319000.0,193000.0,284000.0,2666000.0,33.5,54.2
213,Jawa Barat,Perkotaan,Perempuan,22.0,SMP,Karyawan Swasta,Belum Menikah,0.0,4100000.0,3444000,308000.0,398000.0,182000.0,412000.0,159000.0,658000.0,128000.0,113000.0,0.0,271000.0,,134000.0,704000.0,656000.0,16.0,39.8
1245,Sulawesi Selatan,Perkotaan,Perempuan,59.0,SMA/SMK,Wiraswasta,,,6400000.0,4522000,291000.0,440000.0,241000.0,219000.0,34000.0,833000.0,258000.0,192000.0,0.0,327000.0,235000.0,270000.0,0.0,1878000.0,29.3,73.6
409,DKI Jakarta,Perkotaan,Laki-laki,40.0,Sarjana (S1),Karyawan Swasta,Menikah,2.0,11050000.0,9565000,734000.0,894000.0,489000.0,788000.0,,2044000.0,478000.0,470000.0,366000.0,990000.0,451000.0,317000.0,1701000.0,1485000.0,13.4,71.7
621,DI Yogyakarta,Perkotaan,Perempuan,20.0,SD,Buruh/Pekerja Harian,Menikah,2.0,1050000.0,699000,113000.0,145000.0,64000.0,84000.0,35000.0,66000.0,20000.0,22000.0,23000.0,44000.0,24000.0,8000.0,107000.0,351000.0,33.4,54.1
282,Sumatera Utara,Perkotaan,Perempuan,29.0,SMA/SMK,PNS/ASN,Menikah,2.0,,2721000,318000.0,344000.0,125000.0,300000.0,127000.0,544000.0,109000.0,95000.0,162000.0,177000.0,154000.0,68000.0,0.0,1179000.0,30.2,91.6
1235,DI Yogyakarta,Perkotaan,Perempuan,36.0,Tidak Sekolah,Pelajar/Mahasiswa,Belum Menikah,0.0,950000.0,754000,114000.0,133000.0,57000.0,138000.0,52000.0,70000.0,,29000.0,0.0,38000.0,19000.0,15000.0,,196000.0,,73.5
1135,Sumatera Selatan,Perkotaan,Laki-laki,31.0,SMP,Buruh/Pekerja Harian,Menikah,3.0,,1565000,158000.0,226000.0,92000.0,188000.0,0.0,172000.0,59000.0,96000.0,,164000.0,,27000.0,0.0,535000.0,25.5,34.8
819,Jawa Timur,Perkotaan,Perempuan,41.0,SMA/SMK,Buruh/Pekerja Harian,Menikah,2.0,2400000.0,1741000,212000.0,276000.0,130000.0,218000.0,38000.0,210000.0,69000.0,50000.0,64000.0,89000.0,46000.0,40000.0,0.0,659000.0,27.5,66.7
860,Sumatera Selatan,Perdesaan,Perempuan,43.0,Sarjana (S1),Karyawan Swasta,Cerai/Janda/Duda,2.0,,2775000,264000.0,306000.0,176000.0,172000.0,53000.0,441000.0,116000.0,123000.0,,,141000.0,162000.0,182000.0,275000.0,9.0,65.7
1719,DKI Jakarta,Perdesaan,Laki-laki,27.0,SD,Tidak Bekerja,Menikah,3.0,500000.0,396000,57000.0,63000.0,28000.0,61000.0,1000.0,,12000.0,17000.0,12000.0,22000.0,14000.0,17000.0,,104000.0,20.9,
211,Sumatera Utara,Perkotaan,Laki-laki,17.0,Sarjana (S1),Karyawan Swasta,Cerai/Janda/Duda,3.0,4250000.0,3162000,350000.0,419000.0,164000.0,,76000.0,592000.0,124000.0,198000.0,108000.0,,135000.0,107000.0,0.0,1088000.0,25.6,45.4
1443,Jawa Tengah,Perkotaan,Perempuan,40.0,Sarjana (S1),Karyawan Swasta,Menikah,2.0,6100000.0,4053000,319000.0,338000.0,162000.0,260000.0,101000.0,652000.0,237000.0,244000.0,411000.0,447000.0,286000.0,161000.0,1068000.0,2047000.0,,48.0
652,Jawa Timur,Perkotaan,Perempuan,46.0,SD,Wiraswasta,Menikah,1.0,2250000.0,1805000,283000.0,,150000.0,256000.0,65000.0,210000.0,67000.0,93000.0,75000.0,107000.0,,49000.0,0.0,445000.0,19.8,46.7
1870,DI Yogyakarta,Perdesaan,Perempuan,43.0,SMA/SMK,Karyawan Swasta,Menikah,3.0,1900000.0,1373000,161000.0,252000.0,84000.0,150000.0,38000.0,171000.0,43000.0,72000.0,73000.0,86000.0,43000.0,,,527000.0,27.7,46.1
221,DKI Jakarta,Perdesaan,Perempuan,53.0,SMA/SMK,Karyawan Swasta,Menikah,1.0,5000000.0,4163000,437000.0,529000.0,230000.0,271000.0,19000.0,848000.0,208000.0,246000.0,,,242000.0,89000.0,851000.0,837000.0,16.7,63.5
1147,Jawa Tengah,Perkotaan,Laki-laki,30.0,SMA/SMK,Buruh/Pekerja Harian,Menikah,2.0,2450000.0,2154000,,345000.0,180000.0,168000.0,116000.0,,83000.0,108000.0,107000.0,135000.0,97000.0,75000.0,323000.0,,12.1,63.0
238,Jawa Barat,Perdesaan,Laki-laki,31.0,SD,Wiraswasta,Menikah,0.0,3450000.0,2575000,266000.0,376000.0,141000.0,205000.0,32000.0,400000.0,131000.0,96000.0,0.0,254000.0,76000.0,88000.0,234000.0,875000.0,25.4,16.3
745,DKI Jakarta,Perkotaan,Perempuan,60.0,SD,Buruh/Pekerja Harian,Menikah,0.0,1450000.0,969000,164000.0,191000.0,101000.0,109000.0,32000.0,87000.0,26000.0,33000.0,0.0,40000.0,33000.0,26000.0,79000.0,481000.0,33.1,48.4
1334,Banten,Perkotaan,Perempuan,17.0,Diploma,,Menikah,3.0,10700000.0,8144000,528000.0,630000.0,321000.0,,223000.0,1697000.0,,301000.0,678000.0,848000.0,452000.0,492000.0,0.0,2556000.0,23.9,59.8
1853,Sumatera Utara,Perkotaan,Laki-laki,24.0,SMA/SMK,Karyawan Swasta,Belum Menikah,0.0,2800000.0,2324000,314000.0,356000.0,164000.0,,52000.0,312000.0,87000.0,71000.0,0.0,208000.0,75000.0,106000.0,0.0,526000.0,18.4,57.6
1867,Jawa Tengah,Perkotaan,Laki-laki,32.0,Pascasarjana (S2/S3),Pelajar/Mahasiswa,Menikah,1.0,1350000.0,934000,135000.0,156000.0,87000.0,102000.0,48000.0,94000.0,31000.0,37000.0,45000.0,45000.0,25000.0,18000.0,20000.0,416000.0,30.8,59.2
1330,Jawa Barat,Perkotaan,Perempuan,46.0,SMA/SMK,Buruh/Pekerja Harian,Menikah,2.0,3250000.0,2838000,283000.0,315000.0,132000.0,304000.0,80000.0,437000.0,125000.0,148000.0,124000.0,231000.0,108000.0,,113000.0,412000.0,12.7,52.5
1382,Sumatera Utara,Perkotaan,Laki-laki,28.0,Sarjana (S1),PNS/ASN,Cerai/Janda/Duda,0.0,4000000.0,3231000,306000.0,448000.0,190000.0,,,598000.0,117000.0,98000.0,0.0,338000.0,185000.0,66000.0,287000.0,769000.0,19.2,51.1
908,Jawa Barat,Perkotaan,Laki-laki,50.0,SMA/SMK,Karyawan Swasta,Cerai/Janda/Duda,0.0,3550000.0,2385000,277000.0,309000.0,107000.0,278000.0,66000.0,468000.0,133000.0,158000.0,0.0,149000.0,77000.0,137000.0,0.0,1165000.0,32.8,63.4
1379,Sumatera Utara,Perkotaan,Perempuan,24.0,SD,Buruh/Pekerja Harian,Belum Menikah,0.0,1500000.0,1351000,174000.0,171000.0,73000.0,125000.0,,218000.0,44000.0,77000.0,0.0,77000.0,42000.0,68000.0,,149000.0,9.9,48.7
14,DKI Jakarta,Perkotaan,Laki-laki,57.0,SD,PNS/ASN,Menikah,2.0,,4382000,437000.0,586000.0,267000.0,305000.0,15000.0,781000.0,,240000.0,379000.0,415000.0,183000.0,198000.0,0.0,,18.1,46.2
486,DKI Jakarta,Perkotaan,Laki-laki,45.0,SMA/SMK,Karyawan Swasta,Belum Menikah,0.0,5450000.0,3863000,315000.0,450000.0,219000.0,377000.0,120000.0,582000.0,,233000.0,0.0,322000.0,145000.0,134000.0,0.0,,29.1,69.5
1489,Jawa Barat,Perkotaan,Laki-laki,51.0,SMA/SMK,Tidak Bekerja,Menikah,1.0,1150000.0,1017000,119000.0,,61000.0,124000.0,37000.0,89000.0,,34000.0,56000.0,80000.0,37000.0,,0.0,133000.0,11.6,52.5
1495,Banten,Perkotaan,Perempuan,57.0,,,Menikah,2.0,1200000.0,979000,170000.0,152000.0,95000.0,134000.0,37000.0,138000.0,,,,50000.0,34000.0,38000.0,48000.0,221000.0,18.4,46.9
1570,DKI Jakarta,Perdesaan,Laki-laki,17.0,SMA/SMK,Buruh/Pekerja Harian,Menikah,2.0,2100000.0,1651000,205000.0,,114000.0,160000.0,10000.0,171000.0,63000.0,79000.0,99000.0,92000.0,60000.0,33000.0,,449000.0,21.4,63.4
1912,Banten,Perdesaan,Laki-laki,17.0,Sarjana (S1),PNS/ASN,Menikah,1.0,5350000.0,4742000,636000.0,705000.0,321000.0,482000.0,225000.0,807000.0,151000.0,254000.0,242000.0,414000.0,246000.0,197000.0,,608000.0,11.4,51.9
1802,Sumatera Selatan,Perkotaan,Laki-laki,40.0,SMA/SMK,Karyawan Swasta,Menikah,1.0,3650000.0,2556000,232000.0,339000.0,130000.0,225000.0,62000.0,345000.0,132000.0,171000.0,137000.0,283000.0,139000.0,61000.0,0.0,1094000.0,30.0,73.7
439,Jawa Tengah,Perkotaan,Perempuan,17.0,SMA/SMK,Tidak Bekerja,Menikah,3.0,800000.0,715000,114000.0,169000.0,50000.0,101000.0,53000.0,54000.0,14000.0,16000.0,25000.0,32000.0,19000.0,21000.0,33000.0,85000.0,10.7,
743,Jawa Timur,Perkotaan,Laki-laki,35.0,SMA/SMK,Wiraswasta,Menikah,2.0,15600000.0,11302000,787000.0,,605000.0,625000.0,14000.0,1823000.0,761000.0,831000.0,843000.0,1484000.0,556000.0,760000.0,0.0,4298000.0,27.5,65.9
1502,Jawa Barat,Perkotaan,Laki-laki,40.0,SMA/SMK,Buruh/Pekerja Harian,Belum Menikah,0.0,2850000.0,2373000,340000.0,394000.0,207000.0,226000.0,84000.0,289000.0,112000.0,92000.0,0.0,223000.0,101000.0,91000.0,0.0,477000.0,16.8,45.3
1918,Jawa Tengah,Perkotaan,Perempuan,25.0,SMA/SMK,Karyawan Swasta,Menikah,3.0,2900000.0,2048000,252000.0,348000.0,125000.0,,86000.0,230000.0,,92000.0,69000.0,113000.0,75000.0,77000.0,0.0,852000.0,29.4,52.9
893,DKI Jakarta,Perkotaan,Perempuan,49.0,SD,Buruh/Pekerja Harian,Belum Menikah,0.0,2550000.0,1899000,184000.0,295000.0,,232000.0,26000.0,283000.0,60000.0,71000.0,,154000.0,88000.0,37000.0,0.0,651000.0,25.5,43.2
874,Sumatera Selatan,Perkotaan,Perempuan,54.0,SMA/SMK,Pelajar/Mahasiswa,Menikah,3.0,1450000.0,1283000,209000.0,223000.0,119000.0,213000.0,,179000.0,35000.0,41000.0,32000.0,65000.0,49000.0,29000.0,193000.0,167000.0,11.5,65.5
1465,Banten,Perdesaan,Laki-laki,38.0,SMA/SMK,Tidak Bekerja,Menikah,1.0,800000.0,726000,104000.0,169000.0,50000.0,111000.0,,76000.0,21000.0,21000.0,28000.0,41000.0,18000.0,17000.0,50000.0,74000.0,9.3,49.6
1852,Banten,Perdesaan,Perempuan,27.0,Sarjana (S1),Wiraswasta,Menikah,2.0,5550000.0,4130000,439000.0,597000.0,278000.0,441000.0,58000.0,763000.0,216000.0,112000.0,186000.0,232000.0,205000.0,204000.0,932000.0,1420000.0,25.6,67.6
1327,Jawa Barat,Perkotaan,Laki-laki,52.0,Tidak Sekolah,Tidak Bekerja,Menikah,4.0,1300000.0,1078000,141000.0,216000.0,74000.0,130000.0,38000.0,123000.0,33000.0,24000.0,39000.0,82000.0,40000.0,30000.0,29000.0,222000.0,17.1,37.0
1289,DKI Jakarta,Perdesaan,Laki-laki,25.0,SD,,Belum Menikah,0.0,3000000.0,2420000,298000.0,315000.0,,195000.0,106000.0,315000.0,110000.0,96000.0,0.0,251000.0,74000.0,38000.0,572000.0,580000.0,19.3,
1090,DKI Jakarta,Perdesaan,Laki-laki,39.0,SD,Wiraswasta,Belum Menikah,0.0,4350000.0,3685000,355000.0,525000.0,277000.0,353000.0,143000.0,589000.0,113000.0,154000.0,0.0,230000.0,210000.0,97000.0,247000.0,665000.0,15.3,28.5
1005,Jawa Tengah,Perkotaan,Laki-laki,27.0,SD,Buruh/Pekerja Harian,Menikah,,1250000.0,976000,170000.0,190000.0,90000.0,102000.0,53000.0,102000.0,31000.0,38000.0,45000.0,70000.0,34000.0,14000.0,0.0,274000.0,21.9,29.6
1943,DKI Jakarta,Perkotaan,Perempuan,17.0,SMA/SMK,Karyawan Swasta,Belum Menikah,0.0,7200000.0,5692000,499000.0,546000.0,304000.0,,126000.0,1170000.0,339000.0,468000.0,0.0,576000.0,269000.0,352000.0,0.0,1508000.0,20.9,56.9
1776,Jawa Timur,Perdesaan,Perempuan,29.0,Diploma,Buruh/Pekerja Harian,Menikah,3.0,1900000.0,1332000,197000.0,,100000.0,131000.0,58000.0,220000.0,57000.0,59000.0,68000.0,95000.0,38000.0,35000.0,0.0,568000.0,29.9,79.8
106,Jawa Timur,Perkotaan,Laki-laki,26.0,Tidak Sekolah,Karyawan Swasta,Menikah,4.0,2600000.0,2012000,266000.0,311000.0,117000.0,204000.0,33000.0,,79000.0,75000.0,50000.0,177000.0,88000.0,77000.0,283000.0,588000.0,22.6,47.6
1092,Bali,Perkotaan,Laki-laki,21.0,SMP,Pelajar/Mahasiswa,Menikah,2.0,,1635000,231000.0,260000.0,,241000.0,13000.0,207000.0,50000.0,55000.0,73000.0,149000.0,53000.0,32000.0,106000.0,615000.0,27.4,41.7
122,DKI Jakarta,Perkotaan,Perempuan,23.0,Diploma,Karyawan Swasta,Belum Menikah,0.0,6600000.0,4401000,311000.0,409000.0,188000.0,317000.0,12000.0,1075000.0,288000.0,334000.0,,572000.0,303000.0,214000.0,0.0,2199000.0,,52.2
621,DI Yogyakarta,Perkotaan,Perempuan,20.0,SD,Buruh/Pekerja Harian,Menikah,2.0,,699000,,145000.0,64000.0,84000.0,35000.0,66000.0,20000.0,22000.0,23000.0,44000.0,24000.0,8000.0,107000.0,351000.0,,54.1
1860,Kalimantan Timur,Perdesaan,Laki-laki,38.0,SMA/SMK,Karyawan Swasta,,2.0,2600000.0,2101000,204000.0,312000.0,,191000.0,8000.0,402000.0,113000.0,68000.0,96000.0,160000.0,75000.0,110000.0,497000.0,499000.0,,57.6
555,Sulawesi Selatan,Perkotaan,Perempuan,49.0,SMA/SMK,Buruh/Pekerja Harian,Menikah,1.0,2150000.0,1433000,238000.0,230000.0,115000.0,175000.0,17000.0,155000.0,36000.0,39000.0,42000.0,91000.0,55000.0,43000.0,,717000.0,33.4,70.8
916,Bali,Perkotaan,Perempuan,17.0,Sarjana (S1),Karyawan Swasta,Menikah,2.0,5450000.0,4650000,543000.0,695000.0,238000.0,500000.0,,810000.0,162000.0,211000.0,290000.0,325000.0,129000.0,158000.0,6000.0,800000.0,14.7,70.2
1566,DKI Jakarta,Perdesaan,Perempuan,26.0,SMA/SMK,Tidak Bekerja,Menikah,4.0,2000000.0,1606000,168000.0,247000.0,104000.0,174000.0,83000.0,276000.0,63000.0,73000.0,101000.0,105000.0,48000.0,45000.0,,394000.0,19.7,33.6
1541,Jawa Tengah,Perdesaan,Laki-laki,26.0,SD,Buruh/Pekerja Harian,Belum Menikah,0.0,1700000.0,1268000,152000.0,,85000.0,148000.0,44000.0,166000.0,63000.0,76000.0,0.0,103000.0,35000.0,42000.0,0.0,,25.4,23.2
116,Bali,Perdesaan,Perempuan,20.0,Diploma,Wiraswasta,Cerai/Janda/Duda,1.0,3400000.0,2884000,311000.0,329000.0,218000.0,198000.0,110000.0,546000.0,114000.0,105000.0,,287000.0,122000.0,154000.0,0.0,516000.0,15.2,53.0
1973,Kalimantan Timur,Perdesaan,Perempuan,58.0,,Karyawan Swasta,Belum Menikah,0.0,,2711000,272000.0,329000.0,168000.0,256000.0,,462000.0,134000.0,154000.0,0.0,281000.0,124000.0,151000.0,0.0,339000.0,11.1,82.9
768,Banten,Perkotaan,Perempuan,17.0,Pascasarjana (S2/S3),Tidak Bekerja,Belum Menikah,0.0,,1151000,159000.0,165000.0,98000.0,167000.0,2000.0,200000.0,49000.0,50000.0,0.0,80000.0,44000.0,30000.0,32000.0,549000.0,32.3,52.0
1859,Kalimantan Timur,Perkotaan,Laki-laki,46.0,Diploma,Wiraswasta,Cerai/Janda/Duda,1.0,11200000.0,9755000,1068000.0,1280000.0,513000.0,658000.0,203000.0,1996000.0,558000.0,447000.0,333000.0,919000.0,448000.0,219000.0,635000.0,1445000.0,12.9,53.5
1238,Jawa Barat,Perdesaan,Perempuan,33.0,SD,PNS/ASN,Menikah,,1500000.0,1011000,145000.0,154000.0,86000.0,142000.0,20000.0,99000.0,47000.0,51000.0,30000.0,84000.0,25000.0,16000.0,,489000.0,32.6,74.4
1889,Sumatera Selatan,Perdesaan,Perempuan,17.0,Tidak Sekolah,Buruh/Pekerja Harian,Belum Menikah,0.0,500000.0,380000,,,32000.0,74000.0,20000.0,36000.0,7000.0,10000.0,0.0,13000.0,11000.0,5000.0,70000.0,120000.0,24.0,
71,Jawa Tengah,Perdesaan,Perempuan,29.0,SD,Buruh/Pekerja Harian,Menikah,1.0,750000.0,471000,77000.0,73000.0,42000.0,63000.0,12000.0,49000.0,12000.0,20000.0,27000.0,35000.0,16000.0,7000.0,112000.0,229000.0,32.8,57.1
995,DKI Jakarta,Perkotaan,Perempuan,17.0,Diploma,Buruh/Pekerja Harian,Cerai/Janda/Duda,1.0,,5675000,470000.0,585000.0,288000.0,318000.0,74000.0,974000.0,199000.0,211000.0,346000.0,,329000.0,245000.0,0.0,975000.0,14.7,48.1
1381,Sulawesi Selatan,Perkotaan,Perempuan,18.0,Sarjana (S1),Karyawan Swasta,Menikah,3.0,2750000.0,2227000,,337000.0,211000.0,251000.0,,,62000.0,75000.0,118000.0,133000.0,52000.0,42000.0,0.0,523000.0,19.0,63.8
737,Sumatera Selatan,Perkotaan,Perempuan,23.0,SMA/SMK,Karyawan Swasta,Menikah,1.0,4450000.0,3147000,282000.0,331000.0,156000.0,208000.0,91000.0,,138000.0,227000.0,233000.0,,130000.0,61000.0,732000.0,,29.3,54.0
1018,Jawa Timur,Perdesaan,Laki-laki,25.0,SMA/SMK,Wiraswasta,Menikah,3.0,4200000.0,3237000,340000.0,368000.0,240000.0,292000.0,63000.0,444000.0,133000.0,176000.0,225000.0,247000.0,147000.0,143000.0,0.0,963000.0,22.9,41.7
786,Kalimantan Timur,Perkotaan,Perempuan,20.0,SMA/SMK,Buruh/Pekerja Harian,Cerai/Janda/Duda,0.0,3750000.0,3097000,343000.0,386000.0,149000.0,325000.0,168000.0,523000.0,112000.0,182000.0,0.0,298000.0,108000.0,52000.0,0.0,653000.0,17.4,69.5
783,Jawa Timur,Perdesaan,Perempuan,43.0,SMP,Wiraswasta,Menikah,0.0,2900000.0,2068000,249000.0,261000.0,109000.0,207000.0,70000.0,266000.0,73000.0,104000.0,,218000.0,94000.0,95000.0,0.0,832000.0,28.7,35.5
1428,Banten,Perkotaan,Laki-laki,50.0,SD,PNS/ASN,Menikah,3.0,4600000.0,3989000,378000.0,428000.0,208000.0,496000.0,180000.0,602000.0,218000.0,121000.0,189000.0,401000.0,142000.0,102000.0,567000.0,611000.0,13.3,34.1
1925,Jawa Barat,Perkotaan,Laki-laki,34.0,SMA/SMK,Buruh/Pekerja Harian,Menikah,1.0,2850000.0,2357000,288000.0,374000.0,136000.0,319000.0,22000.0,300000.0,96000.0,122000.0,92000.0,234000.0,103000.0,54000.0,397000.0,493000.0,17.3,61.1
1688,DKI Jakarta,Perdesaan,Laki-laki,31.0,Diploma,PNS/ASN,Belum Menikah,0.0,10400000.0,8070000,528000.0,,430000.0,537000.0,235000.0,1360000.0,477000.0,475000.0,,805000.0,291000.0,537000.0,1650000.0,2330000.0,22.4,
1532,Jawa Timur,Perkotaan,Laki-laki,32.0,SD,PNS/ASN,Menikah,0.0,4000000.0,2936000,281000.0,313000.0,114000.0,176000.0,,393000.0,92000.0,198000.0,0.0,229000.0,135000.0,76000.0,0.0,1064000.0,26.6,56.4
789,Jawa Tengah,Perdesaan,Perempuan,35.0,Sarjana (S1),Karyawan Swasta,Belum Menikah,0.0,5250000.0,4177000,527000.0,477000.0,309000.0,358000.0,145000.0,480000.0,188000.0,234000.0,0.0,319000.0,142000.0,158000.0,340000.0,1073000.0,20.4,54.4
870,Jawa Barat,Perdesaan,Laki-laki,17.0,SD,Buruh/Pekerja Harian,Belum Menikah,,1100000.0,764000,119000.0,139000.0,81000.0,72000.0,56000.0,84000.0,17000.0,15000.0,0.0,44000.0,18000.0,15000.0,0.0,,30.6,37.1
1594,Jawa Barat,Perkotaan,Perempuan,17.0,Sarjana (S1),Pelajar/Mahasiswa,Menikah,4.0,1850000.0,1664000,212000.0,198000.0,123000.0,210000.0,83000.0,254000.0,77000.0,93000.0,107000.0,149000.0,70000.0,57000.0,125000.0,186000.0,10.1,76.2
1407,Jawa Timur,Perkotaan,Perempuan,41.0,Pascasarjana (S2/S3),,Menikah,3.0,7200000.0,5520000,414000.0,478000.0,271000.0,248000.0,40000.0,1298000.0,207000.0,257000.0,333000.0,684000.0,305000.0,378000.0,0.0,1680000.0,,65.0
941,Kalimantan Timur,Perdesaan,Laki-laki,37.0,SMA/SMK,Karyawan Swasta,Menikah,4.0,4600000.0,4158000,432000.0,630000.0,261000.0,327000.0,150000.0,691000.0,147000.0,119000.0,,320000.0,133000.0,100000.0,0.0,442000.0,9.6,56.4
708,Sumatera Utara,Perkotaan,Perempuan,17.0,SMP,Karyawan Swasta,Belum Menikah,0.0,,5383000,330000.0,,251000.0,330000.0,130000.0,1226000.0,350000.0,234000.0,0.0,561000.0,327000.0,318000.0,301000.0,1217000.0,18.4,53.0
530,Jawa Barat,Perkotaan,Laki-laki,36.0,Diploma,Karyawan Swasta,Menikah,,5800000.0,5093000,515000.0,585000.0,263000.0,445000.0,10000.0,1040000.0,311000.0,195000.0,0.0,349000.0,178000.0,237000.0,984000.0,707000.0,12.2,56.4
1429,Nusa Tenggara Barat,Perkotaan,Laki-laki,43.0,SMP,PNS/ASN,Belum Menikah,0.0,3000000.0,2143000,200000.0,283000.0,127000.0,171000.0,15000.0,394000.0,63000.0,67000.0,0.0,147000.0,115000.0,42000.0,535000.0,857000.0,28.6,27.0
1252,DKI Jakarta,Perkotaan,Perempuan,45.0,SMA/SMK,Wiraswasta,Belum Menikah,0.0,6850000.0,5135000,423000.0,410000.0,184000.0,285000.0,21000.0,821000.0,285000.0,360000.0,,590000.0,262000.0,120000.0,230000.0,,25.0,68.2
1542,Sumatera Utara,Perkotaan,Perempuan,34.0,SD,Buruh/Pekerja Harian,Cerai/Janda/Duda,0.0,1550000.0,1414000,178000.0,271000.0,94000.0,150000.0,8000.0,134000.0,49000.0,49000.0,0.0,108000.0,40000.0,59000.0,0.0,136000.0,8.8,52.4
931,Jawa Tengah,Perkotaan,Perempuan,17.0,Tidak Sekolah,Buruh/Pekerja Harian,Belum Menikah,0.0,1250000.0,993000,159000.0,219000.0,85000.0,189000.0,26000.0,104000.0,24000.0,33000.0,0.0,32000.0,20000.0,24000.0,,257000.0,20.6,28.9
1034,Kalimantan Timur,Perkotaan,Laki-laki,41.0,SD,Tidak Bekerja,Menikah,0.0,,1040000,199000.0,213000.0,68000.0,138000.0,42000.0,100000.0,29000.0,43000.0,0.0,69000.0,20000.0,18000.0,,110000.0,9.6,32.9
1055,Jawa Timur,Perkotaan,Perempuan,44.0,Sarjana (S1),Karyawan Swasta,Belum Menikah,0.0,9500000.0,8736000,842000.0,836000.0,,526000.0,,1322000.0,524000.0,,0.0,1038000.0,355000.0,312000.0,382000.0,764000.0,8.0,47.3
1853,Sumatera Utara,Perkotaan,Laki-laki,24.0,,Karyawan Swasta,Belum Menikah,0.0,2850000.0,2324000,314000.0,356000.0,164000.0,281000.0,52000.0,312000.0,87000.0,,0.0,208000.0,75000.0,106000.0,0.0,526000.0,18.4,57.6
1697,Sumatera Utara,Perkotaan,Perempuan,19.0,Sarjana (S1),Buruh/Pekerja Harian,Cerai/Janda/Duda,0.0,3850000.0,3014000,344000.0,448000.0,183000.0,325000.0,54000.0,423000.0,115000.0,91000.0,0.0,222000.0,101000.0,107000.0,,836000.0,21.7,69.8
1576,Jawa Timur,Perkotaan,Laki-laki,27.0,Sarjana (S1),Wiraswasta,Belum Menikah,0.0,9050000.0,6885000,561000.0,606000.0,,523000.0,248000.0,1030000.0,398000.0,376000.0,,604000.0,432000.0,289000.0,802000.0,2165000.0,23.9,54.4
1176,Kalimantan Timur,Perkotaan,Perempuan,44.0,SMA/SMK,Buruh/Pekerja Harian,Menikah,2.0,3500000.0,2294000,183000.0,306000.0,113000.0,,102000.0,481000.0,133000.0,159000.0,111000.0,162000.0,116000.0,90000.0,0.0,1206000.0,34.5,53.0
355,Jawa Barat,Perkotaan,Laki-laki,28.0,SMA/SMK,Wiraswasta,Belum Menikah,0.0,12550000.0,8261000,574000.0,,431000.0,574000.0,167000.0,1423000.0,485000.0,584000.0,0.0,982000.0,480000.0,,0.0,4289000.0,34.2,
813,Jawa Timur,Perdesaan,Laki-laki,56.0,Sarjana (S1),Pelajar/Mahasiswa,Menikah,2.0,1300000.0,884000,147000.0,190000.0,,83000.0,32000.0,99000.0,29000.0,,36000.0,,33000.0,27000.0,0.0,416000.0,32.0,71.2
1274,Banten,Perdesaan,Laki-laki,36.0,SD,Karyawan Swasta,Cerai/Janda/Duda,2.0,2150000.0,1857000,205000.0,273000.0,130000.0,185000.0,42000.0,193000.0,55000.0,67000.0,118000.0,108000.0,61000.0,31000.0,263000.0,293000.0,13.6,46.6
64,Jawa Timur,Perdesaan,Laki-laki,35.0,SMA/SMK,,Cerai/Janda/Duda,0.0,850000.0,765000,136000.0,,76000.0,130000.0,6000.0,72000.0,13000.0,25000.0,0.0,,,7000.0,0.0,85000.0,10.0,48.9
1615,DI Yogyakarta,Perkotaan,Laki-laki,37.0,Sarjana (S1),Wiraswasta,Belum Menikah,0.0,4050000.0,2693000,,411000.0,151000.0,225000.0,131000.0,409000.0,75000.0,162000.0,0.0,194000.0,97000.0,,286000.0,,33.5,71.7
484,Jawa Tengah,Perkotaan,Perempuan,55.0,SD,Karyawan Swasta,Belum Menikah,0.0,3550000.0,3239000,262000.0,318000.0,133000.0,289000.0,,514000.0,199000.0,162000.0,0.0,232000.0,148000.0,,326000.0,,8.8,48.7
1869,DKI Jakarta,Perdesaan,Perempuan,45.0,Sarjana (S1),Karyawan Swasta,Belum Menikah,0.0,10300000.0,8062000,710000.0,827000.0,412000.0,445000.0,213000.0,1451000.0,544000.0,366000.0,0.0,643000.0,519000.0,452000.0,325000.0,,21.7,68.8
1426,Bali,Perdesaan,Laki-laki,40.0,,Buruh/Pekerja Harian,Menikah,2.0,750000.0,579000,84000.0,99000.0,55000.0,98000.0,13000.0,63000.0,12000.0,15000.0,25000.0,34000.0,13000.0,8000.0,0.0,171000.0,22.8,34.4
1660,Jawa Barat,Perkotaan,Laki-laki,40.0,SMP,Karyawan Swasta,Belum Menikah,0.0,2900000.0,2103000,264000.0,268000.0,112000.0,157000.0,59000.0,366000.0,59000.0,99000.0,0.0,185000.0,89000.0,103000.0,33000.0,797000.0,27.5,32.5
1291,Jawa Barat,Perkotaan,Perempuan,44.0,SMA/SMK,Karyawan Swasta,,1.0,4450000.0,3592000,430000.0,414000.0,,253000.0,54000.0,544000.0,202000.0,197000.0,264000.0,273000.0,118000.0,,0.0,858000.0,19.3,36.1
1880,Jawa Barat,Perkotaan,Laki-laki,35.0,SMA/SMK,Karyawan Swasta,Menikah,2.0,4500000.0,3305000,404000.0,483000.0,176000.0,337000.0,92000.0,604000.0,94000.0,132000.0,252000.0,226000.0,104000.0,,,1195000.0,26.6,56.3
1084,Sumatera Selatan,Perdesaan,Perempuan,48.0,SMA/SMK,Buruh/Pekerja Harian,Belum Menikah,0.0,1600000.0,1217000,203000.0,185000.0,91000.0,141000.0,76000.0,130000.0,39000.0,34000.0,0.0,81000.0,50000.0,27000.0,292000.0,383000.0,23.9,40.7
618,Jawa Barat,Perkotaan,Perempuan,45.0,SMA/SMK,Wiraswasta,Cerai/Janda/Duda,0.0,3300000.0,2813000,232000.0,335000.0,,,118000.0,362000.0,132000.0,194000.0,0.0,280000.0,113000.0,102000.0,588000.0,487000.0,14.7,58.0
1745,DI Yogyakarta,Perdesaan,Laki-laki,39.0,Tidak Sekolah,Tidak Bekerja,Menikah,4.0,500000.0,357000,67000.0,62000.0,38000.0,40000.0,18000.0,34000.0,13000.0,8000.0,12000.0,22000.0,,7000.0,0.0,143000.0,28.7,19.9
694,DKI Jakarta,Perdesaan,Perempuan,62.0,Diploma,PNS/ASN,Menikah,4.0,4950000.0,4276000,326000.0,408000.0,196000.0,359000.0,77000.0,557000.0,264000.0,315000.0,210000.0,467000.0,213000.0,126000.0,0.0,674000.0,13.6,47.7
915,Jawa Tengah,Perkotaan,Perempuan,34.0,Sarjana (S1),Karyawan Swasta,Menikah,1.0,6300000.0,5212000,368000.0,401000.0,194000.0,302000.0,174000.0,1229000.0,260000.0,427000.0,316000.0,625000.0,368000.0,,373000.0,1088000.0,17.3,75.8
1830,Banten,Perkotaan,Laki-laki,31.0,SD,Wiraswasta,Menikah,3.0,6000000.0,4282000,356000.0,402000.0,199000.0,,39000.0,1001000.0,175000.0,228000.0,259000.0,477000.0,224000.0,190000.0,499000.0,1718000.0,28.6,48.3
858,DI Yogyakarta,Perdesaan,Laki-laki,28.0,Diploma,Tidak Bekerja,Cerai/Janda/Duda,0.0,900000.0,586000,98000.0,96000.0,45000.0,74000.0,35000.0,62000.0,23000.0,23000.0,0.0,38000.0,16000.0,12000.0,80000.0,314000.0,34.9,52.6
1957,Jawa Barat,Perdesaan,Laki-laki,44.0,Diploma,PNS/ASN,Menikah,2.0,,2437000,339000.0,346000.0,208000.0,248000.0,67000.0,385000.0,76000.0,145000.0,167000.0,240000.0,103000.0,118000.0,292000.0,413000.0,14.5,56.5
1622,DI Yogyakarta,Perkotaan,Laki-laki,40.0,SMA/SMK,Pelajar/Mahasiswa,Belum Menikah,0.0,850000.0,598000,105000.0,102000.0,49000.0,78000.0,38000.0,72000.0,12000.0,13000.0,0.0,36000.0,16000.0,11000.0,22000.0,252000.0,29.6,58.3
1138,Jawa Timur,Perkotaan,Laki-laki,34.0,SMA/SMK,Karyawan Swasta,Menikah,1.0,6400000.0,4621000,359000.0,532000.0,160000.0,281000.0,,980000.0,206000.0,291000.0,321000.0,323000.0,246000.0,264000.0,38000.0,1779000.0,27.8,
24,DKI Jakarta,Perkotaan,Laki-laki,28.0,SMP,PNS/ASN,Menikah,2.0,5500000.0,4942000,472000.0,636000.0,377000.0,,51000.0,614000.0,182000.0,222000.0,296000.0,363000.0,194000.0,218000.0,0.0,558000.0,10.1,47.2
1785,Jawa Barat,Perkotaan,Laki-laki,38.0,SMP,Karyawan Swasta,Menikah,2.0,3200000.0,2176000,243000.0,282000.0,116000.0,183000.0,17000.0,405000.0,,72000.0,114000.0,246000.0,94000.0,68000.0,130000.0,1024000.0,32.0,69.3
535,Sulawesi Selatan,Perdesaan,Laki-laki,30.0,SD,Buruh/Pekerja Harian,Menikah,0.0,1200000.0,1102000,176000.0,213000.0,77000.0,107000.0,22000.0,105000.0,27000.0,28000.0,0.0,70000.0,29000.0,39000.0,0.0,98000.0,8.2,35.9
199,Kalimantan Timur,Perkotaan,Laki-laki,53.0,SD,Wiraswasta,Belum Menikah,0.0,6000000.0,3985000,289000.0,267000.0,105000.0,220000.0,103000.0,710000.0,211000.0,157000.0,0.0,430000.0,234000.0,208000.0,0.0,2015000.0,33.6,36.5
50,Sumatera Utara,Perkotaan,Laki-laki,34.0,SMP,Wiraswasta,Belum Menikah,0.0,4350000.0,3294000,253000.0,364000.0,184000.0,320000.0,28000.0,,116000.0,199000.0,0.0,360000.0,109000.0,201000.0,0.0,1056000.0,,43.6
174,Jawa Barat,Perkotaan,Laki-laki,35.0,Pascasarjana (S2/S3),Karyawan Swasta,Menikah,1.0,7800000.0,6823000,,774000.0,241000.0,583000.0,39000.0,1187000.0,350000.0,354000.0,461000.0,904000.0,257000.0,350000.0,0.0,977000.0,12.5,88.9
839,DKI Jakarta,Perdesaan,Laki-laki,35.0,SMA/SMK,PNS/ASN,Menikah,0.0,5600000.0,4586000,472000.0,661000.0,239000.0,330000.0,163000.0,721000.0,192000.0,152000.0,0.0,389000.0,128000.0,176000.0,734000.0,1014000.0,18.1,57.5
433,Banten,Perdesaan,Laki-laki,36.0,SMA/SMK,Wiraswasta,Cerai/Janda/Duda,2.0,6250000.0,4623000,292000.0,333000.0,185000.0,324000.0,,1198000.0,219000.0,383000.0,,469000.0,298000.0,128000.0,665000.0,1627000.0,26.0,64.3
890,Sulawesi Selatan,Perdesaan,Laki-laki,48.0,SMA/SMK,Karyawan Swasta,Menikah,,,2935000,340000.0,451000.0,233000.0,399000.0,,377000.0,101000.0,123000.0,,230000.0,128000.0,100000.0,43000.0,315000.0,,72.2
1072,Jawa Barat,Perkotaan,Laki-laki,31.0,SMA/SMK,Karyawan Swasta,Belum Menikah,0.0,8150000.0,5930000,398000.0,436000.0,207000.0,398000.0,2000.0,1058000.0,250000.0,258000.0,0.0,858000.0,302000.0,293000.0,77000.0,2220000.0,27.2,73.6
1259,Jawa Timur,Perdesaan,Perempuan,17.0,Sarjana (S1),Pelajar/Mahasiswa,Belum Menikah,0.0,1850000.0,1598000,213000.0,244000.0,128000.0,160000.0,35000.0,265000.0,62000.0,84000.0,,137000.0,63000.0,67000.0,0.0,252000.0,13.6,78.6
943,Banten,Perdesaan,Laki-laki,35.0,SD,Karyawan Swasta,Menikah,0.0,2200000.0,1518000,189000.0,253000.0,106000.0,136000.0,,189000.0,40000.0,67000.0,0.0,119000.0,39000.0,43000.0,0.0,682000.0,31.0,47.7
472,Bali,Perdesaan,Laki-laki,27.0,Sarjana (S1),Buruh/Pekerja Harian,Belum Menikah,0.0,1550000.0,1310000,,202000.0,109000.0,98000.0,35000.0,225000.0,63000.0,72000.0,0.0,95000.0,51000.0,50000.0,102000.0,240000.0,15.5,61.1
72,Sumatera Utara,Perdesaan,Perempuan,56.0,SD,Karyawan Swasta,Cerai/Janda/Duda,0.0,1050000.0,856000,155000.0,145000.0,58000.0,95000.0,56000.0,98000.0,21000.0,,0.0,61000.0,30000.0,,,194000.0,18.5,16.1
1902,Jawa Tengah,Perdesaan,Laki-laki,31.0,SD,Wiraswasta,Belum Menikah,,2700000.0,2142000,227000.0,276000.0,116000.0,165000.0,4000.0,408000.0,,122000.0,0.0,125000.0,,84000.0,213000.0,558000.0,,36.9
1875,Jawa Barat,Perkotaan,Perempuan,44.0,SMA/SMK,Tidak Bekerja,Menikah,3.0,1000000.0,786000,94000.0,145000.0,67000.0,123000.0,41000.0,94000.0,17000.0,36000.0,17000.0,58000.0,24000.0,28000.0,0.0,214000.0,,42.1
423,Bali,Perkotaan,Perempuan,29.0,Sarjana (S1),Tidak Bekerja,Menikah,1.0,2000000.0,1496000,157000.0,210000.0,124000.0,,74000.0,238000.0,59000.0,88000.0,78000.0,149000.0,52000.0,31000.0,235000.0,504000.0,25.2,69.7
820,DKI Jakarta,Perkotaan,Perempuan,20.0,Diploma,Karyawan Swasta,Cerai/Janda/Duda,,8400000.0,6982000,536000.0,660000.0,336000.0,701000.0,3000.0,1441000.0,240000.0,379000.0,,766000.0,240000.0,269000.0,111000.0,,16.9,75.7
459,Kalimantan Timur,Perdesaan,Laki-laki,26.0,SMA/SMK,Karyawan Swasta,Menikah,2.0,,2391000,184000.0,231000.0,92000.0,153000.0,26000.0,344000.0,146000.0,105000.0,92000.0,228000.0,137000.0,114000.0,0.0,1209000.0,33.6,73.4
1848,DKI Jakarta,Perdesaan,Laki-laki,28.0,Sarjana (S1),Buruh/Pekerja Harian,Belum Menikah,0.0,7050000.0,5613000,419000.0,643000.0,243000.0,574000.0,89000.0,883000.0,349000.0,331000.0,,635000.0,260000.0,340000.0,616000.0,1437000.0,20.4,75.7
808,DKI Jakarta,Perkotaan,Perempuan,39.0,SD,Buruh/Pekerja Harian,Cerai/Janda/Duda,1.0,,5438000,437000.0,567000.0,341000.0,538000.0,34000.0,912000.0,295000.0,,454000.0,349000.0,295000.0,242000.0,0.0,662000.0,10.9,40.0
1134,Jawa Timur,Perkotaan,Perempuan,51.0,SMP,PNS/ASN,Belum Menikah,0.0,4350000.0,2898000,314000.0,329000.0,120000.0,172000.0,16000.0,491000.0,151000.0,172000.0,0.0,207000.0,148000.0,106000.0,0.0,1452000.0,33.4,36.1
1582,DKI Jakarta,Perdesaan,Perempuan,38.0,SD,Karyawan Swasta,Belum Menikah,0.0,2550000.0,2274000,295000.0,396000.0,201000.0,253000.0,81000.0,,111000.0,78000.0,0.0,200000.0,73000.0,58000.0,0.0,276000.0,10.8,45.1
1513,Sumatera Utara,Perkotaan,Perempuan,17.0,SMP,Karyawan Swasta,Menikah,2.0,3000000.0,2495000,,335000.0,153000.0,181000.0,34000.0,314000.0,144000.0,166000.0,87000.0,233000.0,145000.0,122000.0,0.0,505000.0,16.8,35.0
255,Jawa Timur,Perkotaan,Laki-laki,42.0,Sarjana (S1),Tidak Bekerja,Menikah,0.0,1950000.0,1757000,,292000.0,115000.0,268000.0,,273000.0,,52000.0,0.0,95000.0,71000.0,34000.0,,243000.0,12.2,64.6
1243,Sumatera Selatan,Perdesaan,Perempuan,35.0,SMA/SMK,,Menikah,2.0,2100000.0,1608000,,266000.0,128000.0,133000.0,23000.0,166000.0,41000.0,53000.0,,155000.0,57000.0,56000.0,400000.0,492000.0,23.4,70.6
999,Sumatera Utara,Perdesaan,Laki-laki,36.0,SMA/SMK,Wiraswasta,Menikah,1.0,5900000.0,4370000,415000.0,458000.0,199000.0,308000.0,79000.0,870000.0,157000.0,,211000.0,465000.0,137000.0,114000.0,0.0,1530000.0,25.9,52.9
257,Jawa Timur,Perdesaan,Laki-laki,44.0,SMA/SMK,Karyawan Swasta,Menikah,4.0,3300000.0,2433000,203000.0,285000.0,104000.0,189000.0,78000.0,428000.0,104000.0,120000.0,160000.0,151000.0,81000.0,138000.0,0.0,867000.0,26.3,58.2
1478,DKI Jakarta,Perdesaan,Laki-laki,30.0,SMA/SMK,PNS/ASN,Belum Menikah,0.0,1450000.0,1041000,148000.0,222000.0,105000.0,178000.0,10000.0,,29000.0,41000.0,0.0,70000.0,34000.0,12000.0,261000.0,409000.0,28.2,60.4
1997,Jawa Barat,Perkotaan,Perempuan,41.0,Sarjana (S1),Karyawan Swasta,Belum Menikah,0.0,3300000.0,2773000,286000.0,436000.0,214000.0,362000.0,43000.0,,124000.0,113000.0,0.0,156000.0,83000.0,105000.0,0.0,527000.0,16.0,
465,Jawa Barat,Perkotaan,Perempuan,43.0,,Karyawan Swasta,Menikah,1.0,2500000.0,2007000,225000.0,288000.0,142000.0,193000.0,103000.0,242000.0,51000.0,78000.0,55000.0,104000.0,57000.0,83000.0,413000.0,493000.0,19.7,30.0
479,Jawa Barat,Perkotaan,Perempuan,54.0,SMA/SMK,Wiraswasta,Cerai/Janda/Duda,0.0,10750000.0,7835000,677000.0,800000.0,302000.0,397000.0,3000.0,1422000.0,380000.0,642000.0,0.0,791000.0,338000.0,497000.0,0.0,2915000.0,27.1,47.7
562,Jawa Tengah,Perdesaan,Laki-laki,24.0,SMP,PNS/ASN,Belum Menikah,0.0,,1515000,190000.0,232000.0,134000.0,215000.0,,204000.0,74000.0,57000.0,0.0,104000.0,45000.0,29000.0,,185000.0,10.9,52.0
1224,Jawa Tengah,Perdesaan,Laki-laki,44.0,SMA/SMK,Wiraswasta,Menikah,2.0,2600000.0,1769000,242000.0,303000.0,154000.0,208000.0,87000.0,173000.0,65000.0,85000.0,109000.0,124000.0,52000.0,33000.0,0.0,831000.0,31.9,52.4
21,Jawa Tengah,Perkotaan,Laki-laki,38.0,Pascasarjana (S2/S3),Pelajar/Mahasiswa,Menikah,3.0,2750000.0,2418000,311000.0,409000.0,153000.0,406000.0,,242000.0,86000.0,96000.0,89000.0,115000.0,86000.0,69000.0,,,12.1,71.7
1250,DKI Jakarta,Perdesaan,Laki-laki,31.0,Sarjana (S1),Wiraswasta,Belum Menikah,0.0,12600000.0,10379000,,1217000.0,504000.0,843000.0,425000.0,1661000.0,527000.0,493000.0,0.0,716000.0,475000.0,470000.0,0.0,2221000.0,17.6,81.9
1117,Jawa Barat,Perkotaan,Laki-laki,63.0,Sarjana (S1),Karyawan Swasta,Belum Menikah,0.0,7650000.0,5787000,,521000.0,288000.0,388000.0,,990000.0,230000.0,357000.0,,472000.0,284000.0,242000.0,0.0,1863000.0,24.4,62.3
382,DKI Jakarta,Perdesaan,Perempuan,36.0,Sarjana (S1),Karyawan Swasta,Menikah,3.0,4550000.0,3475000,362000.0,384000.0,185000.0,388000.0,62000.0,637000.0,,169000.0,261000.0,422000.0,168000.0,,0.0,1075000.0,,78.8
1230,Jawa Tengah,Perkotaan,Perempuan,31.0,Sarjana (S1),PNS/ASN,Menikah,4.0,7300000.0,6444000,437000.0,441000.0,311000.0,515000.0,80000.0,1611000.0,268000.0,458000.0,325000.0,585000.0,418000.0,265000.0,0.0,856000.0,11.7,69.8
765,Jawa Barat,Perdesaan,Perempuan,35.0,SMA/SMK,PNS/ASN,Menikah,2.0,2350000.0,1569000,147000.0,209000.0,113000.0,130000.0,56000.0,258000.0,53000.0,78000.0,,125000.0,57000.0,62000.0,201000.0,781000.0,33.2,43.5
1019,DKI Jakarta,Perdesaan,Perempuan,28.0,Sarjana (S1),Wiraswasta,,4.0,9750000.0,8591000,680000.0,1145000.0,358000.0,939000.0,114000.0,1519000.0,270000.0,542000.0,319000.0,735000.0,473000.0,410000.0,0.0,1159000.0,11.9,58.7
1636,Bali,Perkotaan,Laki-laki,19.0,SMP,Karyawan Swasta,Menikah,3.0,6500000.0,4327000,362000.0,498000.0,238000.0,243000.0,44000.0,842000.0,177000.0,298000.0,148000.0,332000.0,,264000.0,1149000.0,2173000.0,33.4,18.5
1641,Nusa Tenggara Barat,Perdesaan,Perempuan,33.0,Diploma,Wiraswasta,Belum Menikah,0.0,5700000.0,5030000,703000.0,769000.0,317000.0,,51000.0,587000.0,,235000.0,0.0,446000.0,174000.0,181000.0,0.0,670000.0,11.8,53.2
1293,Jawa Timur,Perdesaan,Perempuan,39.0,SD,Karyawan Swasta,Belum Menikah,0.0,2100000.0,1744000,290000.0,292000.0,174000.0,218000.0,24000.0,167000.0,75000.0,55000.0,0.0,87000.0,38000.0,38000.0,224000.0,,17.0,47.7
1413,Jawa Tengah,Perkotaan,Perempuan,17.0,SMP,Wiraswasta,Menikah,2.0,4800000.0,3883000,291000.0,372000.0,216000.0,270000.0,27000.0,720000.0,153000.0,173000.0,282000.0,437000.0,219000.0,160000.0,,917000.0,19.1,37.4
680,Jawa Timur,Perdesaan,Perempuan,17.0,Sarjana (S1),,Cerai/Janda/Duda,0.0,3550000.0,2887000,295000.0,409000.0,142000.0,228000.0,132000.0,359000.0,137000.0,,0.0,255000.0,144000.0,71000.0,99000.0,663000.0,18.7,43.9
894,Bali,Perdesaan,Perempuan,44.0,,Buruh/Pekerja Harian,Belum Menikah,0.0,1900000.0,1338000,180000.0,219000.0,75000.0,130000.0,,170000.0,58000.0,66000.0,0.0,110000.0,33000.0,26000.0,,562000.0,29.6,31.3
1084,Sumatera Selatan,Perdesaan,Perempuan,48.0,SMA/SMK,Buruh/Pekerja Harian,Belum Menikah,0.0,1550000.0,1217000,203000.0,185000.0,91000.0,141000.0,76000.0,130000.0,39000.0,34000.0,0.0,81000.0,50000.0,27000.0,292000.0,383000.0,23.9,40.7
1119,Sulawesi Selatan,Perkotaan,Perempuan,51.0,SMA/SMK,Karyawan Swasta,Belum Menikah,0.0,6400000.0,4271000,418000.0,496000.0,218000.0,453000.0,152000.0,865000.0,180000.0,231000.0,,488000.0,257000.0,252000.0,185000.0,2179000.0,,63.5
428,DKI Jakarta,Perdesaan,Perempuan,43.0,SMA/SMK,Buruh/Pekerja Harian,Menikah,3.0,2600000.0,1938000,288000.0,,111000.0,235000.0,,216000.0,66000.0,110000.0,70000.0,157000.0,82000.0,58000.0,383000.0,662000.0,25.4,29.0
375,Jawa Barat,Perkotaan,Perempuan,30.0,SMA/SMK,Buruh/Pekerja Harian,Menikah,1.0,1750000.0,1325000,164000.0,208000.0,101000.0,,21000.0,156000.0,31000.0,63000.0,40000.0,63000.0,50000.0,51000.0,,425000.0,24.3,65.6
271,Banten,Perkotaan,Laki-laki,43.0,Sarjana (S1),Wiraswasta,Menikah,4.0,9250000.0,6550000,420000.0,490000.0,239000.0,526000.0,135000.0,1235000.0,456000.0,252000.0,335000.0,738000.0,381000.0,155000.0,0.0,2700000.0,29.2,
1500,Jawa Barat,Perkotaan,Perempuan,32.0,SD,Karyawan Swasta,Belum Menikah,0.0,3250000.0,2811000,304000.0,,194000.0,329000.0,29000.0,505000.0,151000.0,103000.0,0.0,262000.0,136000.0,,0.0,439000.0,13.5,44.3
1959,Kalimantan Timur,Perkotaan,Laki-laki,33.0,SD,Wiraswasta,Belum Menikah,0.0,8950000.0,7244000,673000.0,,367000.0,387000.0,118000.0,1160000.0,,394000.0,0.0,984000.0,476000.0,352000.0,0.0,1706000.0,19.1,61.6
1104,Kalimantan Timur,Perkotaan,Perempuan,27.0,SMA/SMK,Karyawan Swasta,Menikah,1.0,4700000.0,4103000,413000.0,497000.0,240000.0,431000.0,157000.0,587000.0,187000.0,182000.0,287000.0,275000.0,148000.0,141000.0,539000.0,597000.0,12.7,48.4
1911,Jawa Timur,Perkotaan,Laki-laki,44.0,Sarjana (S1),Wiraswasta,Menikah,3.0,11300000.0,9991000,963000.0,1227000.0,388000.0,913000.0,,1988000.0,518000.0,325000.0,700000.0,730000.0,364000.0,258000.0,0.0,1309000.0,11.6,78.9
446,DKI Jakarta,Perkotaan,Laki-laki,26.0,SMA/SMK,Pelajar/Mahasiswa,Menikah,3.0,1150000.0,1024000,197000.0,197000.0,101000.0,130000.0,38000.0,87000.0,29000.0,36000.0,29000.0,32000.0,30000.0,13000.0,6000.0,126000.0,11.0,100.0
549,Sumatera Utara,Perkotaan,Laki-laki,26.0,SMA/SMK,Karyawan Swasta,Menikah,1.0,6000000.0,4876000,399000.0,555000.0,224000.0,362000.0,77000.0,639000.0,,159000.0,355000.0,418000.0,251000.0,168000.0,,1124000.0,18.7,49.4
26,Jawa Barat,Perkotaan,Perempuan,32.0,SMA/SMK,PNS/ASN,Cerai/Janda/Duda,1.0,5250000.0,3761000,301000.0,374000.0,171000.0,245000.0,150000.0,503000.0,181000.0,187000.0,351000.0,264000.0,166000.0,232000.0,858000.0,,28.4,54.8
1434,Jawa Barat,Perdesaan,Perempuan,21.0,Tidak Sekolah,Karyawan Swasta,Menikah,2.0,950000.0,669000,133000.0,112000.0,65000.0,73000.0,22000.0,66000.0,19000.0,23000.0,24000.0,28000.0,21000.0,19000.0,0.0,281000.0,29.5,48.7
631,Jawa Timur,Perkotaan,Laki-laki,24.0,Diploma,,Menikah,,1850000.0,1365000,171000.0,173000.0,119000.0,,73000.0,146000.0,63000.0,42000.0,37000.0,118000.0,44000.0,55000.0,,485000.0,26.2,61.7
79,DKI Jakarta,Perkotaan,Perempuan,36.0,SMA/SMK,Karyawan Swasta,Menikah,,,4232000,473000.0,,192000.0,393000.0,58000.0,739000.0,236000.0,162000.0,0.0,395000.0,143000.0,166000.0,0.0,418000.0,9.0,58.6
367,Banten,Perdesaan,Laki-laki,33.0,SMA/SMK,PNS/ASN,Menikah,1.0,3400000.0,2486000,225000.0,251000.0,125000.0,246000.0,96000.0,387000.0,118000.0,143000.0,234000.0,322000.0,100000.0,130000.0,,914000.0,26.9,41.9
1998,Sumatera Utara,Perkotaan,Perempuan,25.0,Tidak Sekolah,Karyawan Swasta,Menikah,4.0,3500000.0,2569000,199000.0,323000.0,119000.0,177000.0,84000.0,371000.0,100000.0,92000.0,236000.0,201000.0,161000.0,68000.0,0.0,931000.0,26.6,31.0
33,Jawa Tengah,Perkotaan,Perempuan,65.0,SD,Buruh/Pekerja Harian,Belum Menikah,0.0,1500000.0,1058000,131000.0,152000.0,83000.0,141000.0,5000.0,145000.0,33000.0,40000.0,0.0,66000.0,32000.0,32000.0,0.0,442000.0,29.5,48.2
1048,DKI Jakarta,Perdesaan,Perempuan,45.0,SMA/SMK,,Menikah,3.0,3400000.0,2234000,301000.0,290000.0,,,112000.0,375000.0,116000.0,117000.0,82000.0,157000.0,89000.0,87000.0,261000.0,1166000.0,34.3,49.5
1868,Jawa Tengah,Perdesaan,Laki-laki,35.0,SMP,Wiraswasta,Menikah,1.0,3600000.0,2548000,322000.0,413000.0,166000.0,239000.0,97000.0,274000.0,91000.0,91000.0,97000.0,,116000.0,129000.0,0.0,1052000.0,29.2,23.1
1606,Jawa Timur,Perdesaan,Perempuan,22.0,SMP,Karyawan Swasta,Menikah,2.0,2500000.0,1664000,183000.0,221000.0,119000.0,189000.0,90000.0,293000.0,,76000.0,105000.0,99000.0,89000.0,59000.0,484000.0,836000.0,33.5,62.8
1969,Jawa Timur,Perdesaan,Perempuan,58.0,SD,Buruh/Pekerja Harian,Menikah,1.0,1050000.0,742000,125000.0,153000.0,75000.0,138000.0,,83000.0,24000.0,13000.0,,27000.0,16000.0,15000.0,107000.0,308000.0,29.3,
994,DKI Jakarta,Perdesaan,Perempuan,28.0,SD,Buruh/Pekerja Harian,Belum Menikah,0.0,2650000.0,1804000,,265000.0,136000.0,293000.0,96000.0,241000.0,60000.0,87000.0,0.0,113000.0,45000.0,69000.0,0.0,846000.0,31.9,56.2
910,Kalimantan Timur,Perdesaan,Laki-laki,42.0,SMA/SMK,PNS/ASN,Belum Menikah,,6850000.0,6103000,464000.0,685000.0,246000.0,408000.0,244000.0,1054000.0,338000.0,209000.0,0.0,544000.0,321000.0,151000.0,0.0,747000.0,10.9,48.3
545,Jawa Tengah,Perdesaan,Laki-laki,34.0,SMA/SMK,Buruh/Pekerja Harian,Belum Menikah,0.0,1650000.0,1363000,156000.0,207000.0,109000.0,131000.0,45000.0,202000.0,73000.0,79000.0,0.0,140000.0,46000.0,62000.0,0.0,287000.0,17.4,56.4
164,DKI Jakarta,Perkotaan,Perempuan,23.0,Diploma,Buruh/Pekerja Harian,Menikah,2.0,6850000.0,4500000,286000.0,368000.0,187000.0,347000.0,29000.0,711000.0,319000.0,187000.0,318000.0,,,117000.0,0.0,2350000.0,34.3,80.0
204,Jawa Tengah,Perdesaan,Laki-laki,25.0,Diploma,Karyawan Swasta,Belum Menikah,0.0,2200000.0,1641000,186000.0,198000.0,114000.0,219000.0,14000.0,251000.0,72000.0,69000.0,0.0,147000.0,61000.0,57000.0,0.0,559000.0,25.4,35.0
1458,Jawa Barat,Perkotaan,Perempuan,17.0,SMP,Karyawan Swasta,Menikah,2.0,3250000.0,2226000,227000.0,261000.0,134000.0,161000.0,,332000.0,,84000.0,151000.0,143000.0,105000.0,47000.0,0.0,1024000.0,31.5,63.5
917,DKI Jakarta,Perkotaan,Laki-laki,17.0,SMP,Tidak Bekerja,Belum Menikah,0.0,1700000.0,1542000,208000.0,255000.0,107000.0,121000.0,62000.0,221000.0,,62000.0,,143000.0,45000.0,47000.0,0.0,158000.0,9.3,50.3
1448,Banten,Perdesaan,Perempuan,35.0,Sarjana (S1),Karyawan Swasta,Menikah,2.0,1300000.0,957000,159000.0,175000.0,78000.0,,9000.0,71000.0,24000.0,16000.0,19000.0,,29000.0,17000.0,0.0,343000.0,26.4,56.0
1646,Jawa Timur,Perdesaan,Laki-laki,45.0,SMA/SMK,Karyawan Swasta,Menikah,2.0,,3826000,341000.0,437000.0,184000.0,407000.0,156000.0,689000.0,184000.0,160000.0,271000.0,359000.0,117000.0,209000.0,0.0,1374000.0,26.4,37.2
306,DKI Jakarta,Perkotaan,Perempuan,24.0,SMP,Karyawan Swasta,Belum Menikah,0.0,7800000.0,5114000,,377000.0,160000.0,317000.0,41000.0,1009000.0,228000.0,421000.0,0.0,693000.0,285000.0,199000.0,0.0,2686000.0,34.4,50.1
980,DI Yogyakarta,Perdesaan,Laki-laki,31.0,Tidak Sekolah,Karyawan Swasta,Menikah,,1500000.0,1105000,151000.0,209000.0,106000.0,,,144000.0,49000.0,42000.0,0.0,89000.0,44000.0,32000.0,78000.0,395000.0,,30.2
565,Sumatera Utara,Perkotaan,Laki-laki,21.0,SMA/SMK,Wiraswasta,Cerai/Janda/Duda,1.0,5250000.0,4748000,618000.0,581000.0,300000.0,434000.0,103000.0,661000.0,238000.0,212000.0,266000.0,516000.0,138000.0,,159000.0,502000.0,9.6,41.1
1874,DI Yogyakarta,Perkotaan,Perempuan,17.0,SD,Karyawan Swasta,Cerai/Janda/Duda,0.0,2500000.0,1975000,211000.0,258000.0,103000.0,,111000.0,252000.0,86000.0,62000.0,0.0,104000.0,76000.0,,273000.0,525000.0,21.0,39.0
193,Jawa Barat,Perdesaan,Perempuan,17.0,Sarjana (S1),PNS/ASN,Menikah,2.0,3550000.0,2853000,369000.0,442000.0,170000.0,287000.0,136000.0,386000.0,136000.0,176000.0,170000.0,264000.0,137000.0,135000.0,0.0,,19.6,63.2
1600,Jawa Barat,Perkotaan,Perempuan,42.0,SMA/SMK,Buruh/Pekerja Harian,Menikah,2.0,3850000.0,3076000,323000.0,360000.0,,206000.0,110000.0,438000.0,125000.0,206000.0,192000.0,197000.0,162000.0,86000.0,393000.0,774000.0,20.1,56.2
753,DKI Jakarta,Perdesaan,Laki-laki,46.0,,Buruh/Pekerja Harian,Menikah,1.0,3550000.0,2872000,258000.0,435000.0,184000.0,359000.0,136000.0,425000.0,120000.0,126000.0,151000.0,302000.0,142000.0,62000.0,,678000.0,19.1,68.9
1001,Sulawesi Selatan,Perkotaan,Perempuan,40.0,SD,,Menikah,2.0,,479000,72000.0,79000.0,38000.0,76000.0,11000.0,43000.0,19000.0,16000.0,17000.0,24000.0,19000.0,9000.0,97000.0,71000.0,13.0,65.7
742,Sumatera Utara,Perkotaan,Perempuan,49.0,Sarjana (S1),Wiraswasta,Belum Menikah,0.0,9700000.0,6401000,650000.0,612000.0,273000.0,549000.0,74000.0,1221000.0,328000.0,235000.0,0.0,676000.0,392000.0,168000.0,663000.0,3299000.0,34.0,72.2
1588,Banten,Perkotaan,Perempuan,48.0,SD,Karyawan Swasta,,0.0,4400000.0,3636000,343000.0,457000.0,229000.0,319000.0,41000.0,663000.0,175000.0,149000.0,,354000.0,163000.0,61000.0,0.0,764000.0,17.4,62.1
572,Jawa Barat,Perdesaan,Perempuan,29.0,SD,Karyawan Swasta,Belum Menikah,0.0,1150000.0,1056000,137000.0,208000.0,100000.0,196000.0,41000.0,105000.0,27000.0,26000.0,0.0,39000.0,26000.0,13000.0,71000.0,94000.0,8.1,33.8
1559,DKI Jakarta,Perdesaan,Laki-laki,53.0,SMA/SMK,Buruh/Pekerja Harian,Menikah,2.0,3050000.0,2183000,252000.0,301000.0,112000.0,145000.0,23000.0,395000.0,77000.0,138000.0,187000.0,258000.0,,128000.0,51000.0,867000.0,28.4,72.9
219,DI Yogyakarta,Perdesaan,Perempuan,24.0,SD,Buruh/Pekerja Harian,Belum Menikah,0.0,600000.0,531000,98000.0,100000.0,46000.0,55000.0,27000.0,62000.0,12000.0,15000.0,0.0,,18000.0,9000.0,23000.0,69000.0,11.5,46.3
611,DKI Jakarta,Perkotaan,Perempuan,40.0,SMA/SMK,Wiraswasta,Belum Menikah,0.0,14900000.0,11331000,616000.0,823000.0,409000.0,646000.0,16000.0,2392000.0,643000.0,460000.0,0.0,1612000.0,456000.0,745000.0,0.0,3569000.0,24.0,49.4
760,Bali,Perkotaan,Perempuan,47.0,SD,Buruh/Pekerja Harian,Menikah,2.0,1700000.0,1274000,196000.0,186000.0,106000.0,160000.0,85000.0,181000.0,40000.0,58000.0,38000.0,86000.0,30000.0,30000.0,0.0,426000.0,25.1,32.5
352,Banten,Perdesaan,Perempuan,25.0,Tidak Sekolah,Buruh/Pekerja Harian,Menikah,4.0,1150000.0,811000,112000.0,142000.0,59000.0,108000.0,9000.0,116000.0,19000.0,39000.0,47000.0,51000.0,29000.0,20000.0,78000.0,339000.0,29.5,54.6
1873,Jawa Barat,Perdesaan,Perempuan,,SMA/SMK,Wiraswasta,Belum Menikah,0.0,3150000.0,2055000,189000.0,242000.0,92000.0,229000.0,20000.0,380000.0,89000.0,101000.0,0.0,,,43000.0,0.0,,34.8,33.6
1069,Jawa Timur,Perdesaan,Perempuan,65.0,,Karyawan Swasta,Menikah,2.0,,463000,80000.0,80000.0,47000.0,,25000.0,37000.0,15000.0,15000.0,16000.0,29000.0,9000.0,8000.0,93000.0,87000.0,15.8,22.7
1898,Nusa Tenggara Barat,Perkotaan,Laki-laki,36.0,SMA/SMK,Karyawan Swasta,Menikah,0.0,2400000.0,1726000,199000.0,200000.0,116000.0,195000.0,91000.0,317000.0,74000.0,100000.0,0.0,129000.0,75000.0,55000.0,0.0,674000.0,28.1,60.2
1288,Jawa Barat,Perkotaan,Laki-laki,33.0,SD,Karyawan Swasta,Menikah,4.0,,1567000,239000.0,,114000.0,189000.0,77000.0,213000.0,46000.0,44000.0,107000.0,135000.0,38000.0,65000.0,218000.0,533000.0,25.4,30.6
1936,Sumatera Utara,Perkotaan,Laki-laki,19.0,SMP,PNS/ASN,Menikah,4.0,5300000.0,4651000,590000.0,,364000.0,,124000.0,735000.0,218000.0,199000.0,304000.0,,135000.0,234000.0,28000.0,649000.0,12.3,28.8
1321,Jawa Timur,Perdesaan,Laki-laki,27.0,SMA/SMK,Buruh/Pekerja Harian,Cerai/Janda/Duda,2.0,2000000.0,1705000,218000.0,306000.0,,216000.0,61000.0,240000.0,70000.0,56000.0,100000.0,139000.0,47000.0,61000.0,0.0,295000.0,14.7,54.6
60,Jawa Barat,Perdesaan,Perempuan,51.0,SMP,PNS/ASN,Belum Menikah,0.0,3350000.0,2653000,268000.0,258000.0,144000.0,187000.0,115000.0,453000.0,150000.0,147000.0,0.0,173000.0,136000.0,161000.0,549000.0,697000.0,20.8,28.1
412,Jawa Timur,Perkotaan,Perempuan,24.0,Diploma,Buruh/Pekerja Harian,Cerai/Janda/Duda,1.0,2050000.0,1555000,203000.0,243000.0,126000.0,178000.0,,252000.0,50000.0,91000.0,47000.0,150000.0,42000.0,35000.0,0.0,495000.0,24.1,56.8
782,Jawa Timur,Perkotaan,Laki-laki,45.0,SMA/SMK,Pelajar/Mahasiswa,Cerai/Janda/Duda,1.0,850000.0,569000,85000.0,118000.0,46000.0,59000.0,37000.0,48000.0,,11000.0,15000.0,23000.0,17000.0,10000.0,30000.0,281000.0,33.1,62.6
496,Jawa Barat,Perkotaan,Laki-laki,51.0,SMA/SMK,Wiraswasta,Belum Menikah,0.0,10300000.0,8253000,445000.0,727000.0,369000.0,544000.0,237000.0,1968000.0,559000.0,550000.0,0.0,799000.0,372000.0,324000.0,356000.0,2047000.0,19.9,69.7
830,Banten,Perkotaan,Perempuan,36.0,SMP,Wiraswasta,Menikah,4.0,6850000.0,5713000,468000.0,432000.0,192000.0,275000.0,141000.0,1075000.0,219000.0,458000.0,,548000.0,277000.0,207000.0,0.0,1137000.0,16.6,59.2
74,Sumatera Utara,Perkotaan,Laki-laki,45.0,Tidak Sekolah,Karyawan Swasta,Menikah,4.0,,1586000,225000.0,284000.0,131000.0,157000.0,37000.0,225000.0,55000.0,36000.0,89000.0,73000.0,62000.0,31000.0,166000.0,664000.0,29.5,34.5
1318,Sumatera Utara,Perdesaan,Perempuan,20.0,SMA/SMK,Karyawan Swasta,Cerai/Janda/Duda,0.0,3000000.0,2623000,239000.0,337000.0,108000.0,254000.0,,438000.0,135000.0,183000.0,0.0,277000.0,157000.0,98000.0,158000.0,377000.0,12.6,57.3
635,Sumatera Utara,Perkotaan,Perempuan,32.0,SD,Karyawan Swasta,Menikah,4.0,3200000.0,2630000,270000.0,337000.0,149000.0,291000.0,41000.0,416000.0,127000.0,126000.0,83000.0,285000.0,144000.0,135000.0,,570000.0,17.8,18.1
1547,Sumatera Utara,Perkotaan,Laki-laki,47.0,SMP,Karyawan Swasta,Belum Menikah,0.0,7100000.0,4998000,400000.0,499000.0,262000.0,384000.0,128000.0,1003000.0,342000.0,235000.0,0.0,436000.0,194000.0,220000.0,0.0,2102000.0,29.6,43.1
1402,Sumatera Utara,Perkotaan,Perempuan,34.0,Sarjana (S1),Wiraswasta,Menikah,3.0,9350000.0,6991000,632000.0,854000.0,324000.0,643000.0,51000.0,1216000.0,339000.0,336000.0,,528000.0,,,0.0,2359000.0,25.2,57.5
163,Jawa Timur,Perkotaan,Perempuan,18.0,SD,Karyawan Swasta,Belum Menikah,0.0,2250000.0,2062000,238000.0,296000.0,166000.0,292000.0,68000.0,350000.0,72000.0,78000.0,0.0,152000.0,91000.0,85000.0,0.0,188000.0,8.3,48.7
1384,Jawa Barat,Perdesaan,Laki-laki,21.0,Diploma,Wiraswasta,Cerai/Janda/Duda,0.0,7600000.0,5702000,516000.0,598000.0,271000.0,504000.0,225000.0,840000.0,201000.0,239000.0,0.0,381000.0,334000.0,315000.0,0.0,1898000.0,25.0,72.2
597,Jawa Barat,Perkotaan,Laki-laki,25.0,SMP,Karyawan Swasta,Menikah,3.0,7250000.0,5817000,401000.0,562000.0,182000.0,,139000.0,1357000.0,278000.0,416000.0,441000.0,774000.0,281000.0,210000.0,71000.0,1433000.0,19.8,42.9
448,Jawa Barat,Perdesaan,Perempuan,43.0,SMA/SMK,Wiraswasta,Menikah,1.0,2050000.0,1754000,219000.0,303000.0,109000.0,187000.0,83000.0,246000.0,68000.0,,78000.0,111000.0,87000.0,45000.0,277000.0,296000.0,14.5,40.0
1415,DKI Jakarta,Perkotaan,Perempuan,35.0,SMP,Wiraswasta,Belum Menikah,0.0,4500000.0,3524000,462000.0,538000.0,234000.0,313000.0,103000.0,556000.0,134000.0,103000.0,0.0,187000.0,122000.0,75000.0,158000.0,976000.0,21.7,63.2
354,Jawa Tengah,Perdesaan,Laki-laki,23.0,Diploma,Karyawan Swasta,Menikah,3.0,2000000.0,1827000,203000.0,265000.0,92000.0,188000.0,62000.0,319000.0,71000.0,100000.0,97000.0,97000.0,61000.0,65000.0,344000.0,,8.6,53.1
1260,Banten,Perkotaan,Laki-laki,56.0,SMP,Wiraswasta,Cerai/Janda/Duda,3.0,4700000.0,3561000,,431000.0,150000.0,,33000.0,580000.0,207000.0,219000.0,296000.0,364000.0,145000.0,106000.0,0.0,1139000.0,24.2,32.3
942,Banten,Perkotaan,Laki-laki,33.0,SMA/SMK,Karyawan Swasta,Menikah,2.0,9950000.0,8393000,,883000.0,334000.0,727000.0,,1728000.0,483000.0,327000.0,847000.0,647000.0,457000.0,310000.0,,1557000.0,15.6,59.7
430,Jawa Barat,Perkotaan,Perempuan,22.0,SMA/SMK,,Menikah,2.0,2750000.0,1976000,327000.0,389000.0,,329000.0,54000.0,288000.0,72000.0,44000.0,,125000.0,61000.0,59000.0,,774000.0,28.2,59.4
1487,Sumatera Utara,Perdesaan,Perempuan,17.0,Sarjana (S1),Wiraswasta,Belum Menikah,0.0,4950000.0,4544000,,535000.0,339000.0,572000.0,,876000.0,247000.0,138000.0,0.0,437000.0,171000.0,,494000.0,406000.0,8.2,73.8
1858,Jawa Barat,Perdesaan,Laki-laki,60.0,Sarjana (S1),Wiraswasta,Cerai/Janda/Duda,1.0,6200000.0,4644000,372000.0,532000.0,183000.0,261000.0,154000.0,887000.0,199000.0,248000.0,317000.0,493000.0,282000.0,178000.0,1035000.0,1556000.0,25.1,76.7
1770,Sumatera Utara,Perdesaan,Perempuan,28.0,Diploma,Buruh/Pekerja Harian,Belum Menikah,0.0,1900000.0,1361000,173000.0,215000.0,96000.0,185000.0,17000.0,168000.0,58000.0,76000.0,0.0,109000.0,36000.0,55000.0,105000.0,539000.0,28.4,50.0
46,Sumatera Utara,Perkotaan,Perempuan,60.0,SMA/SMK,Pelajar/Mahasiswa,Menikah,2.0,1450000.0,1060000,161000.0,152000.0,87000.0,120000.0,44000.0,96000.0,44000.0,55000.0,69000.0,82000.0,,39000.0,0.0,390000.0,26.9,62.6
1623,Bali,Perkotaan,Laki-laki,36.0,SMP,Buruh/Pekerja Harian,Menikah,0.0,1100000.0,995000,178000.0,224000.0,74000.0,129000.0,,109000.0,24000.0,16000.0,0.0,44000.0,16000.0,15000.0,0.0,105000.0,9.5,44.0
810,Jawa Barat,Perdesaan,Laki-laki,17.0,Sarjana (S1),Wiraswasta,Menikah,1.0,6300000.0,5288000,466000.0,612000.0,267000.0,425000.0,192000.0,915000.0,165000.0,354000.0,253000.0,635000.0,311000.0,305000.0,278000.0,1012000.0,16.1,77.0
1223,Jawa Tengah,Perdesaan,Perempuan,42.0,SD,Wiraswasta,Belum Menikah,0.0,4000000.0,2888000,309000.0,433000.0,195000.0,212000.0,,483000.0,111000.0,90000.0,0.0,220000.0,94000.0,69000.0,290000.0,1112000.0,27.8,31.8
295,Jawa Barat,Perdesaan,Perempuan,49.0,SMP,Karyawan Swasta,Menikah,0.0,2550000.0,2006000,256000.0,323000.0,128000.0,242000.0,70000.0,284000.0,83000.0,69000.0,0.0,109000.0,56000.0,46000.0,,544000.0,21.3,51.3
1657,Jawa Barat,Perkotaan,Perempuan,17.0,SMA/SMK,Buruh/Pekerja Harian,Menikah,3.0,3200000.0,2590000,246000.0,342000.0,155000.0,285000.0,133000.0,444000.0,84000.0,118000.0,158000.0,271000.0,70000.0,85000.0,625000.0,610000.0,19.1,70.1
1054,Jawa Timur,Perdesaan,Perempuan,17.0,SMA/SMK,Tidak Bekerja,Menikah,2.0,500000.0,398000,77000.0,93000.0,30000.0,56000.0,21000.0,32000.0,8000.0,14000.0,19000.0,23000.0,10000.0,8000.0,,102000.0,20.3,69.5
77,Jawa Tengah,Perdesaan,Laki-laki,57.0,SD,PNS/ASN,Menikah,0.0,3300000.0,2886000,232000.0,308000.0,126000.0,297000.0,32000.0,494000.0,175000.0,203000.0,0.0,221000.0,168000.0,116000.0,0.0,414000.0,12.5,39.3
206,DKI Jakarta,Perdesaan,Laki-laki,50.0,SMP,Wiraswasta,Menikah,1.0,4300000.0,3701000,356000.0,392000.0,163000.0,288000.0,162000.0,569000.0,225000.0,190000.0,154000.0,428000.0,165000.0,180000.0,43000.0,599000.0,13.9,36.7
1610,Sumatera Utara,Perdesaan,Laki-laki,24.0,Sarjana (S1),PNS/ASN,Menikah,0.0,4800000.0,3516000,417000.0,463000.0,162000.0,,10000.0,552000.0,122000.0,115000.0,0.0,371000.0,107000.0,147000.0,,1284000.0,26.8,61.2
1992,DKI Jakarta,Perkotaan,Perempuan,17.0,Sarjana (S1),Karyawan Swasta,Cerai/Janda/Duda,2.0,9550000.0,7248000,691000.0,709000.0,250000.0,,130000.0,1682000.0,385000.0,484000.0,289000.0,920000.0,377000.0,463000.0,0.0,2302000.0,24.1,81.7
1132,Kalimantan Timur,Perkotaan,Laki-laki,26.0,Sarjana (S1),PNS/ASN,Cerai/Janda/Duda,0.0,8150000.0,7270000,569000.0,660000.0,321000.0,529000.0,152000.0,1736000.0,,414000.0,0.0,879000.0,502000.0,409000.0,,880000.0,10.8,61.8
415,Jawa Tengah,Perkotaan,Laki-laki,32.0,SMA/SMK,Karyawan Swasta,Menikah,4.0,,2769000,373000.0,398000.0,153000.0,301000.0,88000.0,453000.0,89000.0,110000.0,126000.0,285000.0,105000.0,120000.0,,581000.0,17.4,68.8
1726,DKI Jakarta,Perdesaan,Perempuan,20.0,SMP,Buruh/Pekerja Harian,Menikah,1.0,1050000.0,726000,130000.0,137000.0,50000.0,82000.0,38000.0,57000.0,20000.0,19000.0,29000.0,36000.0,16000.0,10000.0,0.0,324000.0,30.8,47.6
1086,Jawa Tengah,Perkotaan,Laki-laki,20.0,SMA/SMK,Karyawan Swasta,Menikah,2.0,4300000.0,3709000,428000.0,531000.0,182000.0,426000.0,169000.0,558000.0,142000.0,251000.0,243000.0,298000.0,193000.0,111000.0,0.0,591000.0,13.7,59.3
437,Jawa Barat,Perkotaan,Perempuan,30.0,Sarjana (S1),Karyawan Swasta,Menikah,4.0,5700000.0,4305000,426000.0,532000.0,281000.0,469000.0,152000.0,626000.0,137000.0,205000.0,171000.0,457000.0,222000.0,88000.0,284000.0,1395000.0,24.5,92.1
1624,DKI Jakarta,Perkotaan,Perempuan,34.0,SMA/SMK,Buruh/Pekerja Harian,Belum Menikah,0.0,,2370000,225000.0,386000.0,113000.0,280000.0,43000.0,338000.0,97000.0,98000.0,0.0,222000.0,121000.0,45000.0,80000.0,730000.0,23.5,35.0
1791,Jawa Barat,Perkotaan,Laki-laki,26.0,Sarjana (S1),Karyawan Swasta,Menikah,1.0,5600000.0,4124000,415000.0,627000.0,212000.0,323000.0,127000.0,725000.0,231000.0,231000.0,248000.0,329000.0,186000.0,,0.0,1476000.0,26.4,56.9
394,Sumatera Utara,Perkotaan,Perempuan,30.0,SMP,Karyawan Swasta,Belum Menikah,0.0,4900000.0,3691000,437000.0,544000.0,202000.0,296000.0,197000.0,586000.0,,147000.0,0.0,341000.0,122000.0,97000.0,,1209000.0,24.7,40.1
722,DKI Jakarta,Perkotaan,Laki-laki,49.0,,Buruh/Pekerja Harian,Menikah,2.0,3950000.0,2714000,290000.0,284000.0,166000.0,271000.0,59000.0,363000.0,108000.0,119000.0,198000.0,183000.0,151000.0,137000.0,0.0,1236000.0,31.3,70.0
31,Banten,Perkotaan,Perempuan,36.0,SMA/SMK,Tidak Bekerja,Menikah,1.0,1750000.0,1424000,181000.0,242000.0,131000.0,216000.0,,147000.0,67000.0,74000.0,42000.0,130000.0,63000.0,45000.0,140000.0,326000.0,18.6,55.8
1284,Jawa Barat,Perdesaan,Laki-laki,39.0,Sarjana (S1),Karyawan Swasta,Menikah,2.0,5400000.0,3720000,323000.0,419000.0,201000.0,301000.0,112000.0,612000.0,225000.0,158000.0,261000.0,373000.0,148000.0,136000.0,0.0,1680000.0,31.1,74.4
857,Jawa Barat,Perkotaan,Perempuan,44.0,Diploma,PNS/ASN,Menikah,1.0,12650000.0,8779000,696000.0,621000.0,395000.0,446000.0,135000.0,2149000.0,505000.0,412000.0,499000.0,1223000.0,455000.0,453000.0,0.0,3871000.0,30.6,47.1
1095,Sumatera Selatan,Perdesaan,Laki-laki,24.0,SMA/SMK,Pelajar/Mahasiswa,Belum Menikah,0.0,750000.0,547000,87000.0,106000.0,50000.0,95000.0,16000.0,57000.0,10000.0,21000.0,0.0,26000.0,19000.0,10000.0,0.0,203000.0,27.0,44.3
1779,Banten,Perkotaan,Laki-laki,,SD,Wiraswasta,Menikah,1.0,6150000.0,5589000,289000.0,357000.0,179000.0,261000.0,98000.0,1391000.0,308000.0,434000.0,587000.0,495000.0,,312000.0,0.0,561000.0,9.1,55.3
1653,Banten,Perkotaan,Perempuan,27.0,SMP,Karyawan Swasta,Menikah,4.0,4150000.0,3756000,538000.0,453000.0,285000.0,344000.0,187000.0,630000.0,139000.0,163000.0,150000.0,252000.0,194000.0,180000.0,0.0,394000.0,9.5,38.0
556,Jawa Tengah,Perdesaan,Laki-laki,49.0,Sarjana (S1),Buruh/Pekerja Harian,Belum Menikah,0.0,2350000.0,1530000,213000.0,273000.0,96000.0,210000.0,9000.0,154000.0,50000.0,65000.0,0.0,78000.0,40000.0,30000.0,0.0,820000.0,34.9,74.0
345,Jawa Tengah,Perkotaan,Laki-laki,34.0,Diploma,Karyawan Swasta,Menikah,4.0,2850000.0,2500000,326000.0,441000.0,139000.0,227000.0,33000.0,300000.0,106000.0,86000.0,,197000.0,91000.0,63000.0,,350000.0,12.3,58.3
1619,Jawa Barat,Perdesaan,Laki-laki,31.0,Diploma,Buruh/Pekerja Harian,Menikah,1.0,1700000.0,1397000,205000.0,218000.0,87000.0,111000.0,15000.0,204000.0,40000.0,57000.0,82000.0,90000.0,57000.0,48000.0,0.0,303000.0,17.8,61.4
353,Jawa Barat,Perkotaan,Laki-laki,17.0,SMA/SMK,Karyawan Swasta,,0.0,6250000.0,4188000,254000.0,400000.0,,300000.0,39000.0,986000.0,221000.0,213000.0,0.0,453000.0,,207000.0,0.0,2062000.0,33.0,73.4
92,DKI Jakarta,Perkotaan,Laki-laki,29.0,Sarjana (S1),Buruh/Pekerja Harian,Menikah,2.0,6150000.0,5514000,498000.0,643000.0,301000.0,320000.0,206000.0,758000.0,277000.0,216000.0,185000.0,513000.0,234000.0,231000.0,54000.0,636000.0,10.3,69.9
1961,Jawa Tengah,Perdesaan,Perempuan,43.0,SD,Karyawan Swasta,Menikah,1.0,1050000.0,854000,138000.0,132000.0,53000.0,79000.0,1000.0,79000.0,35000.0,21000.0,40000.0,70000.0,30000.0,12000.0,190000.0,196000.0,18.6,25.5
1611,Jawa Barat,Perkotaan,Laki-laki,67.0,Sarjana (S1),Karyawan Swasta,,,,7483000,560000.0,757000.0,247000.0,438000.0,103000.0,1119000.0,458000.0,546000.0,694000.0,822000.0,391000.0,251000.0,,3617000.0,32.6,66.6
1106,DKI Jakarta,Perkotaan,Perempuan,17.0,SMP,,Cerai/Janda/Duda,2.0,7350000.0,6163000,612000.0,655000.0,253000.0,487000.0,172000.0,1150000.0,211000.0,215000.0,578000.0,455000.0,256000.0,331000.0,0.0,1187000.0,16.1,32.9
568,Nusa Tenggara Barat,Perkotaan,Perempuan,49.0,SD,Buruh/Pekerja Harian,Cerai/Janda/Duda,2.0,1050000.0,948000,191000.0,185000.0,115000.0,111000.0,19000.0,66000.0,20000.0,32000.0,42000.0,55000.0,25000.0,20000.0,82000.0,,9.7,78.7
262,DI Yogyakarta,Perkotaan,Perempuan,66.0,SMP,Buruh/Pekerja Harian,,0.0,1050000.0,703000,124000.0,121000.0,68000.0,120000.0,30000.0,81000.0,22000.0,19000.0,0.0,47000.0,17000.0,18000.0,80000.0,347000.0,33.0,29.5
1205,Jawa Barat,Perkotaan,Laki-laki,44.0,SMA/SMK,Wiraswasta,Cerai/Janda/Duda,1.0,9550000.0,8174000,539000.0,694000.0,222000.0,509000.0,62000.0,2040000.0,337000.0,663000.0,358000.0,623000.0,375000.0,324000.0,252000.0,1376000.0,14.4,41.0
1728,DKI Jakarta,Perdesaan,Perempuan,42.0,Diploma,Pelajar/Mahasiswa,Belum Menikah,0.0,3150000.0,2094000,180000.0,,104000.0,145000.0,35000.0,,64000.0,75000.0,0.0,234000.0,63000.0,105000.0,355000.0,1056000.0,33.5,58.0
539,Jawa Tengah,Perkotaan,Perempuan,39.0,Sarjana (S1),Wiraswasta,Menikah,1.0,8550000.0,6202000,438000.0,593000.0,224000.0,517000.0,111000.0,1168000.0,239000.0,250000.0,452000.0,829000.0,229000.0,209000.0,124000.0,2348000.0,27.5,70.5
1960,DKI Jakarta,Perkotaan,Laki-laki,38.0,SMP,Karyawan Swasta,Cerai/Janda/Duda,0.0,11150000.0,8852000,531000.0,770000.0,382000.0,601000.0,,1974000.0,466000.0,586000.0,0.0,735000.0,577000.0,344000.0,,2298000.0,20.6,45.9
866,Banten,Perdesaan,Perempuan,43.0,SMA/SMK,Karyawan Swasta,Cerai/Janda/Duda,2.0,5000000.0,4449000,446000.0,597000.0,301000.0,492000.0,156000.0,870000.0,184000.0,154000.0,356000.0,397000.0,149000.0,101000.0,0.0,,11.0,27.9
1666,DKI Jakarta,Perdesaan,Perempuan,52.0,SMA/SMK,PNS/ASN,Cerai/Janda/Duda,2.0,11700000.0,8223000,546000.0,,382000.0,411000.0,224000.0,1621000.0,403000.0,413000.0,590000.0,767000.0,416000.0,476000.0,1750000.0,3477000.0,29.7,58.4
1765,Banten,Perkotaan,Perempuan,50.0,SMA/SMK,Karyawan Swasta,Menikah,3.0,8900000.0,6846000,389000.0,560000.0,,450000.0,69000.0,1115000.0,453000.0,367000.0,264000.0,793000.0,315000.0,449000.0,0.0,2054000.0,23.1,38.7
1362,Sumatera Selatan,Perkotaan,Laki-laki,50.0,SMA/SMK,Karyawan Swasta,Menikah,3.0,,2165000,227000.0,300000.0,105000.0,165000.0,48000.0,396000.0,111000.0,96000.0,74000.0,137000.0,80000.0,52000.0,0.0,985000.0,31.3,79.0
301,Jawa Barat,Perdesaan,Perempuan,30.0,Diploma,Wiraswasta,Menikah,2.0,6850000.0,5521000,,627000.0,192000.0,286000.0,204000.0,1038000.0,300000.0,311000.0,220000.0,656000.0,324000.0,192000.0,0.0,1329000.0,19.4,53.6
553,Sumatera Selatan,Perdesaan,Perempuan,48.0,Sarjana (S1),Karyawan Swasta,Belum Menikah,,3050000.0,2211000,302000.0,,115000.0,170000.0,20000.0,276000.0,86000.0,115000.0,0.0,231000.0,84000.0,77000.0,329000.0,839000.0,27.5,61.5
1491,Jawa Tengah,Perkotaan,Laki-laki,33.0,SD,Karyawan Swasta,Belum Menikah,0.0,2850000.0,2173000,282000.0,285000.0,139000.0,298000.0,37000.0,365000.0,66000.0,72000.0,0.0,167000.0,71000.0,107000.0,0.0,677000.0,23.7,
316,Bali,Perdesaan,Perempuan,33.0,SMA/SMK,Karyawan Swasta,Belum Menikah,0.0,,6403000,651000.0,589000.0,391000.0,336000.0,127000.0,1049000.0,304000.0,377000.0,0.0,602000.0,297000.0,341000.0,1483000.0,2497000.0,28.1,40.2
1551,Jawa Tengah,Perdesaan,Laki-laki,26.0,SD,Karyawan Swasta,Menikah,0.0,1250000.0,1072000,180000.0,226000.0,107000.0,153000.0,32000.0,127000.0,37000.0,35000.0,0.0,44000.0,27000.0,24000.0,167000.0,178000.0,14.2,63.8
454,Sulawesi Selatan,Perdesaan,Perempuan,33.0,SMP,PNS/ASN,,2.0,850000.0,741000,126000.0,167000.0,63000.0,85000.0,22000.0,58000.0,11000.0,24000.0,19000.0,35000.0,12000.0,9000.0,103000.0,109000.0,12.8,34.2
176,DKI Jakarta,Perkotaan,Laki-laki,64.0,SMA/SMK,Wiraswasta,Belum Menikah,0.0,10950000.0,9289000,551000.0,839000.0,477000.0,479000.0,154000.0,1404000.0,534000.0,582000.0,0.0,925000.0,500000.0,,0.0,1661000.0,15.2,54.9
766,DKI Jakarta,Perkotaan,Laki-laki,17.0,SD,Wiraswasta,Belum Menikah,0.0,5350000.0,4668000,,446000.0,236000.0,316000.0,98000.0,,192000.0,299000.0,0.0,340000.0,159000.0,253000.0,533000.0,682000.0,12.7,42.0
1212,Jawa Barat,Perdesaan,Laki-laki,45.0,SMA/SMK,Buruh/Pekerja Harian,Menikah,3.0,1600000.0,1204000,113000.0,175000.0,94000.0,138000.0,53000.0,205000.0,59000.0,44000.0,88000.0,106000.0,41000.0,63000.0,184000.0,,24.7,56.3
1825,Jawa Barat,Perdesaan,Laki-laki,48.0,Diploma,Karyawan Swasta,Menikah,1.0,3100000.0,2425000,323000.0,363000.0,128000.0,293000.0,66000.0,317000.0,91000.0,157000.0,131000.0,229000.0,98000.0,75000.0,,675000.0,21.8,55.6
124,Jawa Barat,Perkotaan,Laki-laki,34.0,,Tidak Bekerja,Belum Menikah,0.0,1000000.0,720000,101000.0,124000.0,49000.0,83000.0,37000.0,84000.0,23000.0,25000.0,0.0,28000.0,16000.0,13000.0,0.0,280000.0,28.0,75.0
582,Banten,Perdesaan,Perempuan,48.0,Sarjana (S1),Wiraswasta,Menikah,2.0,7900000.0,5956000,439000.0,464000.0,200000.0,335000.0,114000.0,1531000.0,327000.0,283000.0,290000.0,456000.0,341000.0,298000.0,0.0,1944000.0,24.6,68.5
395,Jawa Barat,Perkotaan,Laki-laki,34.0,SD,Karyawan Swasta,Belum Menikah,0.0,7250000.0,4897000,461000.0,422000.0,201000.0,475000.0,144000.0,680000.0,293000.0,272000.0,0.0,595000.0,258000.0,250000.0,337000.0,2353000.0,,36.2
889,Nusa Tenggara Barat,Perdesaan,Perempuan,48.0,Pascasarjana (S2/S3),Buruh/Pekerja Harian,Menikah,0.0,2250000.0,1893000,286000.0,271000.0,157000.0,200000.0,94000.0,204000.0,73000.0,61000.0,0.0,87000.0,70000.0,33000.0,417000.0,357000.0,15.9,58.4
949,Bali,Perkotaan,Perempuan,42.0,Diploma,Wiraswasta,Belum Menikah,0.0,,11668000,885000.0,881000.0,485000.0,705000.0,62000.0,2355000.0,539000.0,478000.0,0.0,1235000.0,669000.0,280000.0,0.0,1532000.0,11.6,68.7
40,Sulawesi Selatan,Perdesaan,Perempuan,47.0,SMA/SMK,Tidak Bekerja,Menikah,1.0,500000.0,335000,51000.0,54000.0,30000.0,30000.0,7000.0,41000.0,13000.0,10000.0,16000.0,27000.0,12000.0,7000.0,0.0,165000.0,32.9,58.7
463,DKI Jakarta,Perkotaan,Laki-laki,52.0,Pascasarjana (S2/S3),PNS/ASN,Menikah,2.0,32100000.0,28984000,3037000.0,3171000.0,,3017000.0,638000.0,4220000.0,1061000.0,908000.0,2211000.0,2016000.0,1129000.0,923000.0,2555000.0,3116000.0,9.7,64.9
589,Nusa Tenggara Barat,Perdesaan,Laki-laki,30.0,Tidak Sekolah,Karyawan Swasta,Belum Menikah,0.0,1250000.0,1052000,211000.0,227000.0,95000.0,180000.0,85000.0,106000.0,30000.0,40000.0,0.0,38000.0,29000.0,31000.0,53000.0,198000.0,15.8,63.9
637,DKI Jakarta,Perdesaan,Perempuan,17.0,SD,Karyawan Swasta,Belum Menikah,0.0,1400000.0,1110000,204000.0,178000.0,102000.0,158000.0,43000.0,139000.0,25000.0,22000.0,0.0,70000.0,28000.0,13000.0,0.0,290000.0,20.7,50.9
332,Nusa Tenggara Barat,Perkotaan,Laki-laki,27.0,SMA/SMK,Karyawan Swasta,Belum Menikah,0.0,2600000.0,1810000,264000.0,295000.0,98000.0,227000.0,72000.0,306000.0,45000.0,60000.0,0.0,172000.0,86000.0,72000.0,48000.0,790000.0,30.4,46.6
195,Jawa Tengah,Perkotaan,Laki-laki,46.0,SMA/SMK,Karyawan Swasta,Menikah,,4400000.0,3774000,500000.0,516000.0,214000.0,415000.0,14000.0,701000.0,117000.0,153000.0,276000.0,335000.0,146000.0,132000.0,,626000.0,14.2,64.1
125,Jawa Timur,Perkotaan,Laki-laki,47.0,Diploma,Karyawan Swasta,Cerai/Janda/Duda,3.0,4000000.0,3020000,297000.0,408000.0,202000.0,196000.0,56000.0,,138000.0,117000.0,249000.0,308000.0,169000.0,165000.0,356000.0,1030000.0,25.4,49.4
323,Jawa Timur,Perdesaan,Perempuan,22.0,Diploma,Buruh/Pekerja Harian,Belum Menikah,0.0,1850000.0,1369000,184000.0,187000.0,102000.0,198000.0,66000.0,,67000.0,34000.0,,110000.0,48000.0,61000.0,0.0,481000.0,26.0,58.3
267,DKI Jakarta,Perkotaan,Laki-laki,51.0,Diploma,PNS/ASN,Menikah,1.0,,6441000,475000.0,777000.0,326000.0,400000.0,67000.0,1388000.0,380000.0,407000.0,401000.0,621000.0,403000.0,399000.0,0.0,3259000.0,33.6,56.4
1626,Jawa Barat,Perdesaan,Laki-laki,38.0,Diploma,Wiraswasta,Menikah,2.0,4800000.0,3981000,370000.0,415000.0,155000.0,427000.0,144000.0,802000.0,178000.0,254000.0,267000.0,340000.0,228000.0,247000.0,745000.0,819000.0,17.1,64.7
1122,Jawa Tengah,Perdesaan,Perempuan,38.0,Pascasarjana (S2/S3),Tidak Bekerja,Menikah,2.0,1200000.0,944000,163000.0,178000.0,86000.0,127000.0,,113000.0,31000.0,36000.0,17000.0,65000.0,22000.0,31000.0,0.0,256000.0,21.3,56.8
687,Sumatera Utara,Perdesaan,Laki-laki,,SMA/SMK,Karyawan Swasta,Menikah,1.0,4700000.0,4036000,454000.0,440000.0,247000.0,,32000.0,773000.0,201000.0,246000.0,184000.0,304000.0,225000.0,130000.0,0.0,664000.0,14.1,41.0
1546,Jawa Timur,Perdesaan,Laki-laki,33.0,Sarjana (S1),Buruh/Pekerja Harian,Belum Menikah,0.0,1350000.0,930000,144000.0,185000.0,63000.0,104000.0,23000.0,88000.0,30000.0,21000.0,0.0,44000.0,24000.0,17000.0,69000.0,420000.0,31.1,69.6
1607,Banten,Perkotaan,Perempuan,50.0,Tidak Sekolah,Wiraswasta,Cerai/Janda/Duda,3.0,5650000.0,5001000,402000.0,626000.0,229000.0,551000.0,,812000.0,200000.0,208000.0,369000.0,593000.0,274000.0,276000.0,1106000.0,,11.5,35.6
1038,Jawa Timur,Perkotaan,Perempuan,39.0,SMA/SMK,Wiraswasta,Cerai/Janda/Duda,1.0,,7257000,625000.0,821000.0,354000.0,676000.0,137000.0,1642000.0,305000.0,267000.0,439000.0,728000.0,319000.0,222000.0,,3843000.0,34.6,46.3
696,Jawa Tengah,Perkotaan,Perempuan,34.0,SMA/SMK,Karyawan Swasta,Belum Menikah,0.0,4850000.0,3429000,296000.0,413000.0,152000.0,352000.0,8000.0,744000.0,170000.0,210000.0,0.0,298000.0,194000.0,91000.0,0.0,1421000.0,29.3,59.9
675,Jawa Barat,Perkotaan,Perempuan,46.0,SMP,Tidak Bekerja,Belum Menikah,,2200000.0,1959000,296000.0,379000.0,165000.0,198000.0,27000.0,218000.0,44000.0,85000.0,0.0,111000.0,79000.0,48000.0,0.0,191000.0,8.9,56.0
1183,Jawa Barat,Perdesaan,Perempuan,48.0,Diploma,Buruh/Pekerja Harian,Menikah,1.0,2350000.0,1918000,251000.0,274000.0,158000.0,240000.0,75000.0,215000.0,57000.0,108000.0,72000.0,106000.0,,95000.0,0.0,432000.0,18.4,67.7
756,Jawa Barat,Perkotaan,Laki-laki,44.0,SMA/SMK,PNS/ASN,Menikah,2.0,5650000.0,4056000,300000.0,406000.0,232000.0,,105000.0,860000.0,168000.0,294000.0,236000.0,368000.0,184000.0,97000.0,157000.0,1594000.0,28.2,56.3
1553,Sumatera Selatan,Perkotaan,Perempuan,48.0,SMA/SMK,Karyawan Swasta,Menikah,1.0,3700000.0,3389000,389000.0,482000.0,244000.0,280000.0,62000.0,488000.0,148000.0,204000.0,140000.0,274000.0,163000.0,67000.0,107000.0,311000.0,8.4,76.3
1738,Jawa Barat,Perdesaan,Perempuan,25.0,Sarjana (S1),Karyawan Swasta,Menikah,2.0,3650000.0,3272000,262000.0,381000.0,175000.0,220000.0,61000.0,615000.0,,143000.0,256000.0,397000.0,177000.0,178000.0,585000.0,378000.0,10.3,74.7
1792,Jawa Timur,Perkotaan,Laki-laki,42.0,SMA/SMK,Karyawan Swasta,Belum Menikah,0.0,3850000.0,3307000,304000.0,369000.0,188000.0,322000.0,1000.0,678000.0,205000.0,,0.0,341000.0,103000.0,69000.0,0.0,,14.1,56.1
811,Jawa Timur,Perkotaan,Laki-laki,29.0,Sarjana (S1),Tidak Bekerja,Menikah,2.0,1600000.0,1421000,195000.0,202000.0,98000.0,156000.0,84000.0,157000.0,38000.0,78000.0,97000.0,130000.0,53000.0,53000.0,22000.0,179000.0,11.2,67.5
681,Jawa Tengah,Perkotaan,Perempuan,40.0,Diploma,Wiraswasta,Cerai/Janda/Duda,1.0,,5677000,457000.0,633000.0,218000.0,442000.0,164000.0,1268000.0,356000.0,324000.0,432000.0,527000.0,277000.0,353000.0,1254000.0,,18.9,60.9
906,DKI Jakarta,Perkotaan,Perempuan,,SMA/SMK,Buruh/Pekerja Harian,Menikah,1.0,,2090000,209000.0,264000.0,162000.0,244000.0,,292000.0,78000.0,109000.0,,168000.0,109000.0,108000.0,0.0,410000.0,,78.8
1595,DKI Jakarta,Perdesaan,Laki-laki,24.0,SMA/SMK,Pelajar/Mahasiswa,Menikah,1.0,1400000.0,1026000,174000.0,214000.0,128000.0,114000.0,60000.0,79000.0,17000.0,36000.0,34000.0,55000.0,19000.0,26000.0,121000.0,374000.0,26.7,57.8
1260,Banten,Perkotaan,Laki-laki,56.0,SMP,Wiraswasta,Cerai/Janda/Duda,3.0,4700000.0,3561000,358000.0,431000.0,150000.0,240000.0,,580000.0,207000.0,219000.0,296000.0,364000.0,145000.0,106000.0,,1139000.0,24.2,32.3
1574,DKI Jakarta,Perkotaan,Perempuan,25.0,SD,Karyawan Swasta,,4.0,4350000.0,3329000,370000.0,464000.0,260000.0,,68000.0,472000.0,,93000.0,225000.0,255000.0,121000.0,107000.0,0.0,1021000.0,23.5,63.5
1613,Sumatera Utara,Perkotaan,Perempuan,68.0,SD,PNS/ASN,Belum Menikah,0.0,4650000.0,3714000,421000.0,525000.0,214000.0,,,707000.0,124000.0,203000.0,0.0,219000.0,135000.0,154000.0,0.0,936000.0,20.1,70.2
1405,Jawa Barat,Perdesaan,Laki-laki,43.0,Sarjana (S1),PNS/ASN,Belum Menikah,0.0,5250000.0,4142000,406000.0,396000.0,208000.0,429000.0,83000.0,581000.0,252000.0,177000.0,0.0,464000.0,154000.0,154000.0,0.0,1108000.0,21.1,100.0
1233,Jawa Tengah,Perdesaan,Perempuan,24.0,Diploma,PNS/ASN,Belum Menikah,0.0,,2610000,291000.0,448000.0,179000.0,,136000.0,439000.0,82000.0,,0.0,177000.0,115000.0,39000.0,0.0,,10.0,48.8
1951,DI Yogyakarta,Perkotaan,Perempuan,22.0,SMA/SMK,Karyawan Swasta,Menikah,4.0,2350000.0,1897000,,318000.0,145000.0,,24000.0,,53000.0,87000.0,130000.0,160000.0,67000.0,53000.0,0.0,453000.0,19.3,37.6
366,Kalimantan Timur,Perdesaan,Laki-laki,58.0,Pascasarjana (S2/S3),Buruh/Pekerja Harian,Menikah,2.0,5150000.0,3456000,,434000.0,147000.0,362000.0,107000.0,599000.0,197000.0,171000.0,150000.0,277000.0,162000.0,145000.0,815000.0,,32.9,
1964,DKI Jakarta,Perdesaan,Perempuan,37.0,SMP,Karyawan Swasta,Menikah,0.0,2450000.0,2032000,304000.0,313000.0,110000.0,294000.0,58000.0,310000.0,84000.0,81000.0,0.0,190000.0,69000.0,75000.0,254000.0,418000.0,17.1,44.8
1562,Jawa Barat,Perkotaan,Laki-laki,40.0,SMP,Karyawan Swasta,Menikah,0.0,2350000.0,1897000,,294000.0,180000.0,232000.0,23000.0,253000.0,,96000.0,0.0,143000.0,46000.0,42000.0,0.0,453000.0,19.3,40.3
747,Jawa Barat,Perkotaan,Laki-laki,30.0,SMA/SMK,Karyawan Swasta,Belum Menikah,0.0,6950000.0,5931000,701000.0,661000.0,,533000.0,140000.0,807000.0,309000.0,269000.0,0.0,423000.0,237000.0,248000.0,670000.0,1019000.0,14.7,44.1
988,Jawa Tengah,Perdesaan,Laki-laki,30.0,SMA/SMK,Tidak Bekerja,Menikah,4.0,800000.0,526000,79000.0,94000.0,51000.0,62000.0,8000.0,49000.0,13000.0,19000.0,20000.0,27000.0,14000.0,11000.0,37000.0,274000.0,34.3,
584,Jawa Barat,Perkotaan,Laki-laki,27.0,SMP,Karyawan Swasta,Belum Menikah,0.0,3850000.0,3385000,393000.0,502000.0,181000.0,397000.0,51000.0,591000.0,99000.0,189000.0,0.0,200000.0,171000.0,93000.0,375000.0,465000.0,12.1,48.8
1991,Bali,Perdesaan,Laki-laki,,Diploma,Wiraswasta,Menikah,2.0,7750000.0,6917000,485000.0,597000.0,236000.0,532000.0,,1530000.0,495000.0,578000.0,580000.0,591000.0,494000.0,501000.0,0.0,833000.0,10.7,81.2
1978,Kalimantan Timur,Perkotaan,Perempuan,,,,Menikah,2.0,5400000.0,3807000,420000.0,501000.0,281000.0,468000.0,96000.0,441000.0,199000.0,108000.0,212000.0,221000.0,,,0.0,1593000.0,29.5,72.4
1121,Jawa Barat,Perdesaan,Laki-laki,41.0,SMA/SMK,Tidak Bekerja,Menikah,1.0,1000000.0,805000,,149000.0,69000.0,101000.0,45000.0,84000.0,20000.0,22000.0,24000.0,36000.0,15000.0,14000.0,0.0,195000.0,19.5,70.8
1450,Banten,Perkotaan,Perempuan,48.0,SD,PNS/ASN,Menikah,3.0,5700000.0,4189000,504000.0,543000.0,,,29000.0,539000.0,209000.0,247000.0,307000.0,308000.0,222000.0,192000.0,,1511000.0,26.5,47.9
1543,DKI Jakarta,Perdesaan,Perempuan,34.0,SMP,Karyawan Swasta,Menikah,2.0,5800000.0,4675000,504000.0,591000.0,223000.0,439000.0,33000.0,618000.0,253000.0,279000.0,359000.0,326000.0,271000.0,,409000.0,1125000.0,19.4,35.9
1455,Sulawesi Selatan,Perkotaan,Laki-laki,43.0,SMP,Karyawan Swasta,Menikah,2.0,1900000.0,1470000,194000.0,226000.0,83000.0,134000.0,13000.0,219000.0,55000.0,58000.0,94000.0,96000.0,57000.0,25000.0,264000.0,430000.0,22.6,47.5
1581,Jawa Tengah,Perdesaan,Laki-laki,20.0,Diploma,Wiraswasta,Menikah,4.0,3800000.0,3147000,428000.0,,244000.0,310000.0,15000.0,587000.0,98000.0,114000.0,111000.0,225000.0,108000.0,121000.0,40000.0,653000.0,17.2,52.5
1537,DKI Jakarta,Perkotaan,Perempuan,39.0,SD,PNS/ASN,Menikah,2.0,6400000.0,5303000,366000.0,474000.0,188000.0,512000.0,69000.0,886000.0,,380000.0,179000.0,389000.0,293000.0,339000.0,334000.0,1097000.0,17.1,50.1
319,DI Yogyakarta,Perkotaan,Laki-laki,30.0,Diploma,Wiraswasta,Cerai/Janda/Duda,1.0,8900000.0,5938000,501000.0,724000.0,299000.0,404000.0,30000.0,1175000.0,316000.0,293000.0,558000.0,393000.0,251000.0,363000.0,0.0,2962000.0,33.3,65.4
772,Bali,Perkotaan,Perempuan,45.0,Diploma,Buruh/Pekerja Harian,Menikah,2.0,5950000.0,4000000,416000.0,,213000.0,311000.0,29000.0,569000.0,167000.0,122000.0,323000.0,394000.0,193000.0,94000.0,630000.0,1950000.0,,81.0
1125,Jawa Barat,Perdesaan,Perempuan,66.0,SMA/SMK,Karyawan Swasta,Belum Menikah,0.0,2000000.0,1624000,248000.0,273000.0,148000.0,219000.0,6000.0,235000.0,46000.0,42000.0,0.0,77000.0,61000.0,56000.0,366000.0,376000.0,18.8,62.2
720,Jawa Tengah,Perkotaan,Laki-laki,35.0,Sarjana (S1),Tidak Bekerja,Menikah,2.0,1000000.0,743000,90000.0,123000.0,59000.0,127000.0,16000.0,103000.0,19000.0,20000.0,,52000.0,16000.0,14000.0,0.0,,25.7,88.1
1944,Jawa Barat,Perkotaan,Perempuan,28.0,SMP,Buruh/Pekerja Harian,Belum Menikah,0.0,1500000.0,1067000,152000.0,178000.0,75000.0,86000.0,2000.0,142000.0,47000.0,47000.0,0.0,73000.0,48000.0,22000.0,0.0,433000.0,28.9,35.1
1139,DI Yogyakarta,Perkotaan,Laki-laki,23.0,SMA/SMK,Karyawan Swasta,Menikah,2.0,4550000.0,3637000,323000.0,452000.0,243000.0,265000.0,88000.0,652000.0,172000.0,166000.0,,226000.0,150000.0,148000.0,,913000.0,20.1,83.7
344,DKI Jakarta,Perkotaan,Laki-laki,42.0,SMP,Karyawan Swasta,Menikah,2.0,4450000.0,3923000,334000.0,457000.0,,319000.0,86000.0,768000.0,135000.0,240000.0,,262000.0,141000.0,199000.0,0.0,527000.0,11.8,58.6
399,Jawa Barat,Perdesaan,Laki-laki,35.0,Pascasarjana (S2/S3),,Belum Menikah,0.0,4800000.0,4295000,507000.0,569000.0,228000.0,421000.0,20000.0,746000.0,213000.0,291000.0,0.0,312000.0,126000.0,169000.0,759000.0,505000.0,10.5,
585,Jawa Tengah,Perdesaan,Perempuan,49.0,SMA/SMK,Wiraswasta,Menikah,2.0,3600000.0,2360000,214000.0,311000.0,156000.0,235000.0,17000.0,365000.0,93000.0,116000.0,188000.0,243000.0,74000.0,126000.0,0.0,1240000.0,34.5,45.3
1631,DKI Jakarta,Perkotaan,Perempuan,51.0,SMA/SMK,Pelajar/Mahasiswa,Menikah,2.0,5100000.0,4131000,435000.0,569000.0,277000.0,433000.0,45000.0,637000.0,218000.0,256000.0,289000.0,392000.0,133000.0,144000.0,0.0,969000.0,19.0,50.8
293,Jawa Barat,Perkotaan,Laki-laki,32.0,SMA/SMK,PNS/ASN,Menikah,2.0,8100000.0,5996000,578000.0,521000.0,348000.0,465000.0,98000.0,1083000.0,329000.0,201000.0,541000.0,571000.0,265000.0,157000.0,0.0,2104000.0,26.0,26.9
793,Jawa Tengah,Perkotaan,Laki-laki,23.0,SMA/SMK,Buruh/Pekerja Harian,Menikah,3.0,2000000.0,1810000,243000.0,262000.0,,258000.0,62000.0,279000.0,65000.0,60000.0,112000.0,147000.0,69000.0,67000.0,0.0,190000.0,9.5,53.8
1058,Nusa Tenggara Barat,Perkotaan,Laki-laki,23.0,Diploma,Karyawan Swasta,Menikah,0.0,3250000.0,2271000,217000.0,328000.0,136000.0,224000.0,15000.0,377000.0,97000.0,91000.0,0.0,142000.0,96000.0,102000.0,0.0,979000.0,30.1,57.0
1115,Sumatera Selatan,Perkotaan,Laki-laki,22.0,SD,PNS/ASN,Menikah,0.0,2600000.0,2387000,374000.0,420000.0,153000.0,193000.0,126000.0,235000.0,68000.0,99000.0,0.0,133000.0,,95000.0,424000.0,,8.2,53.3
142,Sumatera Selatan,Perkotaan,Perempuan,37.0,SMP,,Menikah,1.0,3450000.0,2941000,273000.0,376000.0,163000.0,208000.0,74000.0,565000.0,87000.0,118000.0,118000.0,,160000.0,105000.0,0.0,509000.0,14.7,49.2
927,Banten,Perkotaan,Laki-laki,45.0,SD,Buruh/Pekerja Harian,Belum Menikah,0.0,3650000.0,2789000,214000.0,283000.0,133000.0,,97000.0,470000.0,152000.0,158000.0,0.0,237000.0,152000.0,137000.0,451000.0,,23.6,33.0
3,Sulawesi Selatan,Perdesaan,Perempuan,33.0,SMA/SMK,Karyawan Swasta,Menikah,2.0,2000000.0,1593000,166000.0,256000.0,82000.0,231000.0,72000.0,188000.0,41000.0,88000.0,99000.0,141000.0,72000.0,29000.0,0.0,407000.0,,34.6
577,DKI Jakarta,Perkotaan,Laki-laki,23.0,SMA/SMK,Buruh/Pekerja Harian,Menikah,3.0,3800000.0,3003000,345000.0,359000.0,192000.0,264000.0,62000.0,557000.0,104000.0,131000.0,129000.0,241000.0,109000.0,125000.0,598000.0,797000.0,21.0,37.7
1314,DI Yogyakarta,Perkotaan,Laki-laki,44.0,SMA/SMK,PNS/ASN,Menikah,3.0,7700000.0,6111000,473000.0,701000.0,294000.0,528000.0,,1134000.0,320000.0,373000.0,233000.0,456000.0,312000.0,,192000.0,1589000.0,20.6,59.0
340,Jawa Timur,Perkotaan,Perempuan,28.0,SD,Karyawan Swasta,Menikah,4.0,2850000.0,1899000,211000.0,240000.0,142000.0,209000.0,16000.0,200000.0,90000.0,62000.0,110000.0,133000.0,79000.0,,,951000.0,33.4,31.2
807,Nusa Tenggara Barat,Perkotaan,Laki-laki,26.0,Sarjana (S1),Wiraswasta,Belum Menikah,0.0,2950000.0,2320000,274000.0,390000.0,,351000.0,89000.0,270000.0,57000.0,87000.0,0.0,184000.0,72000.0,,485000.0,630000.0,21.3,58.4
266,Jawa Timur,Perdesaan,Laki-laki,24.0,SMA/SMK,Wiraswasta,,1.0,4300000.0,3730000,502000.0,537000.0,292000.0,344000.0,84000.0,487000.0,144000.0,138000.0,,259000.0,108000.0,132000.0,0.0,570000.0,13.3,57.2
377,Jawa Barat,Perdesaan,Laki-laki,30.0,SMA/SMK,Wiraswasta,Menikah,1.0,3950000.0,3284000,365000.0,397000.0,193000.0,236000.0,45000.0,443000.0,123000.0,130000.0,201000.0,309000.0,192000.0,86000.0,646000.0,666000.0,16.8,33.4
880,DKI Jakarta,Perkotaan,Laki-laki,27.0,SMA/SMK,Wiraswasta,Belum Menikah,0.0,14300000.0,9525000,742000.0,906000.0,506000.0,780000.0,29000.0,1509000.0,428000.0,379000.0,0.0,950000.0,647000.0,431000.0,1953000.0,4775000.0,33.4,
440,DKI Jakarta,Perkotaan,Perempuan,37.0,SD,Karyawan Swasta,Menikah,1.0,8300000.0,5983000,489000.0,755000.0,,614000.0,,1301000.0,255000.0,307000.0,459000.0,604000.0,251000.0,262000.0,70000.0,2317000.0,27.9,49.5
272,Banten,Perkotaan,Laki-laki,47.0,SMA/SMK,Karyawan Swasta,Cerai/Janda/Duda,1.0,8150000.0,5980000,546000.0,654000.0,299000.0,305000.0,132000.0,1270000.0,229000.0,267000.0,558000.0,412000.0,354000.0,255000.0,0.0,,26.6,48.7
245,Jawa Barat,Perdesaan,Perempuan,34.0,SD,Karyawan Swasta,Belum Menikah,0.0,1350000.0,1078000,172000.0,208000.0,110000.0,120000.0,10000.0,138000.0,,50000.0,0.0,77000.0,32000.0,41000.0,0.0,272000.0,20.2,
1988,DKI Jakarta,Perkotaan,Laki-laki,46.0,,,Belum Menikah,0.0,14050000.0,11368000,899000.0,1377000.0,744000.0,978000.0,257000.0,2454000.0,,749000.0,0.0,1159000.0,430000.0,351000.0,,2682000.0,19.1,32.9
669,Jawa Tengah,Perkotaan,Laki-laki,56.0,SMA/SMK,Buruh/Pekerja Harian,Menikah,3.0,6800000.0,5562000,314000.0,483000.0,197000.0,257000.0,,1183000.0,274000.0,211000.0,420000.0,779000.0,323000.0,397000.0,0.0,1238000.0,18.2,74.1
757,Jawa Tengah,Perkotaan,Laki-laki,43.0,SMP,Karyawan Swasta,Menikah,4.0,2500000.0,1814000,259000.0,233000.0,123000.0,162000.0,97000.0,327000.0,86000.0,68000.0,,117000.0,89000.0,89000.0,0.0,686000.0,27.5,32.7
650,Jawa Timur,Perdesaan,Laki-laki,39.0,SMA/SMK,Tidak Bekerja,Cerai/Janda/Duda,3.0,500000.0,385000,53000.0,66000.0,34000.0,60000.0,20000.0,50000.0,8000.0,8000.0,20000.0,24000.0,12000.0,5000.0,0.0,115000.0,23.1,43.5
608,Jawa Timur,Perdesaan,Perempuan,44.0,SMA/SMK,PNS/ASN,Menikah,3.0,,2036000,288000.0,339000.0,109000.0,215000.0,56000.0,358000.0,87000.0,81000.0,54000.0,162000.0,57000.0,,230000.0,464000.0,18.6,73.3
416,Jawa Timur,Perdesaan,Laki-laki,37.0,SD,Tidak Bekerja,Menikah,4.0,500000.0,439000,76000.0,85000.0,52000.0,64000.0,,38000.0,11000.0,12000.0,8000.0,27000.0,10000.0,10000.0,0.0,61000.0,12.2,41.9
274,Bali,Perdesaan,Perempuan,18.0,SMP,PNS/ASN,Menikah,1.0,2150000.0,1936000,230000.0,283000.0,154000.0,180000.0,,215000.0,62000.0,113000.0,132000.0,141000.0,72000.0,70000.0,0.0,214000.0,9.9,30.3
1681,Jawa Tengah,Perkotaan,Perempuan,47.0,SMA/SMK,Karyawan Swasta,Menikah,1.0,5000000.0,4398000,345000.0,485000.0,267000.0,251000.0,176000.0,835000.0,147000.0,308000.0,270000.0,451000.0,257000.0,250000.0,0.0,602000.0,12.0,48.2
251,Jawa Timur,Perkotaan,Laki-laki,40.0,Sarjana (S1),Karyawan Swasta,Menikah,0.0,8450000.0,6243000,554000.0,721000.0,419000.0,376000.0,101000.0,1265000.0,,246000.0,0.0,549000.0,,362000.0,854000.0,2207000.0,26.1,69.4
414,DKI Jakarta,Perdesaan,Perempuan,36.0,SMA/SMK,Karyawan Swasta,Menikah,3.0,9750000.0,7585000,439000.0,542000.0,306000.0,573000.0,97000.0,1291000.0,,620000.0,697000.0,1044000.0,429000.0,462000.0,0.0,2165000.0,22.2,64.1
1454,DKI Jakarta,Perkotaan,Perempuan,48.0,Tidak Sekolah,Wiraswasta,,2.0,4600000.0,3478000,424000.0,498000.0,190000.0,,156000.0,654000.0,155000.0,155000.0,194000.0,390000.0,121000.0,177000.0,0.0,1122000.0,24.4,40.1
1692,Jawa Barat,Perdesaan,Laki-laki,30.0,Tidak Sekolah,Wiraswasta,Menikah,1.0,2000000.0,1466000,210000.0,252000.0,80000.0,136000.0,82000.0,185000.0,52000.0,44000.0,105000.0,136000.0,35000.0,48000.0,172000.0,534000.0,26.7,43.9
311,DKI Jakarta,Perdesaan,Laki-laki,27.0,Sarjana (S1),Buruh/Pekerja Harian,Menikah,1.0,4300000.0,2937000,283000.0,348000.0,145000.0,250000.0,49000.0,536000.0,172000.0,,159000.0,206000.0,147000.0,147000.0,240000.0,1363000.0,31.7,
728,Jawa Timur,Perkotaan,Laki-laki,29.0,Sarjana (S1),Tidak Bekerja,Menikah,4.0,1450000.0,1274000,228000.0,248000.0,139000.0,179000.0,85000.0,128000.0,,54000.0,42000.0,72000.0,32000.0,36000.0,7000.0,176000.0,12.1,67.5
1468,DI Yogyakarta,Perkotaan,Perempuan,38.0,SD,Buruh/Pekerja Harian,Menikah,0.0,1300000.0,972000,169000.0,166000.0,78000.0,153000.0,55000.0,83000.0,33000.0,33000.0,0.0,44000.0,25000.0,13000.0,0.0,328000.0,25.2,26.3
426,Sumatera Selatan,Perdesaan,Perempuan,40.0,SMA/SMK,Wiraswasta,Menikah,3.0,2050000.0,1808000,212000.0,267000.0,143000.0,,34000.0,241000.0,63000.0,,41000.0,137000.0,48000.0,,0.0,242000.0,11.8,59.6
1799,Jawa Barat,Perkotaan,Laki-laki,64.0,SMP,Buruh/Pekerja Harian,Menikah,2.0,1900000.0,1653000,211000.0,270000.0,91000.0,166000.0,11000.0,197000.0,59000.0,96000.0,90000.0,,74000.0,27000.0,0.0,,13.0,62.4
679,DKI Jakarta,Perkotaan,Laki-laki,,SD,Wiraswasta,Menikah,2.0,4500000.0,4122000,344000.0,476000.0,183000.0,322000.0,68000.0,671000.0,136000.0,201000.0,371000.0,451000.0,153000.0,191000.0,630000.0,378000.0,8.4,39.6
1761,DKI Jakarta,Perkotaan,Laki-laki,17.0,Sarjana (S1),,Cerai/Janda/Duda,2.0,4750000.0,3993000,565000.0,600000.0,315000.0,324000.0,156000.0,708000.0,160000.0,131000.0,214000.0,356000.0,184000.0,139000.0,0.0,757000.0,15.9,79.5
1539,Sumatera Selatan,Perkotaan,Laki-laki,56.0,SMA/SMK,Buruh/Pekerja Harian,Menikah,1.0,2400000.0,1971000,299000.0,320000.0,173000.0,278000.0,70000.0,,67000.0,74000.0,124000.0,110000.0,63000.0,70000.0,0.0,429000.0,17.9,95.9
1437,Jawa Barat,Perkotaan,Perempuan,58.0,SMP,Wiraswasta,Menikah,3.0,10700000.0,8620000,831000.0,928000.0,367000.0,877000.0,,1594000.0,549000.0,656000.0,599000.0,,385000.0,527000.0,0.0,2080000.0,19.4,52.1
1174,Sumatera Selatan,Perkotaan,Laki-laki,33.0,SMA/SMK,PNS/ASN,Belum Menikah,0.0,7850000.0,5871000,440000.0,,344000.0,496000.0,196000.0,1074000.0,332000.0,435000.0,,685000.0,369000.0,232000.0,976000.0,,25.2,49.8
846,DKI Jakarta,Perkotaan,Perempuan,41.0,SMA/SMK,Wiraswasta,Menikah,2.0,9000000.0,6717000,650000.0,,296000.0,331000.0,136000.0,1578000.0,346000.0,285000.0,,615000.0,435000.0,453000.0,1313000.0,2283000.0,25.4,74.4
527,Jawa Tengah,Perkotaan,Laki-laki,26.0,Diploma,Buruh/Pekerja Harian,Menikah,2.0,1500000.0,996000,162000.0,153000.0,87000.0,133000.0,37000.0,143000.0,,32000.0,45000.0,79000.0,26000.0,37000.0,0.0,504000.0,33.6,69.7
716,DKI Jakarta,Perdesaan,Perempuan,36.0,SMP,,Menikah,4.0,6100000.0,5551000,509000.0,511000.0,292000.0,500000.0,52000.0,,286000.0,272000.0,313000.0,405000.0,347000.0,295000.0,0.0,549000.0,9.0,33.9
1211,Jawa Timur,Perkotaan,Laki-laki,35.0,SMA/SMK,Karyawan Swasta,Menikah,3.0,,3411000,351000.0,,171000.0,298000.0,,509000.0,208000.0,205000.0,183000.0,230000.0,124000.0,134000.0,0.0,489000.0,12.5,66.9
183,Jawa Tengah,Perdesaan,Laki-laki,35.0,SMA/SMK,Karyawan Swasta,Belum Menikah,0.0,2200000.0,1607000,255000.0,266000.0,102000.0,139000.0,60000.0,,47000.0,52000.0,0.0,,52000.0,42000.0,222000.0,593000.0,26.9,39.0
171,DI Yogyakarta,Perkotaan,Laki-laki,30.0,SMP,PNS/ASN,Belum Menikah,0.0,3450000.0,2719000,271000.0,,183000.0,188000.0,66000.0,341000.0,87000.0,147000.0,0.0,255000.0,153000.0,112000.0,34000.0,731000.0,21.2,46.8
1720,Jawa Tengah,Perdesaan,Perempuan,24.0,SMA/SMK,Wiraswasta,Belum Menikah,0.0,2900000.0,1994000,255000.0,383000.0,160000.0,321000.0,92000.0,300000.0,58000.0,50000.0,0.0,159000.0,80000.0,65000.0,531000.0,906000.0,31.3,77.1
840,DKI Jakarta,Perkotaan,Perempuan,42.0,SMA/SMK,Buruh/Pekerja Harian,Menikah,2.0,5200000.0,4590000,463000.0,467000.0,213000.0,260000.0,3000.0,796000.0,161000.0,186000.0,395000.0,460000.0,239000.0,126000.0,903000.0,610000.0,11.7,60.6
188,DKI Jakarta,Perdesaan,Laki-laki,38.0,Sarjana (S1),Wiraswasta,Belum Menikah,0.0,8400000.0,5490000,521000.0,679000.0,363000.0,594000.0,204000.0,1138000.0,205000.0,239000.0,0.0,440000.0,235000.0,196000.0,269000.0,2910000.0,34.6,67.3
620,Kalimantan Timur,Perkotaan,Perempuan,34.0,SMP,PNS/ASN,Belum Menikah,0.0,,5774000,298000.0,421000.0,167000.0,275000.0,154000.0,1143000.0,274000.0,393000.0,0.0,492000.0,271000.0,294000.0,0.0,1826000.0,24.0,40.7
1872,Jawa Tengah,Perdesaan,Perempuan,42.0,SMA/SMK,Wiraswasta,Menikah,,2750000.0,1932000,196000.0,311000.0,101000.0,280000.0,34000.0,311000.0,52000.0,85000.0,83000.0,100000.0,81000.0,,0.0,818000.0,29.8,66.1
159,Sumatera Utara,Perkotaan,Perempuan,42.0,SMP,Tidak Bekerja,Belum Menikah,0.0,600000.0,549000,83000.0,104000.0,39000.0,78000.0,22000.0,69000.0,20000.0,21000.0,0.0,34000.0,15000.0,20000.0,0.0,51000.0,8.6,32.1
1197,DKI Jakarta,Perdesaan,Laki-laki,41.0,SD,Buruh/Pekerja Harian,Menikah,,1500000.0,1336000,158000.0,235000.0,99000.0,192000.0,62000.0,124000.0,36000.0,50000.0,0.0,117000.0,41000.0,45000.0,0.0,164000.0,10.9,48.8
273,DKI Jakarta,Perdesaan,Laki-laki,58.0,Diploma,Pelajar/Mahasiswa,Menikah,2.0,1950000.0,1606000,212000.0,242000.0,154000.0,188000.0,73000.0,185000.0,41000.0,63000.0,38000.0,97000.0,53000.0,41000.0,323000.0,344000.0,17.7,59.7
615,Jawa Barat,Perkotaan,Perempuan,17.0,SMA/SMK,Wiraswasta,Menikah,1.0,7150000.0,6233000,488000.0,462000.0,184000.0,267000.0,123000.0,1396000.0,312000.0,443000.0,,879000.0,242000.0,197000.0,0.0,917000.0,12.8,61.4
887,Jawa Barat,Perdesaan,Perempuan,17.0,SMA/SMK,Karyawan Swasta,Menikah,0.0,1500000.0,1244000,124000.0,205000.0,100000.0,144000.0,58000.0,218000.0,41000.0,72000.0,0.0,78000.0,46000.0,45000.0,9000.0,256000.0,17.1,
788,DKI Jakarta,Perkotaan,Perempuan,35.0,SMA/SMK,Wiraswasta,Menikah,2.0,12600000.0,10867000,987000.0,1200000.0,551000.0,1201000.0,14000.0,1530000.0,621000.0,618000.0,474000.0,795000.0,608000.0,604000.0,,1733000.0,13.8,72.2
1988,DKI Jakarta,Perkotaan,Laki-laki,46.0,SMP,Wiraswasta,Belum Menikah,0.0,14050000.0,11368000,899000.0,1377000.0,744000.0,978000.0,257000.0,2454000.0,576000.0,749000.0,0.0,1159000.0,,351000.0,1282000.0,2682000.0,19.1,32.9
372,Jawa Timur,Perdesaan,Laki-laki,36.0,SMA/SMK,Karyawan Swasta,Menikah,1.0,2400000.0,1609000,,261000.0,96000.0,184000.0,72000.0,216000.0,54000.0,56000.0,86000.0,150000.0,65000.0,27000.0,0.0,791000.0,33.0,38.0
223,Jawa Tengah,Perdesaan,Laki-laki,23.0,SMA/SMK,Karyawan Swasta,Cerai/Janda/Duda,,1200000.0,814000,148000.0,190000.0,63000.0,164000.0,30000.0,88000.0,22000.0,18000.0,0.0,31000.0,17000.0,9000.0,0.0,386000.0,,50.5
594,Banten,Perdesaan,Perempuan,28.0,SMA/SMK,Wiraswasta,Menikah,1.0,5200000.0,3492000,266000.0,413000.0,171000.0,349000.0,60000.0,590000.0,152000.0,207000.0,185000.0,425000.0,209000.0,193000.0,467000.0,1708000.0,32.8,38.6
926,DI Yogyakarta,Perdesaan,Perempuan,42.0,SMA/SMK,Karyawan Swasta,Menikah,0.0,3000000.0,2505000,276000.0,286000.0,168000.0,158000.0,99000.0,495000.0,101000.0,108000.0,0.0,199000.0,138000.0,135000.0,,495000.0,16.5,32.8
1989,Jawa Tengah,Perkotaan,Perempuan,33.0,Diploma,Karyawan Swasta,Menikah,2.0,6550000.0,5088000,443000.0,496000.0,184000.0,510000.0,3000.0,803000.0,240000.0,240000.0,349000.0,485000.0,208000.0,120000.0,0.0,1462000.0,22.3,77.2
1234,Jawa Tengah,Perdesaan,Perempuan,54.0,Sarjana (S1),Karyawan Swasta,Cerai/Janda/Duda,2.0,3500000.0,2944000,284000.0,342000.0,118000.0,254000.0,22000.0,651000.0,159000.0,108000.0,131000.0,317000.0,141000.0,155000.0,0.0,556000.0,15.9,51.7
519,Jawa Barat,Perkotaan,Perempuan,56.0,SMP,Wiraswasta,Menikah,2.0,7600000.0,5952000,352000.0,433000.0,271000.0,272000.0,57000.0,1222000.0,412000.0,350000.0,550000.0,820000.0,289000.0,254000.0,,1648000.0,21.7,57.8
781,Sumatera Utara,Perkotaan,Perempuan,17.0,SMA/SMK,Pelajar/Mahasiswa,Belum Menikah,0.0,2700000.0,1794000,235000.0,284000.0,153000.0,173000.0,108000.0,,64000.0,64000.0,0.0,150000.0,71000.0,50000.0,306000.0,906000.0,33.6,36.8
335,DKI Jakarta,Perdesaan,Laki-laki,37.0,SMA/SMK,Buruh/Pekerja Harian,Menikah,2.0,,3034000,300000.0,365000.0,136000.0,363000.0,14000.0,526000.0,125000.0,139000.0,209000.0,189000.0,141000.0,149000.0,119000.0,466000.0,13.3,56.2
892,Jawa Barat,Perdesaan,Perempuan,30.0,Diploma,,Belum Menikah,0.0,3900000.0,2961000,282000.0,371000.0,116000.0,266000.0,96000.0,642000.0,167000.0,128000.0,0.0,316000.0,163000.0,150000.0,705000.0,939000.0,24.1,71.7
1899,Sumatera Utara,Perkotaan,Laki-laki,46.0,SD,PNS/ASN,Menikah,0.0,3100000.0,2767000,317000.0,413000.0,235000.0,305000.0,15000.0,478000.0,,99000.0,0.0,273000.0,92000.0,120000.0,0.0,333000.0,10.7,35.4
1199,DKI Jakarta,Perdesaan,Laki-laki,39.0,,,Menikah,0.0,4600000.0,3127000,409000.0,389000.0,,235000.0,45000.0,450000.0,128000.0,,0.0,326000.0,,145000.0,0.0,1473000.0,32.0,22.2
1162,Jawa Tengah,Perdesaan,Perempuan,39.0,Pascasarjana (S2/S3),Buruh/Pekerja Harian,Menikah,2.0,1650000.0,1428000,171000.0,249000.0,105000.0,161000.0,69000.0,150000.0,62000.0,47000.0,54000.0,111000.0,66000.0,49000.0,,222000.0,13.5,58.3
16,Jawa Tengah,Perdesaan,Perempuan,27.0,SMA/SMK,Buruh/Pekerja Harian,Menikah,1.0,1200000.0,884000,172000.0,172000.0,60000.0,170000.0,7000.0,71000.0,28000.0,34000.0,31000.0,47000.0,21000.0,15000.0,0.0,316000.0,26.4,63.9
868,Jawa Barat,Perdesaan,Perempuan,34.0,SMA/SMK,Wiraswasta,Menikah,0.0,3550000.0,3247000,431000.0,497000.0,165000.0,420000.0,154000.0,,,147000.0,0.0,296000.0,113000.0,56000.0,0.0,303000.0,8.5,38.1
1059,DKI Jakarta,Perkotaan,Perempuan,30.0,SMP,PNS/ASN,Cerai/Janda/Duda,0.0,6800000.0,5146000,530000.0,568000.0,195000.0,551000.0,19000.0,944000.0,306000.0,181000.0,0.0,507000.0,297000.0,323000.0,379000.0,1654000.0,24.3,57.5
1747,Jawa Tengah,Perkotaan,Perempuan,34.0,SMP,PNS/ASN,Belum Menikah,0.0,1950000.0,1477000,164000.0,193000.0,82000.0,,25000.0,239000.0,,83000.0,0.0,91000.0,45000.0,61000.0,56000.0,473000.0,24.3,40.7
1910,Jawa Barat,Perkotaan,Laki-laki,44.0,SMA/SMK,Karyawan Swasta,Belum Menikah,0.0,9300000.0,6259000,574000.0,553000.0,318000.0,466000.0,,1144000.0,360000.0,221000.0,0.0,440000.0,401000.0,349000.0,849000.0,3041000.0,32.7,50.4
571,Jawa Timur,Perkotaan,Perempuan,37.0,,PNS/ASN,Menikah,3.0,3200000.0,2764000,218000.0,255000.0,116000.0,,49000.0,582000.0,134000.0,,214000.0,195000.0,157000.0,73000.0,0.0,436000.0,13.6,70.8
655,DKI Jakarta,Perdesaan,Perempuan,41.0,SMA/SMK,Buruh/Pekerja Harian,Menikah,2.0,3150000.0,2367000,269000.0,234000.0,145000.0,273000.0,79000.0,502000.0,121000.0,75000.0,191000.0,185000.0,104000.0,75000.0,0.0,783000.0,24.8,29.1
773,Nusa Tenggara Barat,Perdesaan,Perempuan,32.0,Tidak Sekolah,Buruh/Pekerja Harian,Belum Menikah,0.0,700000.0,596000,77000.0,106000.0,59000.0,67000.0,9000.0,56000.0,,14000.0,,28000.0,18000.0,14000.0,122000.0,,14.9,41.6
1650,Banten,Perkotaan,Perempuan,27.0,Diploma,Wiraswasta,Cerai/Janda/Duda,3.0,9250000.0,6473000,442000.0,559000.0,199000.0,323000.0,22000.0,,338000.0,335000.0,655000.0,503000.0,439000.0,165000.0,458000.0,2777000.0,30.0,61.4
466,Jawa Timur,Perdesaan,Perempuan,24.0,SD,Karyawan Swasta,Menikah,3.0,1900000.0,1497000,250000.0,298000.0,144000.0,,20000.0,180000.0,46000.0,71000.0,38000.0,80000.0,56000.0,23000.0,0.0,403000.0,21.2,50.3
986,Jawa Barat,Perkotaan,Perempuan,42.0,SMA/SMK,Buruh/Pekerja Harian,Menikah,3.0,4150000.0,3582000,368000.0,471000.0,159000.0,454000.0,146000.0,680000.0,174000.0,,109000.0,384000.0,144000.0,100000.0,349000.0,568000.0,13.7,62.3
200,Jawa Tengah,Perkotaan,Perempuan,31.0,Sarjana (S1),Pelajar/Mahasiswa,Menikah,2.0,1200000.0,928000,148000.0,195000.0,73000.0,118000.0,66000.0,69000.0,24000.0,38000.0,37000.0,51000.0,21000.0,18000.0,134000.0,272000.0,22.7,
1365,Jawa Barat,Perkotaan,Laki-laki,25.0,SD,Wiraswasta,Belum Menikah,0.0,6300000.0,4182000,361000.0,409000.0,204000.0,258000.0,45000.0,908000.0,244000.0,257000.0,,462000.0,155000.0,255000.0,744000.0,2118000.0,33.6,45.6
1203,Sulawesi Selatan,Perkotaan,Laki-laki,28.0,SMA/SMK,Buruh/Pekerja Harian,Menikah,3.0,3300000.0,2216000,185000.0,203000.0,112000.0,168000.0,54000.0,346000.0,105000.0,104000.0,,233000.0,118000.0,125000.0,465000.0,1084000.0,32.8,53.4
1285,Jawa Barat,Perkotaan,Laki-laki,32.0,SMA/SMK,Karyawan Swasta,Belum Menikah,,2900000.0,2438000,,337000.0,143000.0,205000.0,83000.0,333000.0,80000.0,120000.0,0.0,192000.0,113000.0,45000.0,0.0,462000.0,,55.4
1000,DKI Jakarta,Perkotaan,Laki-laki,36.0,SD,Buruh/Pekerja Harian,Menikah,2.0,3800000.0,2786000,283000.0,283000.0,160000.0,297000.0,15000.0,575000.0,93000.0,128000.0,191000.0,268000.0,94000.0,148000.0,138000.0,1014000.0,26.7,21.4
1477,DKI Jakarta,Perkotaan,Perempuan,30.0,SMA/SMK,Wiraswasta,Menikah,2.0,12100000.0,10033000,691000.0,792000.0,387000.0,771000.0,166000.0,1744000.0,652000.0,,,979000.0,574000.0,,1893000.0,2067000.0,17.1,43.5
1062,DKI Jakarta,Perkotaan,Laki-laki,53.0,Sarjana (S1),Buruh/Pekerja Harian,Menikah,4.0,11400000.0,9223000,578000.0,783000.0,277000.0,492000.0,24000.0,1685000.0,601000.0,499000.0,869000.0,1081000.0,493000.0,304000.0,124000.0,2177000.0,19.1,78.9
592,Sumatera Selatan,Perdesaan,Laki-laki,31.0,SD,Tidak Bekerja,Menikah,3.0,500000.0,441000,58000.0,76000.0,37000.0,78000.0,31000.0,,16000.0,8000.0,9000.0,19000.0,11000.0,14000.0,19000.0,59000.0,11.8,31.3
932,Banten,Perkotaan,Laki-laki,25.0,SMP,PNS/ASN,,0.0,4950000.0,3527000,371000.0,448000.0,193000.0,223000.0,,735000.0,152000.0,197000.0,0.0,307000.0,140000.0,75000.0,0.0,1423000.0,28.8,54.6
1591,Kalimantan Timur,Perdesaan,Perempuan,17.0,SD,Buruh/Pekerja Harian,Menikah,1.0,1100000.0,871000,127000.0,187000.0,84000.0,92000.0,28000.0,88000.0,22000.0,19000.0,40000.0,34000.0,17000.0,15000.0,112000.0,229000.0,20.8,32.8
1609,Jawa Timur,Perkotaan,Perempuan,30.0,SMA/SMK,Karyawan Swasta,Menikah,4.0,,2582000,251000.0,241000.0,96000.0,222000.0,1000.0,536000.0,89000.0,145000.0,208000.0,208000.0,92000.0,71000.0,487000.0,868000.0,25.1,65.3
1512,Sumatera Utara,Perkotaan,Laki-laki,17.0,Diploma,Wiraswasta,Belum Menikah,0.0,8550000.0,7112000,576000.0,724000.0,390000.0,557000.0,182000.0,1405000.0,368000.0,299000.0,0.0,643000.0,407000.0,288000.0,0.0,,16.8,
963,DI Yogyakarta,Perdesaan,Laki-laki,40.0,SMA/SMK,Wiraswasta,Menikah,1.0,7400000.0,5689000,404000.0,541000.0,214000.0,288000.0,,938000.0,350000.0,,488000.0,572000.0,381000.0,399000.0,1278000.0,1711000.0,23.1,61.7
933,Sumatera Selatan,Perkotaan,Perempuan,31.0,SD,Buruh/Pekerja Harian,Belum Menikah,0.0,1800000.0,1354000,154000.0,217000.0,96000.0,136000.0,,244000.0,40000.0,46000.0,0.0,139000.0,70000.0,30000.0,0.0,446000.0,24.8,37.6
44,Jawa Tengah,Perkotaan,Laki-laki,36.0,Diploma,Wiraswasta,Belum Menikah,0.0,8650000.0,7610000,496000.0,593000.0,293000.0,545000.0,83000.0,1696000.0,440000.0,386000.0,0.0,1056000.0,505000.0,428000.0,,1040000.0,12.0,50.0
1881,Jawa Timur,Perdesaan,Perempuan,17.0,Diploma,Buruh/Pekerja Harian,Belum Menikah,0.0,1650000.0,1424000,165000.0,,90000.0,122000.0,,232000.0,54000.0,59000.0,0.0,84000.0,43000.0,24000.0,0.0,226000.0,13.7,26.7
275,Jawa Barat,Perkotaan,Laki-laki,27.0,,Wiraswasta,Menikah,1.0,7200000.0,5373000,386000.0,429000.0,233000.0,413000.0,134000.0,1153000.0,296000.0,209000.0,,549000.0,229000.0,304000.0,0.0,,25.4,65.0
1810,Sumatera Utara,Perkotaan,Laki-laki,43.0,Sarjana (S1),Buruh/Pekerja Harian,Menikah,0.0,4050000.0,2952000,236000.0,293000.0,176000.0,204000.0,127000.0,589000.0,122000.0,138000.0,0.0,239000.0,99000.0,58000.0,,1098000.0,27.1,74.5
102,DKI Jakarta,Perkotaan,Perempuan,34.0,SD,Buruh/Pekerja Harian,Belum Menikah,0.0,4150000.0,2812000,260000.0,305000.0,184000.0,,104000.0,571000.0,123000.0,195000.0,0.0,236000.0,168000.0,,410000.0,1338000.0,,34.3
1316,DKI Jakarta,Perdesaan,Laki-laki,36.0,SMP,Buruh/Pekerja Harian,Menikah,2.0,,2224000,221000.0,359000.0,163000.0,195000.0,28000.0,271000.0,89000.0,100000.0,88000.0,192000.0,107000.0,37000.0,0.0,576000.0,20.6,31.3
1507,DKI Jakarta,Perkotaan,Laki-laki,40.0,SMA/SMK,Buruh/Pekerja Harian,Menikah,4.0,6100000.0,4804000,340000.0,340000.0,158000.0,267000.0,120000.0,,265000.0,284000.0,258000.0,682000.0,234000.0,247000.0,0.0,1296000.0,21.3,68.3
1126,Banten,Perdesaan,Laki-laki,17.0,Sarjana (S1),,Menikah,2.0,8600000.0,6676000,533000.0,698000.0,259000.0,687000.0,252000.0,1434000.0,289000.0,211000.0,301000.0,651000.0,402000.0,153000.0,,1924000.0,22.4,82.9
108,DKI Jakarta,Perdesaan,Perempuan,60.0,SMP,Wiraswasta,Menikah,0.0,6800000.0,5424000,421000.0,440000.0,196000.0,375000.0,43000.0,766000.0,340000.0,438000.0,0.0,662000.0,342000.0,173000.0,268000.0,1376000.0,20.2,32.3
1812,Jawa Barat,Perkotaan,Perempuan,41.0,SMA/SMK,Pelajar/Mahasiswa,Menikah,1.0,650000.0,587000,111000.0,113000.0,46000.0,113000.0,18000.0,61000.0,19000.0,18000.0,19000.0,33000.0,12000.0,12000.0,0.0,,9.8,78.3
498,Banten,Perkotaan,Perempuan,,Diploma,Wiraswasta,Menikah,4.0,6450000.0,5257000,410000.0,541000.0,258000.0,400000.0,40000.0,1144000.0,,,398000.0,641000.0,192000.0,160000.0,1031000.0,1193000.0,18.5,46.1
1545,DKI Jakarta,Perkotaan,Perempuan,49.0,SMP,Karyawan Swasta,Menikah,4.0,6150000.0,4054000,430000.0,445000.0,193000.0,302000.0,107000.0,715000.0,212000.0,230000.0,165000.0,321000.0,235000.0,195000.0,0.0,2096000.0,34.1,40.6
1648,Jawa Barat,Perdesaan,Perempuan,28.0,SMA/SMK,PNS/ASN,Menikah,1.0,7400000.0,5696000,,445000.0,208000.0,,22000.0,895000.0,295000.0,472000.0,571000.0,657000.0,398000.0,364000.0,0.0,1704000.0,23.0,40.3
967,Jawa Timur,Perkotaan,Perempuan,31.0,SMP,Buruh/Pekerja Harian,Belum Menikah,0.0,1700000.0,1109000,158000.0,165000.0,84000.0,,,,33000.0,45000.0,0.0,90000.0,,22000.0,,591000.0,,52.5
1675,DKI Jakarta,Perdesaan,Laki-laki,42.0,Diploma,Wiraswasta,Belum Menikah,0.0,5350000.0,4826000,422000.0,569000.0,253000.0,503000.0,161000.0,640000.0,168000.0,318000.0,0.0,486000.0,268000.0,244000.0,0.0,524000.0,,61.4
1242,DKI Jakarta,Perdesaan,Perempuan,45.0,Diploma,Wiraswasta,Menikah,2.0,9150000.0,7071000,775000.0,706000.0,293000.0,630000.0,,972000.0,321000.0,247000.0,480000.0,809000.0,379000.0,246000.0,1213000.0,2079000.0,22.7,61.9
1420,Jawa Barat,Perkotaan,Perempuan,42.0,Tidak Sekolah,Pelajar/Mahasiswa,Menikah,1.0,650000.0,568000,77000.0,96000.0,36000.0,51000.0,14000.0,69000.0,22000.0,21000.0,32000.0,28000.0,13000.0,10000.0,99000.0,82000.0,12.6,48.4
1655,Sumatera Selatan,Perdesaan,Perempuan,56.0,SMA/SMK,Karyawan Swasta,,0.0,1900000.0,1387000,146000.0,209000.0,102000.0,191000.0,24000.0,252000.0,60000.0,63000.0,0.0,124000.0,63000.0,31000.0,276000.0,513000.0,27.0,66.4
1904,Sumatera Utara,Perdesaan,Laki-laki,39.0,SD,,Belum Menikah,0.0,800000.0,582000,74000.0,105000.0,55000.0,98000.0,1000.0,51000.0,21000.0,15000.0,0.0,38000.0,16000.0,8000.0,155000.0,218000.0,27.2,41.3
787,Kalimantan Timur,Perdesaan,Laki-laki,45.0,Sarjana (S1),Buruh/Pekerja Harian,Menikah,1.0,2100000.0,1497000,218000.0,224000.0,129000.0,161000.0,77000.0,180000.0,52000.0,67000.0,41000.0,141000.0,57000.0,47000.0,364000.0,,28.7,74.1
1053,Sulawesi Selatan,Perdesaan,Laki-laki,29.0,Diploma,Karyawan Swasta,Menikah,2.0,1850000.0,1670000,235000.0,290000.0,129000.0,243000.0,28000.0,182000.0,76000.0,78000.0,92000.0,116000.0,54000.0,54000.0,0.0,180000.0,9.7,33.5
713,Banten,Perkotaan,Laki-laki,47.0,SMA/SMK,PNS/ASN,Menikah,2.0,8700000.0,7459000,649000.0,848000.0,422000.0,711000.0,,,400000.0,386000.0,612000.0,,402000.0,438000.0,0.0,1241000.0,14.3,64.1
73,Sumatera Utara,Perkotaan,Perempuan,45.0,SMA/SMK,Karyawan Swasta,Menikah,4.0,5450000.0,3606000,368000.0,448000.0,269000.0,464000.0,44000.0,525000.0,,193000.0,,303000.0,144000.0,97000.0,751000.0,1844000.0,33.8,61.6
964,Kalimantan Timur,Perdesaan,Perempuan,35.0,Diploma,Wiraswasta,Belum Menikah,0.0,7750000.0,6275000,385000.0,468000.0,277000.0,451000.0,,1121000.0,343000.0,366000.0,0.0,630000.0,257000.0,317000.0,0.0,1475000.0,19.0,54.2
1375,Sulawesi Selatan,Perdesaan,Perempuan,17.0,SMP,Tidak Bekerja,Menikah,2.0,850000.0,641000,128000.0,151000.0,53000.0,74000.0,52000.0,51000.0,10000.0,16000.0,22000.0,34000.0,19000.0,18000.0,5000.0,209000.0,24.6,28.2
1323,DKI Jakarta,Perkotaan,Laki-laki,35.0,Diploma,Buruh/Pekerja Harian,Menikah,4.0,,3874000,,455000.0,285000.0,426000.0,204000.0,595000.0,205000.0,226000.0,299000.0,273000.0,118000.0,177000.0,205000.0,976000.0,20.1,68.1
1028,Banten,Perkotaan,Laki-laki,29.0,Pascasarjana (S2/S3),Karyawan Swasta,Belum Menikah,0.0,8450000.0,6166000,593000.0,831000.0,373000.0,506000.0,266000.0,,227000.0,352000.0,0.0,711000.0,277000.0,301000.0,1167000.0,2284000.0,27.0,64.3
482,Kalimantan Timur,Perkotaan,Laki-laki,21.0,SMA/SMK,Karyawan Swasta,Menikah,3.0,5400000.0,4002000,475000.0,460000.0,268000.0,312000.0,180000.0,557000.0,141000.0,239000.0,121000.0,307000.0,151000.0,110000.0,811000.0,1398000.0,25.9,
1903,Jawa Tengah,Perkotaan,Laki-laki,25.0,SMP,Buruh/Pekerja Harian,Belum Menikah,0.0,2250000.0,2009000,227000.0,341000.0,146000.0,179000.0,,264000.0,74000.0,97000.0,0.0,116000.0,76000.0,74000.0,0.0,241000.0,10.7,43.3
507,Bali,Perdesaan,Perempuan,29.0,Pascasarjana (S2/S3),,Cerai/Janda/Duda,1.0,5550000.0,4640000,486000.0,565000.0,184000.0,289000.0,111000.0,890000.0,262000.0,189000.0,439000.0,493000.0,278000.0,204000.0,0.0,910000.0,16.4,65.4
1101,Banten,Perkotaan,Perempuan,,Tidak Sekolah,Wiraswasta,Menikah,4.0,2450000.0,1856000,224000.0,337000.0,100000.0,197000.0,,,,56000.0,115000.0,104000.0,54000.0,38000.0,0.0,594000.0,24.2,46.1
987,DI Yogyakarta,Perkotaan,Perempuan,30.0,SMP,PNS/ASN,Cerai/Janda/Duda,1.0,4750000.0,3926000,379000.0,541000.0,269000.0,356000.0,121000.0,492000.0,200000.0,235000.0,203000.0,287000.0,226000.0,141000.0,32000.0,824000.0,17.4,59.7
1567,DKI Jakarta,Perkotaan,Perempuan,53.0,SMP,Tidak Bekerja,Menikah,,2100000.0,1920000,293000.0,379000.0,158000.0,216000.0,,233000.0,66000.0,66000.0,113000.0,117000.0,52000.0,25000.0,346000.0,180000.0,8.6,
1790,Jawa Tengah,Perdesaan,Laki-laki,28.0,Sarjana (S1),Buruh/Pekerja Harian,Belum Menikah,0.0,2350000.0,1529000,149000.0,217000.0,108000.0,117000.0,57000.0,238000.0,,88000.0,0.0,158000.0,80000.0,,0.0,821000.0,,42.0
1037,DKI Jakarta,Perkotaan,Laki-laki,28.0,SMA/SMK,Wiraswasta,Cerai/Janda/Duda,1.0,5150000.0,3644000,413000.0,396000.0,209000.0,320000.0,118000.0,724000.0,209000.0,132000.0,163000.0,389000.0,163000.0,132000.0,620000.0,1506000.0,29.2,58.6
1245,Sulawesi Selatan,Perkotaan,Perempuan,59.0,SMA/SMK,Wiraswasta,Belum Menikah,0.0,6400000.0,4522000,291000.0,440000.0,,219000.0,,833000.0,258000.0,192000.0,0.0,327000.0,235000.0,270000.0,0.0,,29.3,73.6
312,Sulawesi Selatan,Perkotaan,Perempuan,36.0,Sarjana (S1),Karyawan Swasta,Belum Menikah,0.0,5250000.0,4077000,388000.0,378000.0,182000.0,232000.0,75000.0,,,244000.0,0.0,300000.0,246000.0,,0.0,1173000.0,22.4,
1051,Sumatera Utara,Perkotaan,Perempuan,29.0,SMA/SMK,Karyawan Swasta,Menikah,2.0,,960000,138000.0,185000.0,91000.0,102000.0,32000.0,89000.0,27000.0,45000.0,27000.0,54000.0,42000.0,38000.0,216000.0,290000.0,23.2,51.5
406,Jawa Barat,Perdesaan,Perempuan,46.0,SD,Karyawan Swasta,Cerai/Janda/Duda,,4350000.0,2888000,334000.0,365000.0,185000.0,274000.0,72000.0,378000.0,107000.0,102000.0,116000.0,330000.0,96000.0,82000.0,531000.0,1462000.0,33.6,46.8
1527,DKI Jakarta,Perkotaan,Perempuan,33.0,SD,Wiraswasta,Belum Menikah,0.0,9500000.0,8213000,850000.0,893000.0,501000.0,620000.0,14000.0,1383000.0,373000.0,518000.0,0.0,934000.0,339000.0,308000.0,0.0,1287000.0,13.5,58.6
1775,Kalimantan Timur,Perkotaan,Laki-laki,47.0,SMP,Karyawan Swasta,Menikah,,6000000.0,4717000,354000.0,448000.0,289000.0,309000.0,10000.0,941000.0,256000.0,280000.0,305000.0,598000.0,170000.0,200000.0,27000.0,1283000.0,21.4,61.3
1608,Sumatera Selatan,Perkotaan,Perempuan,43.0,SMA/SMK,Karyawan Swasta,Belum Menikah,,2850000.0,2079000,274000.0,304000.0,143000.0,254000.0,53000.0,213000.0,46000.0,63000.0,0.0,158000.0,64000.0,45000.0,0.0,771000.0,27.1,61.4
1544,Jawa Barat,Perkotaan,Perempuan,28.0,SMP,Wiraswasta,Menikah,2.0,6050000.0,3934000,,402000.0,165000.0,278000.0,169000.0,828000.0,151000.0,144000.0,214000.0,395000.0,232000.0,242000.0,725000.0,2116000.0,35.0,28.3
310,Jawa Barat,Perkotaan,Perempuan,46.0,,Pelajar/Mahasiswa,Belum Menikah,0.0,800000.0,710000,,135000.0,46000.0,67000.0,,81000.0,15000.0,15000.0,0.0,,22000.0,,0.0,90000.0,11.2,60.1
227,Bali,Perdesaan,Laki-laki,27.0,SMP,Buruh/Pekerja Harian,Menikah,0.0,1200000.0,1098000,174000.0,193000.0,75000.0,,65000.0,106000.0,,24000.0,0.0,49000.0,35000.0,42000.0,0.0,102000.0,8.5,37.4
744,Jawa Tengah,Perdesaan,Laki-laki,19.0,SMA/SMK,Karyawan Swasta,Belum Menikah,0.0,2600000.0,1823000,195000.0,288000.0,97000.0,245000.0,53000.0,299000.0,54000.0,67000.0,0.0,,62000.0,49000.0,0.0,777000.0,29.9,75.0
1926,Sumatera Utara,Perkotaan,Perempuan,37.0,SMA/SMK,Wiraswasta,Menikah,,15350000.0,13214000,966000.0,1366000.0,448000.0,1058000.0,236000.0,2770000.0,696000.0,540000.0,888000.0,1785000.0,797000.0,464000.0,2391000.0,2136000.0,13.9,60.4
1855,Jawa Barat,Perkotaan,Perempuan,24.0,Diploma,Buruh/Pekerja Harian,Belum Menikah,0.0,3700000.0,3218000,281000.0,403000.0,125000.0,271000.0,26000.0,606000.0,201000.0,159000.0,0.0,221000.0,133000.0,186000.0,172000.0,482000.0,,
1602,DKI Jakarta,Perdesaan,Laki-laki,17.0,Diploma,Wiraswasta,Menikah,0.0,6500000.0,5626000,501000.0,559000.0,351000.0,378000.0,224000.0,816000.0,254000.0,218000.0,0.0,366000.0,230000.0,132000.0,990000.0,874000.0,13.5,63.0
1736,DI Yogyakarta,Perdesaan,Perempuan,36.0,SMA/SMK,Wiraswasta,Menikah,4.0,1450000.0,1333000,226000.0,275000.0,106000.0,152000.0,75000.0,166000.0,,58000.0,76000.0,76000.0,32000.0,,85000.0,117000.0,8.1,51.6
1927,Jawa Tengah,Perdesaan,Laki-laki,32.0,Diploma,Pelajar/Mahasiswa,Belum Menikah,0.0,500000.0,408000,69000.0,85000.0,25000.0,61000.0,0.0,51000.0,9000.0,18000.0,0.0,18000.0,14000.0,8000.0,61000.0,92000.0,18.4,49.8
1579,Jawa Barat,Perkotaan,Perempuan,26.0,Tidak Sekolah,Karyawan Swasta,Menikah,0.0,2900000.0,2580000,266000.0,438000.0,214000.0,349000.0,132000.0,277000.0,75000.0,78000.0,0.0,145000.0,87000.0,115000.0,0.0,320000.0,,54.1
149,DI Yogyakarta,Perkotaan,Laki-laki,,SMP,Pelajar/Mahasiswa,Menikah,4.0,650000.0,593000,85000.0,99000.0,36000.0,55000.0,,65000.0,15000.0,23000.0,18000.0,38000.0,17000.0,21000.0,62000.0,57000.0,8.8,29.2
1336,Jawa Barat,Perkotaan,Laki-laki,17.0,SMA/SMK,Karyawan Swasta,Belum Menikah,0.0,4300000.0,3030000,382000.0,369000.0,,242000.0,40000.0,360000.0,110000.0,188000.0,0.0,288000.0,160000.0,64000.0,0.0,1270000.0,29.5,49.7
1112,Jawa Barat,Perdesaan,Laki-laki,37.0,SD,Karyawan Swasta,Menikah,2.0,2000000.0,1736000,216000.0,294000.0,96000.0,218000.0,75000.0,283000.0,52000.0,78000.0,79000.0,117000.0,47000.0,33000.0,300000.0,264000.0,13.2,56.8
292,Jawa Barat,Perkotaan,Laki-laki,37.0,SMA/SMK,Karyawan Swasta,Belum Menikah,0.0,2800000.0,2241000,274000.0,383000.0,133000.0,280000.0,64000.0,247000.0,82000.0,114000.0,0.0,205000.0,83000.0,,0.0,559000.0,19.9,72.4
693,DI Yogyakarta,Perkotaan,Laki-laki,34.0,SMA/SMK,Karyawan Swasta,Belum Menikah,0.0,3650000.0,3149000,347000.0,430000.0,129000.0,377000.0,52000.0,652000.0,117000.0,155000.0,0.0,253000.0,127000.0,166000.0,724000.0,501000.0,13.7,48.8
705,Sumatera Utara,Perkotaan,Laki-laki,36.0,SMA/SMK,Buruh/Pekerja Harian,Menikah,3.0,850000.0,758000,104000.0,124000.0,70000.0,87000.0,3000.0,81000.0,27000.0,23000.0,,52000.0,27000.0,29000.0,0.0,92000.0,10.8,51.7
1042,Sumatera Utara,Perkotaan,Laki-laki,18.0,SMA/SMK,Buruh/Pekerja Harian,Menikah,1.0,2100000.0,1638000,173000.0,220000.0,115000.0,137000.0,32000.0,281000.0,73000.0,64000.0,103000.0,156000.0,70000.0,41000.0,0.0,462000.0,22.0,64.4
1056,Sumatera Utara,Perkotaan,Laki-laki,50.0,SMA/SMK,PNS/ASN,Belum Menikah,0.0,5100000.0,4159000,427000.0,382000.0,215000.0,379000.0,12000.0,549000.0,,284000.0,0.0,313000.0,248000.0,205000.0,0.0,941000.0,18.5,80.3
576,DI Yogyakarta,Perkotaan,Perempuan,17.0,SMP,Karyawan Swasta,Menikah,3.0,3350000.0,2926000,303000.0,394000.0,137000.0,253000.0,68000.0,423000.0,142000.0,145000.0,170000.0,244000.0,91000.0,119000.0,0.0,424000.0,12.6,35.6
558,Jawa Barat,Perdesaan,Perempuan,29.0,Pascasarjana (S2/S3),PNS/ASN,Menikah,1.0,5950000.0,5453000,527000.0,683000.0,345000.0,459000.0,113000.0,631000.0,209000.0,198000.0,245000.0,315000.0,205000.0,284000.0,0.0,497000.0,8.4,61.2
1256,Banten,Perkotaan,Perempuan,17.0,SMA/SMK,Tidak Bekerja,Menikah,2.0,1250000.0,1120000,177000.0,,83000.0,165000.0,37000.0,99000.0,27000.0,48000.0,39000.0,71000.0,41000.0,39000.0,0.0,130000.0,10.4,73.5
702,Sulawesi Selatan,Perkotaan,Laki-laki,24.0,SMA/SMK,Karyawan Swasta,Menikah,3.0,3000000.0,2476000,314000.0,360000.0,189000.0,303000.0,113000.0,292000.0,129000.0,129000.0,123000.0,147000.0,117000.0,74000.0,0.0,524000.0,17.5,65.4
1449,Bali,Perkotaan,Perempuan,51.0,Sarjana (S1),PNS/ASN,Menikah,2.0,11850000.0,10553000,1112000.0,1399000.0,,861000.0,7000.0,1447000.0,520000.0,715000.0,723000.0,1062000.0,352000.0,489000.0,0.0,1297000.0,10.9,53.8
1311,DI Yogyakarta,Perkotaan,Laki-laki,36.0,Sarjana (S1),Wiraswasta,Menikah,1.0,6750000.0,4427000,,291000.0,201000.0,195000.0,91000.0,1132000.0,,335000.0,281000.0,432000.0,,289000.0,0.0,2323000.0,34.4,60.0
1331,Jawa Tengah,Perkotaan,Laki-laki,22.0,Sarjana (S1),Tidak Bekerja,Menikah,3.0,1650000.0,1135000,127000.0,156000.0,72000.0,113000.0,27000.0,180000.0,,30000.0,58000.0,85000.0,31000.0,23000.0,77000.0,515000.0,31.2,69.1
1742,Jawa Timur,Perdesaan,Laki-laki,30.0,SMA/SMK,PNS/ASN,Menikah,2.0,1250000.0,830000,117000.0,196000.0,90000.0,152000.0,41000.0,70000.0,22000.0,15000.0,34000.0,41000.0,26000.0,20000.0,0.0,420000.0,,62.8
586,DI Yogyakarta,Perkotaan,Laki-laki,40.0,Tidak Sekolah,Karyawan Swasta,Belum Menikah,0.0,2050000.0,1381000,195000.0,197000.0,131000.0,216000.0,20000.0,186000.0,33000.0,73000.0,0.0,97000.0,33000.0,34000.0,0.0,719000.0,34.2,41.9
1317,Banten,Perdesaan,Laki-laki,58.0,SD,Karyawan Swasta,Menikah,3.0,2950000.0,2354000,311000.0,373000.0,172000.0,,111000.0,385000.0,105000.0,,67000.0,209000.0,120000.0,104000.0,322000.0,596000.0,20.2,52.6
1923,Jawa Timur,Perkotaan,Laki-laki,46.0,Tidak Sekolah,Wiraswasta,Menikah,1.0,4050000.0,3535000,347000.0,381000.0,218000.0,355000.0,56000.0,596000.0,182000.0,161000.0,246000.0,273000.0,141000.0,113000.0,684000.0,565000.0,13.8,66.6
168,Jawa Tengah,Perdesaan,Perempuan,47.0,SD,Wiraswasta,Cerai/Janda/Duda,1.0,1550000.0,1189000,145000.0,144000.0,98000.0,,39000.0,204000.0,34000.0,,71000.0,115000.0,56000.0,31000.0,39000.0,361000.0,23.3,34.4
731,Banten,Perdesaan,Perempuan,50.0,SMA/SMK,PNS/ASN,Belum Menikah,0.0,3750000.0,3436000,354000.0,401000.0,259000.0,381000.0,181000.0,444000.0,100000.0,158000.0,0.0,203000.0,118000.0,73000.0,0.0,314000.0,8.4,47.5
1503,Jawa Tengah,Perkotaan,Laki-laki,31.0,SD,Buruh/Pekerja Harian,Menikah,,2550000.0,1758000,252000.0,309000.0,141000.0,220000.0,27000.0,186000.0,70000.0,40000.0,101000.0,120000.0,76000.0,79000.0,210000.0,792000.0,,27.4
287,Sumatera Selatan,Perkotaan,Perempuan,17.0,SMA/SMK,Karyawan Swasta,Cerai/Janda/Duda,0.0,4250000.0,3271000,420000.0,391000.0,203000.0,316000.0,120000.0,388000.0,110000.0,120000.0,0.0,321000.0,,130000.0,0.0,979000.0,23.0,31.5
1818,Sumatera Utara,Perdesaan,Perempuan,46.0,Diploma,Pelajar/Mahasiswa,Cerai/Janda/Duda,2.0,550000.0,392000,51000.0,57000.0,26000.0,35000.0,14000.0,38000.0,15000.0,13000.0,20000.0,33000.0,9000.0,,6000.0,158000.0,28.8,57.1
1484,DKI Jakarta,Perkotaan,Laki-laki,39.0,SMA/SMK,Karyawan Swasta,Menikah,2.0,8050000.0,5300000,570000.0,533000.0,334000.0,438000.0,155000.0,,185000.0,321000.0,448000.0,378000.0,306000.0,127000.0,1545000.0,2750000.0,34.2,67.0
629,Jawa Barat,Perkotaan,Laki-laki,37.0,SMA/SMK,Wiraswasta,Menikah,,4200000.0,3270000,448000.0,441000.0,228000.0,236000.0,118000.0,580000.0,172000.0,212000.0,,279000.0,128000.0,,0.0,930000.0,22.1,36.8
599,Sumatera Selatan,Perkotaan,Perempuan,33.0,SMA/SMK,Buruh/Pekerja Harian,Menikah,2.0,3050000.0,2108000,,245000.0,159000.0,170000.0,,291000.0,79000.0,86000.0,150000.0,187000.0,113000.0,62000.0,459000.0,942000.0,30.9,53.9
1114,Jawa Timur,Perkotaan,Laki-laki,40.0,Sarjana (S1),Karyawan Swasta,Menikah,0.0,8000000.0,7329000,541000.0,653000.0,223000.0,635000.0,45000.0,1450000.0,360000.0,408000.0,0.0,849000.0,429000.0,211000.0,0.0,671000.0,8.4,60.8
378,Jawa Barat,Perkotaan,Laki-laki,39.0,Diploma,Karyawan Swasta,Belum Menikah,0.0,8600000.0,7211000,548000.0,611000.0,303000.0,544000.0,261000.0,1034000.0,370000.0,359000.0,0.0,741000.0,252000.0,255000.0,,1389000.0,16.2,71.1
1856,Jawa Barat,Perkotaan,Laki-laki,40.0,Sarjana (S1),Karyawan Swasta,Menikah,3.0,4550000.0,3632000,503000.0,470000.0,309000.0,471000.0,197000.0,441000.0,136000.0,108000.0,,244000.0,186000.0,146000.0,0.0,918000.0,,79.8
213,Jawa Barat,Perkotaan,Perempuan,22.0,SMP,Karyawan Swasta,Belum Menikah,0.0,4100000.0,3444000,308000.0,398000.0,,412000.0,159000.0,658000.0,128000.0,113000.0,0.0,271000.0,130000.0,134000.0,704000.0,656000.0,16.0,39.8
573,Jawa Timur,Perkotaan,Perempuan,48.0,SD,PNS/ASN,Belum Menikah,0.0,1950000.0,1672000,,287000.0,166000.0,276000.0,111000.0,158000.0,42000.0,70000.0,0.0,111000.0,,25000.0,330000.0,228000.0,12.0,54.3
1186,Jawa Timur,Perdesaan,Laki-laki,53.0,Diploma,PNS/ASN,Menikah,1.0,2750000.0,2016000,243000.0,289000.0,113000.0,201000.0,24000.0,226000.0,,81000.0,114000.0,,62000.0,33000.0,0.0,734000.0,26.7,62.7
1392,DKI Jakarta,Perdesaan,Perempuan,26.0,Sarjana (S1),Buruh/Pekerja Harian,Belum Menikah,0.0,2350000.0,1933000,256000.0,231000.0,,,,302000.0,63000.0,60000.0,0.0,160000.0,96000.0,81000.0,125000.0,417000.0,17.8,68.2
1403,Sumatera Selatan,Perdesaan,Laki-laki,18.0,Tidak Sekolah,,Cerai/Janda/Duda,2.0,1900000.0,1309000,152000.0,185000.0,130000.0,143000.0,41000.0,149000.0,50000.0,41000.0,59000.0,115000.0,41000.0,39000.0,,591000.0,31.1,30.6
42,Jawa Tengah,Perdesaan,Laki-laki,37.0,Sarjana (S1),Buruh/Pekerja Harian,Belum Menikah,0.0,2650000.0,2057000,308000.0,314000.0,211000.0,218000.0,133000.0,261000.0,71000.0,75000.0,0.0,108000.0,52000.0,40000.0,0.0,593000.0,22.4,62.1
817,Jawa Tengah,Perdesaan,Laki-laki,37.0,Sarjana (S1),Karyawan Swasta,,0.0,1750000.0,1440000,163000.0,225000.0,72000.0,122000.0,24000.0,224000.0,64000.0,45000.0,0.0,148000.0,51000.0,61000.0,78000.0,310000.0,17.7,68.7
1363,DI Yogyakarta,Perdesaan,Laki-laki,43.0,SMA/SMK,Karyawan Swasta,Cerai/Janda/Duda,2.0,3000000.0,2444000,225000.0,293000.0,129000.0,208000.0,82000.0,441000.0,82000.0,82000.0,122000.0,216000.0,96000.0,114000.0,0.0,556000.0,18.5,64.6
1627,Sumatera Utara,Perdesaan,Perempuan,18.0,Diploma,Tidak Bekerja,Menikah,3.0,650000.0,588000,93000.0,107000.0,56000.0,95000.0,37000.0,81000.0,13000.0,14000.0,32000.0,47000.0,16000.0,7000.0,0.0,,,74.0
818,Jawa Tengah,Perdesaan,Laki-laki,39.0,SMA/SMK,Karyawan Swasta,Menikah,1.0,2050000.0,1755000,187000.0,268000.0,122000.0,,100000.0,304000.0,81000.0,71000.0,115000.0,180000.0,47000.0,62000.0,,295000.0,14.4,36.0
610,Banten,Perkotaan,Perempuan,35.0,SMA/SMK,Karyawan Swasta,Menikah,4.0,4150000.0,3723000,368000.0,527000.0,160000.0,239000.0,145000.0,671000.0,191000.0,246000.0,132000.0,263000.0,203000.0,91000.0,440000.0,427000.0,10.3,68.9
1191,Sulawesi Selatan,Perkotaan,Perempuan,64.0,SMP,Tidak Bekerja,Menikah,3.0,,613000,104000.0,121000.0,,112000.0,7000.0,46000.0,14000.0,26000.0,11000.0,36000.0,17000.0,16000.0,0.0,287000.0,31.8,40.2
1024,Bali,Perkotaan,Laki-laki,19.0,,PNS/ASN,Menikah,2.0,7550000.0,5581000,487000.0,577000.0,204000.0,340000.0,171000.0,818000.0,256000.0,314000.0,265000.0,,275000.0,319000.0,1479000.0,,26.1,44.9
1618,Jawa Tengah,Perkotaan,Perempuan,41.0,SMP,Karyawan Swasta,Menikah,1.0,1900000.0,1682000,235000.0,265000.0,164000.0,140000.0,33000.0,186000.0,52000.0,51000.0,59000.0,97000.0,58000.0,44000.0,195000.0,,11.5,38.4
1601,Jawa Barat,Perkotaan,Laki-laki,31.0,Pascasarjana (S2/S3),PNS/ASN,Menikah,2.0,9950000.0,6888000,548000.0,726000.0,411000.0,377000.0,147000.0,930000.0,326000.0,421000.0,557000.0,510000.0,261000.0,282000.0,709000.0,3062000.0,30.8,
1158,Banten,Perdesaan,Laki-laki,17.0,Diploma,Wiraswasta,Belum Menikah,0.0,6150000.0,4840000,267000.0,367000.0,195000.0,359000.0,,954000.0,338000.0,252000.0,,621000.0,261000.0,329000.0,1109000.0,1310000.0,21.3,58.8
494,DKI Jakarta,Perkotaan,Perempuan,24.0,SMP,Wiraswasta,Menikah,2.0,3950000.0,3376000,359000.0,403000.0,164000.0,254000.0,108000.0,380000.0,122000.0,,145000.0,322000.0,160000.0,86000.0,591000.0,574000.0,14.5,36.2
1606,Jawa Timur,Perdesaan,Perempuan,22.0,SMP,Karyawan Swasta,Menikah,2.0,2500000.0,1664000,183000.0,221000.0,119000.0,189000.0,90000.0,293000.0,,76000.0,105000.0,99000.0,89000.0,59000.0,484000.0,836000.0,33.5,62.8
278,Jawa Timur,Perdesaan,Laki-laki,53.0,SMA/SMK,Wiraswasta,Menikah,0.0,2500000.0,2025000,,256000.0,120000.0,285000.0,1000.0,235000.0,,95000.0,0.0,129000.0,54000.0,33000.0,0.0,475000.0,19.0,57.3
758,Jawa Tengah,Perdesaan,Laki-laki,40.0,SMA/SMK,Karyawan Swasta,Menikah,3.0,1050000.0,850000,159000.0,189000.0,100000.0,90000.0,16000.0,76000.0,24000.0,25000.0,23000.0,35000.0,22000.0,21000.0,61000.0,200000.0,19.1,57.0
384,Sumatera Utara,Perdesaan,Perempuan,43.0,,Wiraswasta,Menikah,2.0,5700000.0,4010000,438000.0,,243000.0,,163000.0,674000.0,,254000.0,149000.0,,126000.0,70000.0,279000.0,1690000.0,29.6,61.2
359,Bali,Perdesaan,Perempuan,44.0,SMA/SMK,Buruh/Pekerja Harian,Menikah,4.0,1600000.0,1409000,170000.0,217000.0,96000.0,150000.0,81000.0,128000.0,34000.0,43000.0,44000.0,77000.0,56000.0,43000.0,,191000.0,11.9,29.7
1361,Jawa Tengah,Perkotaan,Perempuan,20.0,Diploma,Karyawan Swasta,Belum Menikah,0.0,3950000.0,3284000,357000.0,439000.0,152000.0,308000.0,60000.0,655000.0,99000.0,134000.0,,,188000.0,166000.0,0.0,666000.0,16.9,38.1
237,Jawa Tengah,Perkotaan,Perempuan,30.0,SMA/SMK,Buruh/Pekerja Harian,Cerai/Janda/Duda,1.0,2350000.0,1867000,256000.0,359000.0,149000.0,236000.0,63000.0,260000.0,73000.0,62000.0,66000.0,119000.0,,37000.0,229000.0,483000.0,20.5,48.9
552,DKI Jakarta,Perkotaan,Laki-laki,17.0,SMP,Tidak Bekerja,Menikah,2.0,800000.0,584000,107000.0,119000.0,43000.0,91000.0,40000.0,38000.0,10000.0,,22000.0,31000.0,14000.0,11000.0,123000.0,216000.0,27.0,16.9
521,Jawa Timur,Perdesaan,Laki-laki,35.0,SMA/SMK,Wiraswasta,Menikah,4.0,,2740000,247000.0,315000.0,188000.0,254000.0,63000.0,383000.0,125000.0,98000.0,175000.0,183000.0,83000.0,83000.0,0.0,460000.0,,55.0
1552,DKI Jakarta,Perdesaan,Laki-laki,36.0,SMA/SMK,Karyawan Swasta,,0.0,2100000.0,1720000,249000.0,284000.0,96000.0,179000.0,12000.0,230000.0,48000.0,63000.0,0.0,104000.0,44000.0,75000.0,36000.0,380000.0,18.1,67.6
209,DKI Jakarta,Perkotaan,Perempuan,31.0,SMP,PNS/ASN,Menikah,3.0,7350000.0,5348000,542000.0,648000.0,283000.0,375000.0,250000.0,1054000.0,241000.0,296000.0,,496000.0,272000.0,212000.0,899000.0,2002000.0,27.2,60.1
1577,DKI Jakarta,Perdesaan,Laki-laki,37.0,Tidak Sekolah,Karyawan Swasta,Menikah,0.0,1750000.0,1586000,184000.0,247000.0,124000.0,184000.0,63000.0,193000.0,42000.0,42000.0,0.0,129000.0,46000.0,66000.0,17000.0,164000.0,9.4,32.0
721,Jawa Tengah,Perdesaan,Laki-laki,47.0,Diploma,,Menikah,2.0,550000.0,458000,68000.0,81000.0,46000.0,43000.0,29000.0,60000.0,14000.0,15000.0,16000.0,37000.0,10000.0,13000.0,103000.0,92000.0,16.7,65.1
938,Sumatera Utara,Perdesaan,Perempuan,52.0,Sarjana (S1),Wiraswasta,Belum Menikah,0.0,4450000.0,2944000,277000.0,340000.0,191000.0,243000.0,26000.0,474000.0,,120000.0,0.0,259000.0,90000.0,157000.0,0.0,1506000.0,33.9,51.1
1772,Bali,Perkotaan,Laki-laki,26.0,SD,PNS/ASN,Belum Menikah,0.0,7050000.0,6140000,687000.0,664000.0,,,,1029000.0,206000.0,314000.0,0.0,426000.0,264000.0,127000.0,19000.0,910000.0,12.9,19.3
1585,Jawa Timur,Perdesaan,Perempuan,20.0,SMA/SMK,Karyawan Swasta,Cerai/Janda/Duda,0.0,4000000.0,3541000,365000.0,497000.0,248000.0,,75000.0,618000.0,145000.0,179000.0,0.0,324000.0,117000.0,120000.0,0.0,459000.0,11.5,53.2
59,Jawa Tengah,Perkotaan,Perempuan,62.0,Diploma,Buruh/Pekerja Harian,Menikah,4.0,3400000.0,2390000,169000.0,265000.0,145000.0,157000.0,94000.0,324000.0,,115000.0,93000.0,230000.0,97000.0,77000.0,0.0,1010000.0,29.7,64.8
632,Sumatera Utara,Perkotaan,Perempuan,43.0,SMP,Karyawan Swasta,Menikah,2.0,6150000.0,4074000,337000.0,419000.0,155000.0,267000.0,9000.0,920000.0,,148000.0,137000.0,453000.0,189000.0,224000.0,737000.0,2076000.0,33.8,32.5
1396,DKI Jakarta,Perdesaan,Laki-laki,35.0,Diploma,Wiraswasta,Belum Menikah,0.0,7050000.0,4607000,351000.0,544000.0,311000.0,487000.0,53000.0,656000.0,232000.0,308000.0,0.0,389000.0,205000.0,109000.0,0.0,,34.7,57.7
1201,Jawa Barat,Perkotaan,Perempuan,17.0,SMA/SMK,Buruh/Pekerja Harian,Menikah,2.0,5250000.0,4655000,570000.0,515000.0,224000.0,567000.0,204000.0,675000.0,207000.0,,369000.0,,158000.0,212000.0,0.0,595000.0,11.3,70.7
593,Banten,Perdesaan,Laki-laki,33.0,SMA/SMK,Wiraswasta,Menikah,0.0,3000000.0,2390000,283000.0,396000.0,129000.0,204000.0,111000.0,298000.0,112000.0,86000.0,0.0,129000.0,94000.0,54000.0,,610000.0,20.3,
1789,Jawa Timur,Perdesaan,Perempuan,43.0,,Wiraswasta,Menikah,0.0,16500000.0,11904000,901000.0,1427000.0,661000.0,899000.0,220000.0,1755000.0,386000.0,569000.0,0.0,878000.0,543000.0,,0.0,4596000.0,27.9,67.5
364,Bali,Perdesaan,Perempuan,51.0,Sarjana (S1),Pelajar/Mahasiswa,Belum Menikah,0.0,1450000.0,1140000,212000.0,204000.0,93000.0,201000.0,15000.0,93000.0,23000.0,,0.0,63000.0,25000.0,25000.0,0.0,310000.0,21.4,43.8
506,Sumatera Utara,Perdesaan,Laki-laki,17.0,SMA/SMK,Tidak Bekerja,,1.0,700000.0,552000,67000.0,109000.0,41000.0,91000.0,36000.0,47000.0,17000.0,12000.0,33000.0,35000.0,13000.0,9000.0,0.0,148000.0,21.2,43.5
863,Jawa Barat,Perkotaan,Perempuan,31.0,SMA/SMK,Karyawan Swasta,Belum Menikah,0.0,3400000.0,2326000,238000.0,265000.0,88000.0,175000.0,28000.0,426000.0,113000.0,124000.0,,195000.0,85000.0,122000.0,,1074000.0,31.6,67.9
252,DKI Jakarta,Perkotaan,Laki-laki,38.0,SD,Pelajar/Mahasiswa,Menikah,1.0,3150000.0,2842000,338000.0,440000.0,195000.0,313000.0,,328000.0,115000.0,103000.0,78000.0,258000.0,77000.0,107000.0,620000.0,358000.0,11.2,52.5
1817,Jawa Barat,Perkotaan,Laki-laki,33.0,SMP,Buruh/Pekerja Harian,Menikah,0.0,2200000.0,1517000,196000.0,203000.0,122000.0,194000.0,73000.0,183000.0,,100000.0,0.0,96000.0,66000.0,45000.0,0.0,683000.0,31.0,47.2
734,DKI Jakarta,Perkotaan,Perempuan,32.0,SMP,Buruh/Pekerja Harian,Menikah,2.0,3500000.0,2564000,229000.0,278000.0,133000.0,181000.0,74000.0,485000.0,129000.0,95000.0,160000.0,222000.0,122000.0,,,936000.0,26.7,45.2
1377,Sumatera Selatan,Perdesaan,Perempuan,45.0,SMA/SMK,PNS/ASN,Belum Menikah,0.0,2650000.0,1841000,253000.0,246000.0,145000.0,148000.0,43000.0,343000.0,54000.0,91000.0,0.0,191000.0,97000.0,89000.0,346000.0,809000.0,30.5,61.3
988,Jawa Tengah,Perdesaan,Laki-laki,30.0,SMA/SMK,Tidak Bekerja,Menikah,4.0,800000.0,526000,79000.0,,51000.0,62000.0,8000.0,49000.0,13000.0,,20000.0,27000.0,14000.0,11000.0,,274000.0,34.3,34.4
1995,DKI Jakarta,Perkotaan,Laki-laki,26.0,SMA/SMK,Buruh/Pekerja Harian,Belum Menikah,0.0,6750000.0,5903000,654000.0,644000.0,284000.0,559000.0,,765000.0,248000.0,375000.0,0.0,415000.0,304000.0,182000.0,617000.0,847000.0,12.5,53.9
1436,Sumatera Utara,Perkotaan,Perempuan,30.0,SMA/SMK,Wiraswasta,Menikah,2.0,4100000.0,2788000,279000.0,337000.0,167000.0,278000.0,15000.0,413000.0,116000.0,150000.0,216000.0,237000.0,81000.0,53000.0,533000.0,,32.0,39.0
1041,Jawa Timur,Perkotaan,Perempuan,18.0,Diploma,Karyawan Swasta,Menikah,0.0,5650000.0,3793000,372000.0,532000.0,202000.0,374000.0,181000.0,444000.0,194000.0,117000.0,0.0,241000.0,120000.0,213000.0,,1857000.0,32.9,81.1
119,Jawa Barat,Perkotaan,Perempuan,35.0,SD,Pelajar/Mahasiswa,Belum Menikah,0.0,850000.0,722000,119000.0,129000.0,,92000.0,,65000.0,21000.0,19000.0,0.0,36000.0,23000.0,27000.0,13000.0,128000.0,15.1,38.1
1414,Jawa Barat,Perdesaan,Laki-laki,41.0,Diploma,Karyawan Swasta,Menikah,3.0,6700000.0,4679000,253000.0,364000.0,223000.0,350000.0,95000.0,,274000.0,260000.0,,568000.0,205000.0,203000.0,173000.0,2021000.0,30.2,39.0
707,Kalimantan Timur,Perkotaan,Laki-laki,26.0,SD,Karyawan Swasta,Menikah,1.0,2750000.0,2061000,313000.0,319000.0,140000.0,277000.0,79000.0,280000.0,78000.0,86000.0,84000.0,168000.0,72000.0,88000.0,24000.0,689000.0,25.1,53.4
1934,Sumatera Utara,Perkotaan,Perempuan,53.0,SMP,Karyawan Swasta,Belum Menikah,0.0,,3436000,298000.0,397000.0,180000.0,308000.0,13000.0,609000.0,169000.0,147000.0,0.0,308000.0,109000.0,117000.0,680000.0,1714000.0,33.3,53.3
746,Jawa Barat,Perdesaan,Perempuan,50.0,Pascasarjana (S2/S3),Wiraswasta,Belum Menikah,,6550000.0,4559000,305000.0,428000.0,256000.0,236000.0,78000.0,958000.0,298000.0,363000.0,0.0,433000.0,297000.0,99000.0,842000.0,1991000.0,30.4,52.9
523,Kalimantan Timur,Perdesaan,Perempuan,28.0,Diploma,Karyawan Swasta,Menikah,1.0,5950000.0,4335000,,591000.0,361000.0,409000.0,191000.0,752000.0,164000.0,175000.0,286000.0,438000.0,201000.0,105000.0,461000.0,1615000.0,27.1,72.2
1344,Sulawesi Selatan,Perkotaan,Perempuan,17.0,Diploma,,Belum Menikah,0.0,2800000.0,1970000,200000.0,292000.0,145000.0,239000.0,60000.0,354000.0,97000.0,121000.0,0.0,143000.0,97000.0,86000.0,0.0,830000.0,,52.9
1045,Jawa Timur,Perdesaan,Perempuan,36.0,Diploma,Buruh/Pekerja Harian,Belum Menikah,0.0,1500000.0,1095000,133000.0,140000.0,70000.0,94000.0,17000.0,172000.0,52000.0,29000.0,0.0,88000.0,29000.0,20000.0,221000.0,405000.0,27.0,56.3
514,DKI Jakarta,Perkotaan,Laki-laki,17.0,SD,Wiraswasta,Menikah,1.0,5950000.0,4765000,576000.0,706000.0,284000.0,408000.0,45000.0,551000.0,207000.0,244000.0,364000.0,413000.0,263000.0,203000.0,176000.0,1185000.0,,42.3
82,Jawa Timur,Perkotaan,Laki-laki,34.0,SMA/SMK,Buruh/Pekerja Harian,Menikah,3.0,,927000,163000.0,204000.0,,178000.0,40000.0,69000.0,26000.0,32000.0,25000.0,57000.0,29000.0,15000.0,32000.0,223000.0,19.4,60.1
1782,DKI Jakarta,Perkotaan,Laki-laki,21.0,Sarjana (S1),Wiraswasta,Menikah,1.0,6700000.0,4604000,430000.0,577000.0,290000.0,470000.0,,994000.0,263000.0,319000.0,417000.0,564000.0,181000.0,113000.0,755000.0,2096000.0,31.3,57.1
1386,Sumatera Selatan,Perdesaan,Perempuan,34.0,SMA/SMK,Karyawan Swasta,Menikah,2.0,2000000.0,1588000,199000.0,257000.0,110000.0,228000.0,36000.0,,40000.0,57000.0,108000.0,105000.0,49000.0,54000.0,0.0,,20.6,48.3
369,Banten,Perkotaan,Perempuan,26.0,Sarjana (S1),PNS/ASN,Menikah,3.0,14400000.0,12086000,771000.0,941000.0,416000.0,871000.0,93000.0,1746000.0,748000.0,541000.0,527000.0,1079000.0,602000.0,552000.0,,2314000.0,16.1,55.5
381,Sumatera Selatan,Perdesaan,Perempuan,47.0,Tidak Sekolah,Karyawan Swasta,Menikah,,750000.0,627000,103000.0,104000.0,,107000.0,15000.0,56000.0,19000.0,27000.0,19000.0,33000.0,16000.0,26000.0,,,16.4,48.7
1514,Sumatera Utara,Perdesaan,Perempuan,23.0,SD,Pelajar/Mahasiswa,Menikah,1.0,550000.0,400000,49000.0,82000.0,39000.0,40000.0,25000.0,49000.0,11000.0,18000.0,18000.0,30000.0,12000.0,11000.0,0.0,,27.4,31.5
1915,DKI Jakarta,Perkotaan,Perempuan,52.0,Diploma,Wiraswasta,Menikah,4.0,13400000.0,10457000,1006000.0,902000.0,535000.0,586000.0,,2216000.0,522000.0,669000.0,884000.0,1031000.0,662000.0,421000.0,1562000.0,2943000.0,22.0,71.4
85,Banten,Perkotaan,Perempuan,39.0,SMA/SMK,Karyawan Swasta,Menikah,1.0,5200000.0,3478000,332000.0,513000.0,181000.0,421000.0,51000.0,578000.0,165000.0,167000.0,157000.0,236000.0,101000.0,100000.0,976000.0,1722000.0,33.1,61.9
1901,Jawa Timur,Perdesaan,Laki-laki,70.0,SMA/SMK,Karyawan Swasta,Menikah,1.0,2250000.0,1923000,258000.0,272000.0,116000.0,155000.0,51000.0,245000.0,57000.0,96000.0,82000.0,154000.0,76000.0,67000.0,7000.0,327000.0,14.5,54.5
673,Jawa Barat,Perdesaan,Laki-laki,42.0,SMA/SMK,Buruh/Pekerja Harian,Menikah,2.0,,628000,108000.0,141000.0,55000.0,86000.0,0.0,63000.0,11000.0,18000.0,28000.0,33000.0,14000.0,18000.0,0.0,172000.0,21.5,61.0
775,Jawa Tengah,Perkotaan,Laki-laki,39.0,Sarjana (S1),PNS/ASN,Menikah,1.0,7000000.0,5461000,369000.0,453000.0,264000.0,361000.0,109000.0,869000.0,396000.0,412000.0,546000.0,560000.0,298000.0,264000.0,0.0,1539000.0,22.0,77.1
330,Jawa Tengah,Perkotaan,Laki-laki,34.0,Tidak Sekolah,Buruh/Pekerja Harian,Menikah,3.0,1400000.0,996000,118000.0,154000.0,73000.0,98000.0,69000.0,101000.0,23000.0,26000.0,,44000.0,,40000.0,0.0,404000.0,28.8,31.1
7,Sumatera Utara,Perkotaan,Perempuan,42.0,SD,,Menikah,1.0,3950000.0,3198000,304000.0,286000.0,160000.0,209000.0,88000.0,466000.0,174000.0,159000.0,296000.0,235000.0,138000.0,78000.0,,752000.0,19.0,54.4
1171,DKI Jakarta,Perkotaan,Perempuan,29.0,SD,Karyawan Swasta,Belum Menikah,0.0,1900000.0,1277000,176000.0,182000.0,80000.0,144000.0,8000.0,133000.0,40000.0,43000.0,0.0,103000.0,32000.0,53000.0,,623000.0,32.8,55.8
1840,Nusa Tenggara Barat,Perdesaan,Perempuan,33.0,SD,Pelajar/Mahasiswa,Cerai/Janda/Duda,1.0,,389000,79000.0,81000.0,27000.0,59000.0,23000.0,25000.0,9000.0,8000.0,,24000.0,10000.0,10000.0,0.0,111000.0,22.1,
1979,Sulawesi Selatan,Perdesaan,Perempuan,30.0,Diploma,Buruh/Pekerja Harian,Menikah,2.0,1500000.0,1277000,180000.0,210000.0,,,1000.0,179000.0,49000.0,34000.0,57000.0,101000.0,52000.0,57000.0,35000.0,223000.0,14.8,75.4
998,Sumatera Selatan,Perdesaan,Laki-laki,58.0,Tidak Sekolah,Buruh/Pekerja Harian,Cerai/Janda/Duda,1.0,550000.0,406000,58000.0,76000.0,29000.0,38000.0,11000.0,54000.0,12000.0,19000.0,17000.0,21000.0,10000.0,,66000.0,144000.0,26.1,33.9
165,DKI Jakarta,Perdesaan,Perempuan,42.0,Sarjana (S1),Karyawan Swasta,Menikah,,3650000.0,2676000,268000.0,348000.0,169000.0,243000.0,90000.0,421000.0,136000.0,136000.0,114000.0,281000.0,129000.0,91000.0,15000.0,974000.0,26.7,60.2
1474,Jawa Tengah,Perdesaan,Laki-laki,59.0,SMA/SMK,Karyawan Swasta,Menikah,3.0,1850000.0,1597000,,193000.0,125000.0,207000.0,41000.0,280000.0,63000.0,78000.0,72000.0,102000.0,77000.0,26000.0,320000.0,253000.0,13.7,
452,Sumatera Utara,Perdesaan,Perempuan,31.0,SMA/SMK,Karyawan Swasta,Menikah,2.0,3300000.0,2407000,272000.0,312000.0,134000.0,161000.0,24000.0,436000.0,101000.0,158000.0,,264000.0,101000.0,124000.0,,893000.0,27.1,51.9
491,Sumatera Utara,Perdesaan,Laki-laki,25.0,Diploma,,Menikah,3.0,700000.0,528000,83000.0,88000.0,35000.0,87000.0,18000.0,53000.0,15000.0,,18000.0,28000.0,13000.0,16000.0,,172000.0,24.5,68.1
1475,Jawa Barat,Perkotaan,Perempuan,42.0,SMA/SMK,Wiraswasta,Belum Menikah,0.0,6050000.0,4216000,221000.0,321000.0,159000.0,169000.0,12000.0,856000.0,282000.0,,0.0,346000.0,296000.0,295000.0,0.0,1834000.0,30.3,55.8
1685,DKI Jakarta,Perdesaan,Perempuan,23.0,Diploma,Karyawan Swasta,Belum Menikah,0.0,4900000.0,3887000,373000.0,,224000.0,414000.0,,607000.0,192000.0,203000.0,0.0,388000.0,195000.0,196000.0,0.0,,20.7,50.2
288,Jawa Barat,Perkotaan,Laki-laki,38.0,SMA/SMK,Wiraswasta,Cerai/Janda/Duda,1.0,7000000.0,5056000,406000.0,491000.0,259000.0,481000.0,65000.0,702000.0,255000.0,300000.0,,599000.0,338000.0,327000.0,,1944000.0,27.8,81.0
1968,Kalimantan Timur,Perdesaan,Laki-laki,25.0,Tidak Sekolah,PNS/ASN,Menikah,3.0,3950000.0,2955000,301000.0,330000.0,,171000.0,31000.0,544000.0,182000.0,109000.0,126000.0,318000.0,124000.0,80000.0,0.0,995000.0,25.2,53.1
88,Sumatera Selatan,Perkotaan,Perempuan,32.0,Pascasarjana (S2/S3),Tidak Bekerja,Menikah,0.0,2200000.0,1486000,201000.0,219000.0,115000.0,195000.0,47000.0,221000.0,57000.0,57000.0,0.0,114000.0,71000.0,57000.0,195000.0,714000.0,32.5,83.6
1554,Jawa Barat,Perdesaan,Laki-laki,37.0,SD,Wiraswasta,Menikah,0.0,4500000.0,3011000,278000.0,,212000.0,186000.0,82000.0,392000.0,153000.0,92000.0,0.0,184000.0,161000.0,,,,33.1,23.9
989,Sumatera Selatan,Perdesaan,Laki-laki,24.0,SMA/SMK,Karyawan Swasta,Belum Menikah,0.0,4200000.0,3747000,372000.0,565000.0,274000.0,,87000.0,534000.0,178000.0,220000.0,0.0,222000.0,158000.0,169000.0,124000.0,453000.0,10.8,66.5
1556,Jawa Tengah,Perkotaan,Perempuan,17.0,SD,Pelajar/Mahasiswa,Menikah,2.0,850000.0,610000,102000.0,104000.0,49000.0,99000.0,4000.0,73000.0,20000.0,,,49000.0,18000.0,16000.0,123000.0,240000.0,28.2,30.1
907,Sumatera Selatan,Perkotaan,Laki-laki,36.0,Sarjana (S1),Buruh/Pekerja Harian,Menikah,1.0,2600000.0,1854000,213000.0,283000.0,119000.0,216000.0,48000.0,227000.0,51000.0,105000.0,48000.0,93000.0,85000.0,93000.0,8000.0,,28.7,73.1
1515,Jawa Tengah,Perkotaan,Perempuan,22.0,Tidak Sekolah,Tidak Bekerja,Menikah,1.0,600000.0,543000,100000.0,97000.0,48000.0,96000.0,40000.0,63000.0,14000.0,19000.0,10000.0,23000.0,12000.0,18000.0,0.0,57000.0,9.5,50.0
1929,Sulawesi Selatan,Perkotaan,Perempuan,49.0,SMA/SMK,Wiraswasta,Cerai/Janda/Duda,0.0,7250000.0,5483000,360000.0,393000.0,155000.0,223000.0,134000.0,1098000.0,371000.0,303000.0,0.0,686000.0,300000.0,293000.0,0.0,1767000.0,24.4,51.7
1447,Sulawesi Selatan,Perkotaan,Perempuan,48.0,SMA/SMK,Wiraswasta,Menikah,4.0,6150000.0,4630000,371000.0,562000.0,307000.0,329000.0,188000.0,638000.0,285000.0,298000.0,247000.0,381000.0,240000.0,209000.0,,1520000.0,24.7,67.0
1453,Sumatera Selatan,Perkotaan,Laki-laki,29.0,Tidak Sekolah,Karyawan Swasta,Menikah,,1150000.0,929000,137000.0,207000.0,79000.0,109000.0,40000.0,103000.0,17000.0,23000.0,44000.0,50000.0,23000.0,31000.0,0.0,221000.0,19.2,25.9
1164,Jawa Tengah,Perdesaan,Laki-laki,32.0,Sarjana (S1),Tidak Bekerja,Menikah,0.0,1050000.0,736000,121000.0,168000.0,73000.0,,50000.0,78000.0,13000.0,14000.0,0.0,25000.0,23000.0,15000.0,0.0,,29.9,62.4
1236,Jawa Timur,Perdesaan,Laki-laki,42.0,SMA/SMK,Karyawan Swasta,Menikah,1.0,2800000.0,2293000,323000.0,328000.0,125000.0,215000.0,107000.0,305000.0,104000.0,126000.0,121000.0,215000.0,,80000.0,94000.0,507000.0,,46.1
1270,Sumatera Utara,Perkotaan,Laki-laki,25.0,SMA/SMK,Buruh/Pekerja Harian,Menikah,4.0,1550000.0,1247000,135000.0,163000.0,89000.0,126000.0,52000.0,175000.0,39000.0,,,122000.0,41000.0,39000.0,38000.0,303000.0,19.5,77.0
1871,Sulawesi Selatan,Perkotaan,Perempuan,42.0,SD,Wiraswasta,Belum Menikah,0.0,5200000.0,4063000,399000.0,,234000.0,309000.0,,521000.0,216000.0,167000.0,0.0,348000.0,216000.0,128000.0,0.0,1137000.0,21.9,37.4
328,DKI Jakarta,Perkotaan,Laki-laki,30.0,SMA/SMK,Buruh/Pekerja Harian,Menikah,3.0,3000000.0,2304000,205000.0,277000.0,125000.0,178000.0,17000.0,340000.0,114000.0,116000.0,147000.0,170000.0,121000.0,130000.0,0.0,,23.2,60.9
1703,DI Yogyakarta,Perkotaan,Perempuan,53.0,Sarjana (S1),Karyawan Swasta,Menikah,2.0,4950000.0,3612000,484000.0,507000.0,211000.0,351000.0,69000.0,436000.0,105000.0,142000.0,188000.0,267000.0,100000.0,138000.0,0.0,,27.0,65.5
443,Jawa Barat,Perdesaan,Laki-laki,50.0,SD,Karyawan Swasta,Cerai/Janda/Duda,2.0,2250000.0,1930000,247000.0,331000.0,132000.0,190000.0,89000.0,240000.0,90000.0,68000.0,130000.0,177000.0,,78000.0,0.0,320000.0,,38.5
835,Sulawesi Selatan,Perkotaan,Laki-laki,28.0,Tidak Sekolah,Karyawan Swasta,Menikah,4.0,4650000.0,3659000,358000.0,425000.0,157000.0,295000.0,83000.0,486000.0,115000.0,212000.0,295000.0,410000.0,171000.0,71000.0,102000.0,991000.0,21.3,58.1
1337,Jawa Barat,Perdesaan,Perempuan,23.0,SMA/SMK,PNS/ASN,Menikah,1.0,2200000.0,1802000,218000.0,225000.0,143000.0,169000.0,37000.0,251000.0,63000.0,85000.0,85000.0,120000.0,91000.0,49000.0,153000.0,398000.0,18.1,34.5
1412,Jawa Barat,Perkotaan,Perempuan,28.0,Diploma,Buruh/Pekerja Harian,Cerai/Janda/Duda,0.0,2150000.0,1480000,177000.0,237000.0,125000.0,120000.0,,249000.0,53000.0,44000.0,0.0,153000.0,64000.0,76000.0,0.0,670000.0,31.2,47.0
833,Jawa Tengah,Perkotaan,Perempuan,36.0,Diploma,Karyawan Swasta,Menikah,2.0,2900000.0,2495000,270000.0,318000.0,170000.0,248000.0,130000.0,438000.0,98000.0,99000.0,109000.0,167000.0,102000.0,114000.0,0.0,405000.0,14.0,61.4
1227,Sumatera Selatan,Perdesaan,Laki-laki,,SMA/SMK,Buruh/Pekerja Harian,Menikah,3.0,1400000.0,1275000,240000.0,278000.0,90000.0,156000.0,56000.0,,28000.0,25000.0,35000.0,77000.0,41000.0,41000.0,0.0,125000.0,9.0,37.5
349,Sumatera Utara,Perdesaan,Perempuan,51.0,SMA/SMK,Pelajar/Mahasiswa,Menikah,3.0,1350000.0,956000,136000.0,194000.0,92000.0,179000.0,35000.0,87000.0,23000.0,16000.0,34000.0,56000.0,18000.0,22000.0,44000.0,394000.0,29.2,36.3
1081,Sumatera Utara,Perkotaan,Laki-laki,25.0,,Tidak Bekerja,Menikah,3.0,1750000.0,1464000,,182000.0,108000.0,176000.0,53000.0,211000.0,65000.0,81000.0,114000.0,147000.0,70000.0,61000.0,42000.0,286000.0,16.3,74.3
178,Sumatera Selatan,Perkotaan,Perempuan,17.0,SMA/SMK,Buruh/Pekerja Harian,Cerai/Janda/Duda,0.0,5650000.0,4708000,602000.0,,324000.0,397000.0,217000.0,551000.0,163000.0,299000.0,0.0,333000.0,162000.0,105000.0,565000.0,942000.0,16.7,39.9
1777,Bali,Perkotaan,Perempuan,35.0,SMP,PNS/ASN,Menikah,3.0,7300000.0,6184000,526000.0,516000.0,202000.0,448000.0,79000.0,1222000.0,357000.0,343000.0,622000.0,611000.0,285000.0,401000.0,0.0,1116000.0,15.3,39.1
945,Jawa Tengah,Perkotaan,Laki-laki,50.0,SD,Karyawan Swasta,Menikah,2.0,1500000.0,1037000,126000.0,173000.0,90000.0,134000.0,4000.0,154000.0,32000.0,37000.0,36000.0,91000.0,42000.0,37000.0,71000.0,463000.0,30.9,69.4
906,DKI Jakarta,Perkotaan,Perempuan,38.0,SMA/SMK,Buruh/Pekerja Harian,Menikah,1.0,2500000.0,2090000,209000.0,264000.0,162000.0,244000.0,74000.0,292000.0,78000.0,109000.0,138000.0,168000.0,109000.0,108000.0,0.0,410000.0,16.4,78.8
87,Bali,Perdesaan,Laki-laki,28.0,Sarjana (S1),Karyawan Swasta,Menikah,2.0,6050000.0,4328000,230000.0,340000.0,142000.0,274000.0,41000.0,780000.0,,170000.0,447000.0,590000.0,265000.0,228000.0,224000.0,1722000.0,28.5,63.4
1603,DKI Jakarta,Perkotaan,Perempuan,48.0,SMA/SMK,Buruh/Pekerja Harian,Menikah,2.0,3700000.0,2778000,216000.0,,144000.0,279000.0,26000.0,457000.0,102000.0,160000.0,232000.0,304000.0,167000.0,169000.0,212000.0,922000.0,24.9,54.4
917,DKI Jakarta,Perkotaan,Laki-laki,17.0,SMP,Tidak Bekerja,Belum Menikah,0.0,1700000.0,1542000,208000.0,255000.0,107000.0,121000.0,62000.0,221000.0,42000.0,62000.0,0.0,143000.0,45000.0,47000.0,0.0,158000.0,9.3,50.3
1981,Sumatera Utara,Perkotaan,Perempuan,56.0,SD,Wiraswasta,Menikah,1.0,6350000.0,4375000,505000.0,551000.0,266000.0,489000.0,173000.0,665000.0,225000.0,141000.0,254000.0,511000.0,168000.0,88000.0,451000.0,1975000.0,31.1,59.7
458,Jawa Tengah,Perdesaan,Perempuan,17.0,SMA/SMK,Buruh/Pekerja Harian,Belum Menikah,0.0,900000.0,824000,138000.0,131000.0,49000.0,77000.0,14000.0,72000.0,,37000.0,0.0,58000.0,20000.0,19000.0,146000.0,76000.0,8.4,
778,Sulawesi Selatan,Perdesaan,Perempuan,19.0,SMA/SMK,Karyawan Swasta,Menikah,1.0,3650000.0,2752000,248000.0,291000.0,136000.0,192000.0,109000.0,347000.0,138000.0,123000.0,92000.0,290000.0,126000.0,74000.0,,898000.0,24.6,
1324,DKI Jakarta,Perkotaan,Perempuan,52.0,SMA/SMK,Buruh/Pekerja Harian,Belum Menikah,0.0,1800000.0,1615000,188000.0,250000.0,97000.0,194000.0,56000.0,,53000.0,68000.0,0.0,142000.0,50000.0,58000.0,119000.0,185000.0,10.3,57.6
643,DKI Jakarta,Perkotaan,Perempuan,36.0,SMA/SMK,Wiraswasta,Menikah,,17950000.0,16326000,1196000.0,1361000.0,,757000.0,214000.0,3585000.0,979000.0,920000.0,1334000.0,2173000.0,615000.0,737000.0,1961000.0,1624000.0,9.0,60.5
1183,Jawa Barat,Perdesaan,Perempuan,48.0,Diploma,Buruh/Pekerja Harian,Menikah,1.0,2350000.0,1918000,251000.0,274000.0,158000.0,240000.0,75000.0,215000.0,57000.0,,72000.0,106000.0,98000.0,95000.0,0.0,432000.0,18.4,67.7
55,Sumatera Utara,Perdesaan,Laki-laki,39.0,SMA/SMK,Tidak Bekerja,Belum Menikah,0.0,650000.0,470000,55000.0,81000.0,47000.0,42000.0,4000.0,55000.0,20000.0,15000.0,0.0,31000.0,11000.0,8000.0,125000.0,180000.0,27.7,63.7
1707,Jawa Tengah,Perkotaan,Perempuan,42.0,Diploma,Buruh/Pekerja Harian,Belum Menikah,0.0,1350000.0,1216000,180000.0,259000.0,106000.0,240000.0,71000.0,85000.0,19000.0,26000.0,0.0,38000.0,21000.0,27000.0,126000.0,134000.0,9.9,49.4
1659,DKI Jakarta,Perkotaan,Laki-laki,33.0,Sarjana (S1),Karyawan Swasta,Cerai/Janda/Duda,0.0,9600000.0,7321000,564000.0,728000.0,407000.0,530000.0,192000.0,1080000.0,339000.0,402000.0,0.0,661000.0,280000.0,292000.0,1853000.0,,23.7,63.5
644,Nusa Tenggara Barat,Perkotaan,Laki-laki,61.0,SD,Karyawan Swasta,Menikah,1.0,3900000.0,3394000,374000.0,356000.0,229000.0,373000.0,87000.0,661000.0,188000.0,171000.0,218000.0,,128000.0,104000.0,0.0,506000.0,13.0,
1006,Jawa Barat,Perkotaan,Laki-laki,47.0,Pascasarjana (S2/S3),Karyawan Swasta,Menikah,,14350000.0,9892000,588000.0,720000.0,425000.0,384000.0,195000.0,1617000.0,671000.0,769000.0,736000.0,893000.0,602000.0,301000.0,0.0,4458000.0,31.1,66.1
678,DKI Jakarta,Perkotaan,Laki-laki,36.0,SMA/SMK,PNS/ASN,Cerai/Janda/Duda,1.0,11750000.0,8366000,480000.0,601000.0,321000.0,451000.0,116000.0,2116000.0,352000.0,535000.0,365000.0,803000.0,465000.0,586000.0,0.0,3384000.0,28.8,61.4
222,Jawa Barat,Perdesaan,Laki-laki,18.0,SMA/SMK,Karyawan Swasta,Menikah,1.0,2650000.0,1874000,229000.0,347000.0,149000.0,306000.0,19000.0,240000.0,50000.0,49000.0,96000.0,129000.0,71000.0,42000.0,0.0,776000.0,29.3,33.5
114,DKI Jakarta,Perdesaan,Perempuan,26.0,SMP,Buruh/Pekerja Harian,Menikah,3.0,950000.0,800000,135000.0,129000.0,62000.0,137000.0,46000.0,112000.0,28000.0,25000.0,35000.0,53000.0,17000.0,22000.0,32000.0,150000.0,15.8,31.5
1780,Jawa Tengah,Perkotaan,Laki-laki,47.0,SMA/SMK,Karyawan Swasta,Menikah,1.0,2250000.0,2002000,314000.0,331000.0,118000.0,228000.0,56000.0,308000.0,,85000.0,115000.0,140000.0,71000.0,42000.0,,248000.0,11.0,73.4
1390,Kalimantan Timur,Perkotaan,Laki-laki,35.0,SMP,Karyawan Swasta,Menikah,2.0,,5705000,477000.0,552000.0,246000.0,356000.0,84000.0,1056000.0,269000.0,394000.0,249000.0,784000.0,355000.0,203000.0,0.0,1395000.0,19.7,50.0
1674,DKI Jakarta,Perdesaan,Laki-laki,34.0,SMA/SMK,Pelajar/Mahasiswa,Menikah,1.0,1650000.0,1080000,150000.0,186000.0,84000.0,158000.0,19000.0,118000.0,44000.0,33000.0,30000.0,57000.0,46000.0,17000.0,0.0,570000.0,34.6,32.7
175,DKI Jakarta,Perkotaan,Perempuan,51.0,SMA/SMK,PNS/ASN,Menikah,2.0,,3953000,415000.0,513000.0,245000.0,305000.0,150000.0,463000.0,154000.0,238000.0,242000.0,287000.0,193000.0,159000.0,838000.0,1747000.0,30.6,54.5
1711,Jawa Barat,Perkotaan,Laki-laki,17.0,SMA/SMK,PNS/ASN,Cerai/Janda/Duda,1.0,2050000.0,1359000,178000.0,213000.0,101000.0,194000.0,63000.0,,36000.0,,55000.0,111000.0,49000.0,57000.0,0.0,691000.0,33.7,49.0
590,Jawa Barat,Perdesaan,Laki-laki,35.0,SMP,PNS/ASN,Menikah,2.0,1250000.0,828000,104000.0,147000.0,,83000.0,6000.0,110000.0,23000.0,41000.0,43000.0,47000.0,23000.0,24000.0,0.0,422000.0,33.7,38.9
974,Jawa Barat,Perdesaan,Laki-laki,64.0,Sarjana (S1),Karyawan Swasta,Menikah,1.0,3850000.0,2783000,318000.0,345000.0,163000.0,355000.0,,427000.0,95000.0,98000.0,224000.0,185000.0,139000.0,86000.0,283000.0,1067000.0,27.7,55.8
1771,DKI Jakarta,Perkotaan,Laki-laki,31.0,SMP,PNS/ASN,Belum Menikah,0.0,7150000.0,6244000,,532000.0,275000.0,283000.0,39000.0,1356000.0,301000.0,381000.0,0.0,840000.0,260000.0,336000.0,82000.0,906000.0,12.7,45.7
19,Sulawesi Selatan,Perkotaan,Perempuan,36.0,Sarjana (S1),Wiraswasta,Menikah,2.0,6700000.0,5490000,451000.0,594000.0,181000.0,336000.0,199000.0,1249000.0,272000.0,350000.0,291000.0,445000.0,274000.0,205000.0,104000.0,1210000.0,18.1,73.8
424,Jawa Tengah,Perdesaan,Perempuan,26.0,SMP,Wiraswasta,Menikah,1.0,2850000.0,2114000,256000.0,364000.0,130000.0,358000.0,6000.0,282000.0,69000.0,,51000.0,146000.0,71000.0,45000.0,173000.0,736000.0,25.8,
1524,Jawa Tengah,Perkotaan,Laki-laki,17.0,SMA/SMK,Karyawan Swasta,Menikah,,6200000.0,4474000,295000.0,420000.0,149000.0,299000.0,31000.0,777000.0,198000.0,304000.0,328000.0,551000.0,195000.0,98000.0,142000.0,1726000.0,27.8,41.8
286,Jawa Timur,Perkotaan,Laki-laki,41.0,Sarjana (S1),Buruh/Pekerja Harian,Menikah,0.0,3500000.0,3199000,256000.0,355000.0,153000.0,,18000.0,532000.0,128000.0,226000.0,0.0,209000.0,193000.0,178000.0,0.0,301000.0,8.6,58.0
1796,Jawa Barat,Perdesaan,Laki-laki,57.0,Sarjana (S1),Karyawan Swasta,Menikah,2.0,7000000.0,5128000,522000.0,606000.0,368000.0,554000.0,97000.0,,192000.0,317000.0,415000.0,606000.0,242000.0,237000.0,0.0,,26.7,68.6
429,Jawa Timur,Perkotaan,Perempuan,46.0,SMA/SMK,Karyawan Swasta,Belum Menikah,0.0,4450000.0,2944000,300000.0,332000.0,160000.0,253000.0,,517000.0,178000.0,143000.0,0.0,366000.0,161000.0,91000.0,,1506000.0,33.8,60.8
1715,Bali,Perdesaan,Perempuan,56.0,SMA/SMK,Pelajar/Mahasiswa,Belum Menikah,0.0,2200000.0,1982000,204000.0,299000.0,107000.0,270000.0,87000.0,359000.0,104000.0,59000.0,,152000.0,88000.0,92000.0,0.0,218000.0,9.9,52.4
1811,Bali,Perdesaan,Perempuan,46.0,SMA/SMK,Karyawan Swasta,Menikah,4.0,3400000.0,2441000,,224000.0,102000.0,179000.0,97000.0,520000.0,154000.0,92000.0,83000.0,,151000.0,65000.0,155000.0,959000.0,28.2,42.2
670,Jawa Timur,Perkotaan,Perempuan,38.0,SMA/SMK,,Menikah,3.0,1500000.0,1289000,191000.0,167000.0,93000.0,128000.0,18000.0,177000.0,52000.0,33000.0,82000.0,117000.0,63000.0,27000.0,128000.0,211000.0,14.0,65.5
32,Sumatera Selatan,Perkotaan,Laki-laki,29.0,SMA/SMK,Wiraswasta,Cerai/Janda/Duda,1.0,9600000.0,6822000,532000.0,573000.0,247000.0,487000.0,109000.0,1569000.0,317000.0,422000.0,527000.0,471000.0,387000.0,,285000.0,2778000.0,,47.9
1118,Sulawesi Selatan,Perdesaan,Laki-laki,42.0,SD,Karyawan Swasta,Menikah,2.0,1400000.0,1007000,,178000.0,67000.0,160000.0,,137000.0,40000.0,41000.0,44000.0,60000.0,27000.0,,166000.0,393000.0,28.1,33.5
723,Sumatera Utara,Perdesaan,Perempuan,30.0,SMP,PNS/ASN,Menikah,3.0,1950000.0,1298000,149000.0,237000.0,91000.0,148000.0,49000.0,120000.0,46000.0,41000.0,63000.0,102000.0,33000.0,,360000.0,652000.0,,45.3
1572,DI Yogyakarta,Perkotaan,Perempuan,28.0,SMA/SMK,Karyawan Swasta,Menikah,3.0,9800000.0,8599000,,970000.0,490000.0,521000.0,368000.0,1419000.0,367000.0,,331000.0,557000.0,451000.0,305000.0,134000.0,1201000.0,12.3,50.4
1294,Jawa Timur,Perdesaan,Laki-laki,37.0,Pascasarjana (S2/S3),Karyawan Swasta,Menikah,2.0,3750000.0,2533000,256000.0,346000.0,143000.0,229000.0,5000.0,341000.0,117000.0,,212000.0,207000.0,119000.0,106000.0,,1217000.0,32.4,50.0
215,Jawa Timur,Perkotaan,Perempuan,37.0,SMA/SMK,Wiraswasta,Belum Menikah,0.0,8900000.0,6967000,459000.0,532000.0,279000.0,394000.0,61000.0,1343000.0,282000.0,573000.0,0.0,931000.0,425000.0,187000.0,1438000.0,1933000.0,21.7,52.8
1079,DKI Jakarta,Perkotaan,Perempuan,66.0,Sarjana (S1),Karyawan Swasta,Belum Menikah,0.0,10550000.0,9201000,927000.0,1022000.0,,830000.0,34000.0,1869000.0,351000.0,396000.0,0.0,830000.0,391000.0,312000.0,0.0,1349000.0,12.8,88.4
1757,Sulawesi Selatan,Perkotaan,Laki-laki,44.0,SMP,Karyawan Swasta,Menikah,0.0,5800000.0,4057000,421000.0,603000.0,303000.0,499000.0,86000.0,708000.0,165000.0,173000.0,0.0,387000.0,133000.0,193000.0,1044000.0,1743000.0,30.1,56.2
1892,Bali,Perdesaan,Laki-laki,43.0,SMA/SMK,Tidak Bekerja,Menikah,2.0,650000.0,559000,,93000.0,55000.0,,22000.0,66000.0,13000.0,22000.0,25000.0,38000.0,18000.0,10000.0,87000.0,91000.0,14.0,
327,Sumatera Selatan,Perkotaan,Perempuan,17.0,Diploma,Buruh/Pekerja Harian,Menikah,1.0,1750000.0,1595000,224000.0,270000.0,84000.0,,,253000.0,41000.0,86000.0,82000.0,93000.0,51000.0,39000.0,18000.0,155000.0,8.9,67.2
561,Jawa Timur,Perdesaan,Perempuan,41.0,SMA/SMK,Buruh/Pekerja Harian,Menikah,4.0,,680000,100000.0,125000.0,43000.0,82000.0,36000.0,88000.0,,25000.0,17000.0,57000.0,27000.0,9000.0,,70000.0,9.3,68.6
1265,Nusa Tenggara Barat,Perdesaan,Perempuan,23.0,SD,Pelajar/Mahasiswa,Belum Menikah,0.0,500000.0,429000,69000.0,73000.0,29000.0,53000.0,17000.0,37000.0,,14000.0,0.0,19000.0,8000.0,12000.0,0.0,71000.0,14.3,51.3
701,Sumatera Utara,Perkotaan,Perempuan,22.0,Sarjana (S1),Pelajar/Mahasiswa,Menikah,3.0,2850000.0,2362000,328000.0,436000.0,175000.0,205000.0,131000.0,,99000.0,,57000.0,208000.0,62000.0,93000.0,404000.0,488000.0,17.1,74.2
1476,Bali,Perkotaan,Perempuan,63.0,SD,Karyawan Swasta,Menikah,3.0,4800000.0,3944000,428000.0,517000.0,231000.0,423000.0,85000.0,489000.0,122000.0,253000.0,116000.0,244000.0,159000.0,107000.0,0.0,856000.0,,49.8
1345,DKI Jakarta,Perdesaan,Laki-laki,35.0,SMA/SMK,Tidak Bekerja,Menikah,2.0,500000.0,418000,61000.0,84000.0,33000.0,55000.0,13000.0,,16000.0,12000.0,16000.0,29000.0,16000.0,11000.0,0.0,82000.0,16.4,62.4
342,Sulawesi Selatan,Perdesaan,Perempuan,57.0,SMA/SMK,Tidak Bekerja,Menikah,1.0,500000.0,442000,73000.0,78000.0,,55000.0,9000.0,39000.0,15000.0,12000.0,17000.0,24000.0,17000.0,10000.0,0.0,58000.0,11.6,61.2
630,DKI Jakarta,Perdesaan,Laki-laki,30.0,Sarjana (S1),Buruh/Pekerja Harian,Menikah,2.0,7350000.0,6031000,431000.0,511000.0,252000.0,287000.0,182000.0,1562000.0,241000.0,517000.0,,756000.0,299000.0,,0.0,1319000.0,17.9,68.6
148,Sulawesi Selatan,Perkotaan,Perempuan,22.0,SMA/SMK,Pelajar/Mahasiswa,Menikah,2.0,1800000.0,1329000,134000.0,222000.0,109000.0,110000.0,46000.0,178000.0,37000.0,79000.0,47000.0,71000.0,53000.0,54000.0,0.0,471000.0,26.2,61.1
1353,Banten,Perdesaan,Perempuan,35.0,Sarjana (S1),Karyawan Swasta,Menikah,2.0,1800000.0,1653000,221000.0,233000.0,134000.0,180000.0,85000.0,203000.0,52000.0,57000.0,,109000.0,49000.0,84000.0,229000.0,147000.0,8.2,67.3
361,DKI Jakarta,Perkotaan,Perempuan,45.0,SMP,Tidak Bekerja,Cerai/Janda/Duda,1.0,3850000.0,2902000,,402000.0,148000.0,391000.0,,481000.0,106000.0,80000.0,93000.0,232000.0,131000.0,83000.0,538000.0,948000.0,24.6,43.8
84,DKI Jakarta,Perdesaan,Laki-laki,38.0,Sarjana (S1),Buruh/Pekerja Harian,Menikah,3.0,3150000.0,2438000,263000.0,333000.0,185000.0,223000.0,,406000.0,121000.0,76000.0,98000.0,151000.0,89000.0,81000.0,410000.0,712000.0,22.6,41.2
1584,Jawa Barat,Perkotaan,Laki-laki,27.0,SD,Karyawan Swasta,Belum Menikah,0.0,3350000.0,2633000,233000.0,275000.0,161000.0,267000.0,115000.0,388000.0,157000.0,146000.0,,264000.0,157000.0,159000.0,233000.0,717000.0,21.4,26.8
49,Jawa Timur,Perkotaan,Perempuan,45.0,SMP,Wiraswasta,Belum Menikah,0.0,3750000.0,2835000,253000.0,316000.0,,259000.0,105000.0,576000.0,94000.0,152000.0,,201000.0,,180000.0,0.0,915000.0,24.4,73.5
469,Bali,Perkotaan,Laki-laki,39.0,SMA/SMK,Karyawan Swasta,Menikah,1.0,9900000.0,7889000,825000.0,873000.0,341000.0,796000.0,192000.0,1160000.0,408000.0,377000.0,675000.0,730000.0,433000.0,,0.0,2011000.0,20.3,51.7
882,Sumatera Utara,Perdesaan,Laki-laki,38.0,Sarjana (S1),PNS/ASN,Cerai/Janda/Duda,0.0,6250000.0,5360000,510000.0,655000.0,277000.0,384000.0,64000.0,751000.0,249000.0,365000.0,0.0,616000.0,,115000.0,0.0,,14.2,75.5
156,Sulawesi Selatan,Perkotaan,Perempuan,46.0,SD,PNS/ASN,Menikah,,2650000.0,2388000,278000.0,392000.0,169000.0,373000.0,13000.0,246000.0,93000.0,57000.0,105000.0,153000.0,71000.0,61000.0,86000.0,262000.0,9.9,36.1
991,Jawa Barat,Perdesaan,Perempuan,23.0,Sarjana (S1),Karyawan Swasta,Menikah,1.0,8450000.0,5602000,415000.0,671000.0,273000.0,408000.0,148000.0,1091000.0,215000.0,225000.0,521000.0,568000.0,249000.0,308000.0,408000.0,2848000.0,33.7,59.2
1177,DI Yogyakarta,Perkotaan,Perempuan,,SMA/SMK,Wiraswasta,,0.0,13050000.0,10793000,832000.0,952000.0,421000.0,633000.0,141000.0,2438000.0,555000.0,493000.0,0.0,1021000.0,408000.0,688000.0,0.0,2257000.0,17.3,
1357,Sumatera Selatan,Perkotaan,Laki-laki,37.0,SMA/SMK,Wiraswasta,Menikah,2.0,4200000.0,3679000,364000.0,427000.0,256000.0,275000.0,91000.0,681000.0,127000.0,168000.0,293000.0,278000.0,168000.0,167000.0,612000.0,521000.0,12.4,54.2
1593,Jawa Barat,Perdesaan,Perempuan,36.0,SMP,Buruh/Pekerja Harian,,4.0,900000.0,699000,85000.0,118000.0,65000.0,111000.0,19000.0,100000.0,20000.0,16000.0,42000.0,35000.0,16000.0,17000.0,,201000.0,22.3,36.4
1360,Jawa Barat,Perkotaan,Laki-laki,23.0,SD,Wiraswasta,Menikah,2.0,6500000.0,4826000,323000.0,421000.0,197000.0,329000.0,167000.0,,273000.0,179000.0,377000.0,370000.0,290000.0,194000.0,1225000.0,1674000.0,25.7,
1846,Banten,Perkotaan,Laki-laki,40.0,SMA/SMK,Karyawan Swasta,Belum Menikah,0.0,3150000.0,2793000,234000.0,297000.0,194000.0,240000.0,11000.0,367000.0,156000.0,140000.0,0.0,193000.0,157000.0,148000.0,0.0,357000.0,11.3,56.9
856,DKI Jakarta,Perkotaan,Perempuan,55.0,Diploma,PNS/ASN,Cerai/Janda/Duda,0.0,8900000.0,7713000,572000.0,647000.0,353000.0,571000.0,238000.0,1803000.0,276000.0,477000.0,0.0,878000.0,519000.0,501000.0,929000.0,1187000.0,13.3,81.2
501,Jawa Barat,Perkotaan,Perempuan,17.0,SD,PNS/ASN,Belum Menikah,0.0,10500000.0,9331000,761000.0,1102000.0,431000.0,773000.0,384000.0,1585000.0,379000.0,367000.0,0.0,1022000.0,461000.0,356000.0,0.0,,11.1,48.1
2000,Jawa Tengah,Perkotaan,Perempuan,33.0,Sarjana (S1),Buruh/Pekerja Harian,Belum Menikah,0.0,,2841000,246000.0,366000.0,128000.0,164000.0,88000.0,447000.0,149000.0,103000.0,0.0,274000.0,124000.0,121000.0,691000.0,709000.0,20.0,68.6
180,Jawa Barat,Perkotaan,Laki-laki,44.0,,,Cerai/Janda/Duda,1.0,,1643000,272000.0,265000.0,117000.0,147000.0,54000.0,156000.0,45000.0,,,136000.0,47000.0,65000.0,359000.0,707000.0,,47.9
1194,Jawa Barat,Perkotaan,Perempuan,33.0,Sarjana (S1),Pelajar/Mahasiswa,Menikah,1.0,2650000.0,2039000,318000.0,273000.0,160000.0,,67000.0,309000.0,61000.0,76000.0,141000.0,172000.0,77000.0,44000.0,0.0,611000.0,23.1,55.1
1990,DKI Jakarta,Perdesaan,Perempuan,34.0,SMP,Buruh/Pekerja Harian,Menikah,3.0,1700000.0,1355000,135000.0,185000.0,111000.0,150000.0,34000.0,168000.0,44000.0,47000.0,93000.0,139000.0,54000.0,,298000.0,345000.0,20.3,50.4
1010,Kalimantan Timur,Perkotaan,Laki-laki,17.0,Sarjana (S1),Buruh/Pekerja Harian,Menikah,3.0,,1722000,175000.0,274000.0,87000.0,138000.0,42000.0,279000.0,49000.0,76000.0,101000.0,105000.0,65000.0,80000.0,,278000.0,13.9,67.8
179,DI Yogyakarta,Perkotaan,Perempuan,25.0,SMA/SMK,Karyawan Swasta,Cerai/Janda/Duda,1.0,6250000.0,4574000,497000.0,583000.0,,526000.0,84000.0,613000.0,233000.0,282000.0,300000.0,337000.0,210000.0,,0.0,1676000.0,26.8,73.2
1764,Banten,Perkotaan,Laki-laki,24.0,SMA/SMK,Wiraswasta,Menikah,0.0,8400000.0,7019000,471000.0,611000.0,259000.0,573000.0,242000.0,1118000.0,,326000.0,0.0,793000.0,293000.0,433000.0,0.0,1381000.0,16.4,66.3
1464,DI Yogyakarta,Perdesaan,Perempuan,49.0,SD,Karyawan Swasta,Menikah,,1300000.0,1038000,190000.0,182000.0,127000.0,168000.0,49000.0,109000.0,31000.0,21000.0,,56000.0,16000.0,15000.0,0.0,262000.0,20.1,43.2
1975,DKI Jakarta,Perdesaan,Laki-laki,29.0,SMA/SMK,Buruh/Pekerja Harian,Menikah,4.0,4700000.0,3740000,494000.0,576000.0,230000.0,412000.0,162000.0,550000.0,190000.0,120000.0,204000.0,308000.0,175000.0,79000.0,0.0,960000.0,20.4,49.1
939,Nusa Tenggara Barat,Perdesaan,Perempuan,35.0,SD,Tidak Bekerja,Menikah,4.0,500000.0,395000,,73000.0,35000.0,,28000.0,41000.0,13000.0,16000.0,14000.0,19000.0,12000.0,9000.0,0.0,105000.0,20.9,40.9
1835,Bali,Perdesaan,Laki-laki,45.0,Sarjana (S1),PNS/ASN,Menikah,2.0,9100000.0,6017000,509000.0,585000.0,250000.0,364000.0,72000.0,1292000.0,359000.0,446000.0,524000.0,730000.0,260000.0,154000.0,179000.0,3083000.0,33.9,39.1
529,Jawa Barat,Perdesaan,Laki-laki,25.0,SMA/SMK,Tidak Bekerja,Menikah,2.0,500000.0,400000,55000.0,62000.0,43000.0,44000.0,6000.0,42000.0,12000.0,8000.0,10000.0,21000.0,13000.0,7000.0,0.0,100000.0,,64.3
347,Sulawesi Selatan,Perkotaan,Laki-laki,32.0,SD,Karyawan Swasta,Belum Menikah,0.0,6200000.0,5071000,427000.0,565000.0,288000.0,413000.0,3000.0,1024000.0,239000.0,302000.0,,555000.0,227000.0,317000.0,,1129000.0,18.2,41.4
1578,Banten,Perdesaan,Laki-laki,23.0,SMP,PNS/ASN,Belum Menikah,0.0,1700000.0,1342000,155000.0,187000.0,80000.0,152000.0,35000.0,157000.0,35000.0,41000.0,0.0,71000.0,49000.0,31000.0,0.0,358000.0,21.0,72.4
367,Banten,Perdesaan,Laki-laki,33.0,SMA/SMK,PNS/ASN,Menikah,1.0,3400000.0,2486000,225000.0,251000.0,125000.0,246000.0,96000.0,387000.0,118000.0,143000.0,234000.0,322000.0,100000.0,130000.0,,914000.0,26.9,
210,Jawa Barat,Perkotaan,Laki-laki,27.0,SMA/SMK,Buruh/Pekerja Harian,,3.0,,964000,,195000.0,78000.0,98000.0,50000.0,88000.0,23000.0,37000.0,34000.0,59000.0,18000.0,22000.0,157000.0,386000.0,28.6,68.4
1741,Jawa Timur,Perkotaan,Laki-laki,52.0,SMA/SMK,PNS/ASN,Menikah,2.0,4000000.0,3261000,263000.0,422000.0,145000.0,313000.0,69000.0,,181000.0,128000.0,234000.0,236000.0,112000.0,189000.0,0.0,739000.0,,52.0
386,Jawa Timur,Perkotaan,Laki-laki,24.0,SMA/SMK,Karyawan Swasta,Belum Menikah,0.0,7150000.0,5464000,467000.0,,318000.0,,,1216000.0,329000.0,229000.0,0.0,472000.0,313000.0,131000.0,1028000.0,1686000.0,23.6,47.8
1065,Kalimantan Timur,Perdesaan,Laki-laki,17.0,,Karyawan Swasta,Belum Menikah,0.0,9300000.0,6320000,410000.0,588000.0,269000.0,310000.0,167000.0,1255000.0,344000.0,343000.0,0.0,849000.0,,167000.0,0.0,2980000.0,32.0,75.9
1838,Jawa Timur,Perkotaan,Perempuan,27.0,Sarjana (S1),Buruh/Pekerja Harian,Menikah,4.0,2550000.0,2117000,267000.0,257000.0,141000.0,292000.0,38000.0,279000.0,,66000.0,163000.0,203000.0,79000.0,,0.0,433000.0,17.0,
602,Kalimantan Timur,Perkotaan,Perempuan,43.0,SMA/SMK,Karyawan Swasta,Menikah,0.0,6450000.0,4511000,462000.0,481000.0,264000.0,458000.0,154000.0,882000.0,254000.0,152000.0,0.0,368000.0,231000.0,178000.0,0.0,1939000.0,30.1,77.8
1799,Jawa Barat,Perkotaan,Laki-laki,64.0,SMP,Buruh/Pekerja Harian,Menikah,2.0,1900000.0,1653000,211000.0,270000.0,91000.0,166000.0,11000.0,197000.0,59000.0,96000.0,90000.0,113000.0,74000.0,27000.0,,247000.0,13.0,62.4
244,Sumatera Utara,Perkotaan,Laki-laki,29.0,SD,Wiraswasta,Belum Menikah,0.0,7250000.0,5797000,487000.0,645000.0,375000.0,553000.0,175000.0,1173000.0,337000.0,407000.0,0.0,389000.0,274000.0,291000.0,880000.0,1453000.0,20.0,22.3
1522,Banten,Perkotaan,Perempuan,44.0,Tidak Sekolah,Wiraswasta,Menikah,2.0,8200000.0,6229000,446000.0,433000.0,164000.0,354000.0,185000.0,975000.0,249000.0,426000.0,349000.0,656000.0,426000.0,204000.0,827000.0,1971000.0,24.0,34.2
803,Jawa Barat,Perkotaan,Perempuan,53.0,SMA/SMK,Karyawan Swasta,Menikah,3.0,8050000.0,6291000,383000.0,454000.0,270000.0,393000.0,44000.0,1131000.0,451000.0,502000.0,633000.0,670000.0,372000.0,259000.0,0.0,1759000.0,,76.5
937,Jawa Timur,Perdesaan,Laki-laki,26.0,SMA/SMK,Pelajar/Mahasiswa,Menikah,1.0,,491000,82000.0,84000.0,48000.0,,1000.0,49000.0,17000.0,13000.0,26000.0,19000.0,15000.0,7000.0,0.0,109000.0,18.1,75.7
1442,Jawa Tengah,Perdesaan,Perempuan,44.0,SMA/SMK,Karyawan Swasta,Menikah,4.0,,1134000,185000.0,166000.0,78000.0,191000.0,18000.0,107000.0,45000.0,28000.0,29000.0,65000.0,40000.0,39000.0,173000.0,466000.0,29.1,63.7
1885,Kalimantan Timur,Perdesaan,Laki-laki,24.0,SMA/SMK,PNS/ASN,Menikah,1.0,1750000.0,1280000,156000.0,244000.0,87000.0,201000.0,26000.0,188000.0,34000.0,30000.0,79000.0,64000.0,54000.0,48000.0,,470000.0,26.9,43.4
313,Sulawesi Selatan,Perdesaan,Perempuan,23.0,SMP,Buruh/Pekerja Harian,Belum Menikah,0.0,1350000.0,1163000,199000.0,211000.0,117000.0,197000.0,56000.0,105000.0,28000.0,32000.0,0.0,50000.0,28000.0,20000.0,0.0,187000.0,13.9,
436,DKI Jakarta,Perkotaan,Laki-laki,17.0,SD,Buruh/Pekerja Harian,Menikah,4.0,3450000.0,2802000,352000.0,372000.0,121000.0,306000.0,128000.0,517000.0,128000.0,157000.0,241000.0,177000.0,135000.0,81000.0,419000.0,648000.0,18.8,46.6
1932,Sumatera Utara,Perkotaan,Perempuan,32.0,Sarjana (S1),Karyawan Swasta,Menikah,2.0,8200000.0,7133000,613000.0,896000.0,361000.0,515000.0,55000.0,1487000.0,315000.0,489000.0,292000.0,781000.0,245000.0,138000.0,121000.0,1067000.0,,60.0
137,Jawa Tengah,Perkotaan,Perempuan,,Sarjana (S1),Tidak Bekerja,Belum Menikah,0.0,1750000.0,1273000,195000.0,243000.0,71000.0,198000.0,52000.0,200000.0,42000.0,63000.0,0.0,,39000.0,20000.0,286000.0,,27.3,67.2
309,Jawa Timur,Perdesaan,Laki-laki,30.0,SD,Wiraswasta,Menikah,3.0,2500000.0,2180000,223000.0,293000.0,127000.0,212000.0,18000.0,322000.0,105000.0,95000.0,116000.0,216000.0,100000.0,,0.0,320000.0,12.8,42.0
969,Jawa Timur,Perkotaan,Laki-laki,17.0,SMA/SMK,Buruh/Pekerja Harian,Belum Menikah,0.0,2700000.0,1951000,275000.0,314000.0,165000.0,171000.0,9000.0,213000.0,57000.0,85000.0,0.0,192000.0,66000.0,95000.0,0.0,749000.0,27.8,56.6
431,Jawa Timur,Perdesaan,Laki-laki,54.0,Diploma,Pelajar/Mahasiswa,Menikah,1.0,700000.0,602000,107000.0,132000.0,72000.0,106000.0,18000.0,57000.0,10000.0,14000.0,17000.0,22000.0,10000.0,7000.0,112000.0,,,65.4
661,Jawa Barat,Perkotaan,Perempuan,26.0,Sarjana (S1),Buruh/Pekerja Harian,Menikah,2.0,5050000.0,4463000,507000.0,599000.0,363000.0,535000.0,232000.0,,192000.0,138000.0,189000.0,469000.0,157000.0,87000.0,741000.0,587000.0,11.6,57.7
1119,Sulawesi Selatan,Perkotaan,Perempuan,51.0,SMA/SMK,,Belum Menikah,,6450000.0,4271000,418000.0,496000.0,218000.0,453000.0,,865000.0,180000.0,231000.0,0.0,488000.0,257000.0,252000.0,185000.0,2179000.0,33.8,63.5
1691,DI Yogyakarta,Perdesaan,Laki-laki,31.0,SMP,Wiraswasta,Menikah,2.0,2200000.0,1522000,208000.0,240000.0,,227000.0,85000.0,181000.0,60000.0,68000.0,43000.0,81000.0,54000.0,64000.0,,678000.0,30.8,45.5
371,Jawa Barat,Perdesaan,Perempuan,28.0,SD,Karyawan Swasta,Menikah,3.0,1650000.0,1350000,154000.0,206000.0,83000.0,157000.0,46000.0,121000.0,39000.0,37000.0,67000.0,86000.0,44000.0,35000.0,71000.0,300000.0,,60.4
567,Sumatera Utara,Perkotaan,Laki-laki,32.0,SD,Pelajar/Mahasiswa,Menikah,3.0,1550000.0,1084000,161000.0,166000.0,92000.0,110000.0,22000.0,187000.0,41000.0,32000.0,39000.0,80000.0,28000.0,34000.0,0.0,466000.0,30.0,37.2
950,Jawa Tengah,Perkotaan,Laki-laki,28.0,SMP,Buruh/Pekerja Harian,Menikah,1.0,2800000.0,2294000,249000.0,261000.0,160000.0,267000.0,79000.0,315000.0,,97000.0,150000.0,198000.0,68000.0,94000.0,208000.0,506000.0,18.1,19.2
1232,Jawa Tengah,Perkotaan,Perempuan,25.0,Tidak Sekolah,Buruh/Pekerja Harian,Belum Menikah,0.0,750000.0,506000,64000.0,84000.0,50000.0,51000.0,27000.0,50000.0,19000.0,16000.0,0.0,24000.0,20000.0,9000.0,85000.0,244000.0,32.5,22.4
1972,Jawa Timur,Perkotaan,Perempuan,41.0,Sarjana (S1),Buruh/Pekerja Harian,Belum Menikah,0.0,5700000.0,3796000,384000.0,504000.0,188000.0,416000.0,126000.0,495000.0,,229000.0,0.0,295000.0,134000.0,170000.0,0.0,1904000.0,33.4,69.4
825,DKI Jakarta,Perkotaan,Perempuan,45.0,SMA/SMK,Karyawan Swasta,Menikah,4.0,9250000.0,8189000,727000.0,,531000.0,795000.0,95000.0,,365000.0,297000.0,307000.0,829000.0,362000.0,,1479000.0,1061000.0,11.5,
983,Jawa Barat,Perdesaan,Perempuan,27.0,Tidak Sekolah,Karyawan Swasta,Menikah,2.0,850000.0,612000,100000.0,96000.0,45000.0,89000.0,24000.0,69000.0,24000.0,17000.0,32000.0,,21000.0,23000.0,0.0,238000.0,28.0,49.4
182,Jawa Barat,Perkotaan,Perempuan,30.0,SMA/SMK,Buruh/Pekerja Harian,Menikah,1.0,3050000.0,2576000,242000.0,300000.0,132000.0,265000.0,96000.0,494000.0,89000.0,175000.0,189000.0,273000.0,110000.0,147000.0,69000.0,474000.0,15.5,72.4
1076,DKI Jakarta,Perkotaan,Perempuan,51.0,SD,Tidak Bekerja,Belum Menikah,,3200000.0,2329000,263000.0,241000.0,115000.0,146000.0,2000.0,352000.0,83000.0,96000.0,,253000.0,81000.0,118000.0,209000.0,871000.0,27.2,51.1
622,Jawa Timur,Perdesaan,Laki-laki,40.0,SD,Buruh/Pekerja Harian,Menikah,,1050000.0,960000,134000.0,187000.0,82000.0,139000.0,27000.0,133000.0,30000.0,44000.0,20000.0,60000.0,33000.0,,1000.0,90000.0,8.5,
1044,Jawa Barat,Perkotaan,Perempuan,63.0,SMA/SMK,Wiraswasta,Belum Menikah,0.0,,4813000,396000.0,502000.0,246000.0,365000.0,128000.0,748000.0,208000.0,330000.0,0.0,563000.0,273000.0,270000.0,730000.0,,14.8,72.0
1348,Jawa Tengah,Perkotaan,Laki-laki,17.0,SMA/SMK,Karyawan Swasta,Menikah,1.0,3350000.0,2209000,188000.0,247000.0,109000.0,237000.0,89000.0,305000.0,75000.0,126000.0,174000.0,262000.0,67000.0,,555000.0,1141000.0,34.0,53.8
1475,Jawa Barat,Perkotaan,Perempuan,42.0,SMA/SMK,Wiraswasta,Belum Menikah,0.0,6050000.0,4216000,221000.0,,159000.0,169000.0,12000.0,856000.0,282000.0,295000.0,,346000.0,296000.0,295000.0,0.0,1834000.0,30.3,55.8
814,Sulawesi Selatan,Perkotaan,Laki-laki,32.0,Tidak Sekolah,Karyawan Swasta,Menikah,2.0,4250000.0,2883000,240000.0,270000.0,108000.0,250000.0,99000.0,584000.0,170000.0,180000.0,231000.0,237000.0,186000.0,80000.0,0.0,1367000.0,32.2,55.0
1617,Jawa Barat,Perkotaan,Perempuan,22.0,SD,Wiraswasta,Menikah,2.0,8250000.0,5426000,347000.0,452000.0,249000.0,425000.0,76000.0,1245000.0,388000.0,390000.0,479000.0,744000.0,261000.0,,809000.0,2824000.0,34.2,51.9
407,Jawa Barat,Perdesaan,Perempuan,25.0,Sarjana (S1),Buruh/Pekerja Harian,Menikah,0.0,1600000.0,1282000,141000.0,191000.0,96000.0,129000.0,61000.0,207000.0,42000.0,69000.0,0.0,70000.0,58000.0,26000.0,0.0,318000.0,19.9,
779,Jawa Barat,Perdesaan,Perempuan,31.0,Sarjana (S1),Karyawan Swasta,Belum Menikah,0.0,3800000.0,3404000,290000.0,464000.0,207000.0,304000.0,127000.0,684000.0,122000.0,119000.0,0.0,380000.0,166000.0,120000.0,567000.0,396000.0,10.4,44.1
1221,Bali,Perkotaan,Laki-laki,27.0,Tidak Sekolah,Wiraswasta,,0.0,4700000.0,3431000,299000.0,349000.0,,286000.0,103000.0,671000.0,155000.0,133000.0,0.0,334000.0,210000.0,140000.0,0.0,1269000.0,27.0,34.4
297,Sumatera Utara,Perkotaan,Perempuan,,SD,Buruh/Pekerja Harian,Belum Menikah,0.0,700000.0,565000,88000.0,111000.0,51000.0,81000.0,15000.0,48000.0,13000.0,21000.0,0.0,40000.0,17000.0,19000.0,10000.0,,19.3,49.9
1494,Bali,Perdesaan,Laki-laki,33.0,SD,Wiraswasta,Menikah,2.0,4750000.0,3732000,471000.0,426000.0,260000.0,312000.0,55000.0,437000.0,122000.0,244000.0,187000.0,394000.0,119000.0,91000.0,332000.0,1018000.0,21.4,49.8
462,DKI Jakarta,Perkotaan,Laki-laki,40.0,SMA/SMK,Tidak Bekerja,Menikah,4.0,1450000.0,1055000,212000.0,248000.0,118000.0,172000.0,11000.0,90000.0,22000.0,34000.0,40000.0,61000.0,16000.0,28000.0,229000.0,395000.0,,69.3
1999,Sulawesi Selatan,Perdesaan,Laki-laki,17.0,SMA/SMK,Wiraswasta,Belum Menikah,0.0,3500000.0,2710000,279000.0,356000.0,,263000.0,86000.0,493000.0,119000.0,140000.0,0.0,180000.0,120000.0,83000.0,91000.0,790000.0,22.6,
1332,DKI Jakarta,Perkotaan,Perempuan,35.0,SMA/SMK,PNS/ASN,Belum Menikah,,,4118000,405000.0,459000.0,287000.0,425000.0,181000.0,557000.0,193000.0,136000.0,0.0,301000.0,193000.0,205000.0,0.0,,19.3,56.8
1014,Jawa Timur,Perkotaan,Perempuan,29.0,SD,Karyawan Swasta,Belum Menikah,0.0,5250000.0,4726000,521000.0,701000.0,229000.0,343000.0,32000.0,685000.0,155000.0,180000.0,,423000.0,174000.0,177000.0,0.0,524000.0,10.0,53.9
1358,Sumatera Utara,Perdesaan,Laki-laki,46.0,Sarjana (S1),Tidak Bekerja,Belum Menikah,0.0,1350000.0,1192000,197000.0,231000.0,86000.0,155000.0,38000.0,142000.0,37000.0,26000.0,0.0,60000.0,34000.0,37000.0,132000.0,,11.7,76.1
1555,Bali,Perdesaan,Laki-laki,57.0,SMA/SMK,Tidak Bekerja,Menikah,3.0,1550000.0,1189000,143000.0,161000.0,62000.0,,13000.0,141000.0,38000.0,42000.0,59000.0,92000.0,40000.0,57000.0,244000.0,361000.0,23.3,31.9
127,Jawa Barat,Perkotaan,Perempuan,47.0,SMA/SMK,PNS/ASN,Menikah,2.0,14000000.0,9749000,866000.0,1009000.0,,848000.0,221000.0,1366000.0,505000.0,366000.0,,718000.0,532000.0,279000.0,0.0,4251000.0,30.4,56.1
888,Jawa Tengah,Perdesaan,Perempuan,17.0,SMP,Karyawan Swasta,Menikah,2.0,1350000.0,917000,139000.0,178000.0,80000.0,150000.0,8000.0,98000.0,30000.0,36000.0,44000.0,64000.0,31000.0,14000.0,196000.0,433000.0,32.1,28.2
1008,Jawa Barat,Perkotaan,Laki-laki,61.0,Pascasarjana (S2/S3),Buruh/Pekerja Harian,Menikah,3.0,6800000.0,5257000,373000.0,419000.0,155000.0,273000.0,52000.0,933000.0,262000.0,336000.0,528000.0,679000.0,358000.0,358000.0,0.0,1543000.0,,72.8
356,Sumatera Utara,Perkotaan,Laki-laki,30.0,SMA/SMK,Pelajar/Mahasiswa,Belum Menikah,0.0,850000.0,664000,101000.0,112000.0,63000.0,72000.0,4000.0,,20000.0,26000.0,,52000.0,19000.0,23000.0,0.0,186000.0,21.8,81.5
1704,Jawa Timur,Perkotaan,Laki-laki,31.0,SMA/SMK,Karyawan Swasta,Menikah,1.0,4650000.0,3687000,455000.0,609000.0,233000.0,412000.0,80000.0,541000.0,104000.0,,285000.0,205000.0,173000.0,90000.0,0.0,963000.0,20.7,62.6
683,Sumatera Utara,Perdesaan,Perempuan,37.0,Diploma,Tidak Bekerja,Cerai/Janda/Duda,1.0,750000.0,580000,92000.0,83000.0,34000.0,53000.0,29000.0,69000.0,17000.0,14000.0,31000.0,33000.0,16000.0,,54000.0,170000.0,,
1743,Jawa Timur,Perkotaan,Perempuan,17.0,Sarjana (S1),Pelajar/Mahasiswa,Cerai/Janda/Duda,0.0,,1856000,260000.0,274000.0,167000.0,285000.0,85000.0,206000.0,50000.0,79000.0,0.0,125000.0,70000.0,32000.0,0.0,194000.0,9.5,53.7
1091,DI Yogyakarta,Perkotaan,Perempuan,40.0,SD,Karyawan Swasta,Menikah,1.0,,3267000,275000.0,329000.0,177000.0,249000.0,20000.0,577000.0,143000.0,209000.0,124000.0,333000.0,148000.0,120000.0,,833000.0,20.3,59.1
985,Bali,Perkotaan,Laki-laki,43.0,SMA/SMK,Pelajar/Mahasiswa,Menikah,3.0,2550000.0,2235000,252000.0,311000.0,172000.0,203000.0,31000.0,275000.0,94000.0,126000.0,131000.0,,86000.0,,0.0,315000.0,12.4,34.6
1638,DI Yogyakarta,Perkotaan,Perempuan,45.0,SD,Buruh/Pekerja Harian,Menikah,0.0,1600000.0,1058000,159000.0,,71000.0,95000.0,64000.0,116000.0,26000.0,46000.0,0.0,57000.0,35000.0,16000.0,143000.0,542000.0,33.9,41.9
141,Jawa Timur,Perkotaan,Laki-laki,20.0,SMA/SMK,PNS/ASN,Menikah,1.0,6600000.0,4620000,353000.0,422000.0,178000.0,425000.0,53000.0,1041000.0,302000.0,276000.0,197000.0,422000.0,276000.0,171000.0,0.0,1980000.0,30.0,71.8
1814,Sumatera Selatan,Perkotaan,Laki-laki,35.0,Sarjana (S1),Buruh/Pekerja Harian,,0.0,3000000.0,2303000,257000.0,281000.0,,199000.0,87000.0,346000.0,114000.0,97000.0,0.0,209000.0,72000.0,127000.0,0.0,697000.0,23.2,69.4
1520,DI Yogyakarta,Perdesaan,Laki-laki,27.0,Diploma,Karyawan Swasta,Menikah,3.0,2000000.0,1726000,225000.0,,121000.0,257000.0,70000.0,259000.0,75000.0,47000.0,90000.0,115000.0,48000.0,37000.0,65000.0,274000.0,13.7,58.6
1269,Jawa Barat,Perkotaan,Perempuan,22.0,SMA/SMK,Wiraswasta,Menikah,2.0,5450000.0,3864000,471000.0,465000.0,257000.0,,46000.0,538000.0,190000.0,125000.0,,402000.0,156000.0,168000.0,222000.0,1586000.0,29.1,66.1
1786,Kalimantan Timur,Perdesaan,Laki-laki,38.0,Diploma,Tidak Bekerja,Menikah,0.0,800000.0,693000,100000.0,107000.0,63000.0,105000.0,41000.0,71000.0,15000.0,24000.0,0.0,31000.0,14000.0,,0.0,107000.0,,48.8
1246,DKI Jakarta,Perkotaan,Perempuan,20.0,Sarjana (S1),Karyawan Swasta,Menikah,2.0,17400000.0,14593000,1383000.0,1692000.0,745000.0,1398000.0,516000.0,2836000.0,622000.0,880000.0,1244000.0,1687000.0,748000.0,655000.0,638000.0,2807000.0,16.1,72.3
1165,Jawa Barat,Perkotaan,Perempuan,45.0,Tidak Sekolah,Tidak Bekerja,Belum Menikah,0.0,1150000.0,767000,103000.0,124000.0,72000.0,121000.0,3000.0,66000.0,25000.0,16000.0,0.0,33000.0,19000.0,24000.0,0.0,383000.0,33.3,33.5
1671,Jawa Timur,Perkotaan,Perempuan,,SD,Karyawan Swasta,Menikah,1.0,3300000.0,2838000,231000.0,315000.0,,254000.0,72000.0,394000.0,104000.0,160000.0,92000.0,329000.0,119000.0,104000.0,,462000.0,14.0,48.6
712,Jawa Tengah,Perdesaan,Laki-laki,33.0,Diploma,Wiraswasta,Belum Menikah,0.0,5350000.0,3786000,456000.0,513000.0,162000.0,466000.0,130000.0,500000.0,138000.0,220000.0,0.0,397000.0,138000.0,107000.0,0.0,1564000.0,29.2,53.3
1074,Jawa Tengah,Perkotaan,Laki-laki,22.0,SMA/SMK,Karyawan Swasta,Belum Menikah,0.0,2850000.0,2488000,364000.0,422000.0,232000.0,213000.0,27000.0,301000.0,79000.0,91000.0,0.0,138000.0,66000.0,75000.0,223000.0,362000.0,12.7,
1905,Sulawesi Selatan,Perdesaan,Laki-laki,21.0,SMP,Tidak Bekerja,Belum Menikah,0.0,500000.0,383000,56000.0,58000.0,28000.0,52000.0,21000.0,43000.0,10000.0,15000.0,0.0,,9000.0,6000.0,53000.0,117000.0,23.3,33.0
11,Jawa Timur,Perdesaan,Perempuan,47.0,SMA/SMK,Karyawan Swasta,Menikah,3.0,3450000.0,3093000,359000.0,430000.0,235000.0,354000.0,121000.0,531000.0,157000.0,122000.0,,182000.0,131000.0,,0.0,357000.0,10.3,31.2
1380,DKI Jakarta,Perkotaan,Laki-laki,42.0,Sarjana (S1),PNS/ASN,Menikah,1.0,8450000.0,7767000,,537000.0,,555000.0,16000.0,1238000.0,313000.0,306000.0,665000.0,911000.0,477000.0,375000.0,924000.0,683000.0,8.1,76.6
1356,Banten,Perdesaan,Perempuan,44.0,SMA/SMK,Karyawan Swasta,Belum Menikah,0.0,1450000.0,1182000,217000.0,203000.0,114000.0,174000.0,69000.0,95000.0,37000.0,36000.0,,61000.0,36000.0,37000.0,0.0,268000.0,18.5,63.4
755,Kalimantan Timur,Perkotaan,Laki-laki,32.0,SMA/SMK,PNS/ASN,Menikah,4.0,7050000.0,5206000,334000.0,404000.0,222000.0,,4000.0,1176000.0,362000.0,330000.0,415000.0,446000.0,234000.0,178000.0,,1844000.0,,58.2
627,Jawa Timur,Perdesaan,Laki-laki,31.0,SMP,Karyawan Swasta,Cerai/Janda/Duda,,1150000.0,1038000,166000.0,198000.0,84000.0,,58000.0,78000.0,23000.0,28000.0,34000.0,62000.0,23000.0,31000.0,0.0,112000.0,9.7,41.6
1081,Sumatera Utara,Perkotaan,Laki-laki,25.0,Sarjana (S1),Tidak Bekerja,Menikah,3.0,1800000.0,1464000,139000.0,182000.0,108000.0,176000.0,53000.0,211000.0,,81000.0,114000.0,147000.0,70000.0,61000.0,42000.0,286000.0,16.3,74.3
130,DI Yogyakarta,Perdesaan,Laki-laki,31.0,SMP,Buruh/Pekerja Harian,Menikah,0.0,1350000.0,902000,158000.0,176000.0,93000.0,150000.0,55000.0,92000.0,19000.0,32000.0,0.0,54000.0,29000.0,14000.0,0.0,448000.0,33.2,47.7
844,Sumatera Utara,Perdesaan,Laki-laki,27.0,SMA/SMK,Tidak Bekerja,Menikah,2.0,500000.0,392000,57000.0,70000.0,33000.0,,5000.0,50000.0,11000.0,14000.0,18000.0,30000.0,14000.0,5000.0,99000.0,108000.0,21.7,60.2
324,Sumatera Selatan,Perkotaan,Laki-laki,,Diploma,Karyawan Swasta,Menikah,0.0,2850000.0,2388000,296000.0,330000.0,133000.0,301000.0,79000.0,350000.0,85000.0,89000.0,0.0,157000.0,58000.0,60000.0,,462000.0,,79.8
1750,Jawa Barat,Perkotaan,Laki-laki,33.0,SMA/SMK,Wiraswasta,Belum Menikah,0.0,6000000.0,4995000,312000.0,,253000.0,390000.0,,994000.0,254000.0,427000.0,0.0,702000.0,201000.0,335000.0,0.0,1005000.0,16.7,62.0
15,Jawa Timur,Perdesaan,Laki-laki,38.0,SD,Karyawan Swasta,Menikah,,1250000.0,908000,129000.0,195000.0,92000.0,,54000.0,95000.0,19000.0,19000.0,0.0,52000.0,27000.0,,0.0,342000.0,27.4,55.0
1518,Jawa Timur,Perdesaan,Perempuan,44.0,SMA/SMK,Tidak Bekerja,Menikah,2.0,550000.0,435000,,65000.0,45000.0,74000.0,,38000.0,14000.0,10000.0,17000.0,19000.0,14000.0,9000.0,88000.0,115000.0,21.0,59.1
216,Banten,Perdesaan,Perempuan,38.0,SMA/SMK,Wiraswasta,Menikah,0.0,,2442000,253000.0,261000.0,154000.0,267000.0,19000.0,,83000.0,161000.0,0.0,221000.0,106000.0,54000.0,582000.0,908000.0,27.1,55.4
1188,DKI Jakarta,Perdesaan,Laki-laki,32.0,Pascasarjana (S2/S3),Wiraswasta,Menikah,0.0,24250000.0,16797000,1493000.0,1802000.0,668000.0,1336000.0,598000.0,2604000.0,761000.0,1246000.0,0.0,1096000.0,,872000.0,3472000.0,7453000.0,30.7,64.4
1430,DI Yogyakarta,Perdesaan,Perempuan,24.0,Sarjana (S1),Karyawan Swasta,Menikah,1.0,8900000.0,5969000,359000.0,478000.0,280000.0,376000.0,147000.0,980000.0,240000.0,289000.0,,671000.0,407000.0,259000.0,8000.0,2931000.0,32.9,67.4
1946,Jawa Barat,Perdesaan,Perempuan,21.0,Sarjana (S1),Buruh/Pekerja Harian,Menikah,1.0,1900000.0,1290000,179000.0,195000.0,86000.0,202000.0,35000.0,184000.0,50000.0,35000.0,,81000.0,55000.0,44000.0,0.0,610000.0,32.1,83.6
865,Banten,Perdesaan,Perempuan,36.0,SMA/SMK,Karyawan Swasta,Belum Menikah,0.0,2400000.0,1809000,210000.0,326000.0,168000.0,238000.0,19000.0,164000.0,69000.0,72000.0,0.0,134000.0,,49000.0,,591000.0,,53.5
517,DI Yogyakarta,Perdesaan,Perempuan,32.0,SMP,Karyawan Swasta,Menikah,,1950000.0,1552000,205000.0,223000.0,128000.0,203000.0,6000.0,231000.0,49000.0,,115000.0,148000.0,55000.0,40000.0,,398000.0,20.4,27.6
598,DKI Jakarta,Perkotaan,Laki-laki,48.0,SMA/SMK,Buruh/Pekerja Harian,Menikah,0.0,,5463000,430000.0,663000.0,246000.0,297000.0,198000.0,1197000.0,290000.0,232000.0,,,257000.0,326000.0,0.0,787000.0,12.6,63.0
196,Jawa Barat,Perkotaan,Laki-laki,40.0,Diploma,,Menikah,1.0,11250000.0,9338000,861000.0,,557000.0,1024000.0,224000.0,1386000.0,305000.0,585000.0,360000.0,756000.0,445000.0,403000.0,374000.0,1912000.0,17.0,40.2
289,Kalimantan Timur,Perdesaan,Laki-laki,49.0,SMA/SMK,PNS/ASN,Menikah,,4150000.0,3707000,371000.0,435000.0,150000.0,334000.0,20000.0,491000.0,177000.0,181000.0,252000.0,253000.0,166000.0,98000.0,466000.0,443000.0,10.7,39.3
951,Kalimantan Timur,Perdesaan,Laki-laki,33.0,Diploma,Buruh/Pekerja Harian,Menikah,2.0,3150000.0,2244000,238000.0,301000.0,178000.0,306000.0,28000.0,393000.0,75000.0,141000.0,131000.0,120000.0,62000.0,48000.0,0.0,906000.0,28.8,48.9
1341,Jawa Barat,Perdesaan,Perempuan,27.0,SMP,Wiraswasta,Menikah,2.0,4950000.0,4501000,532000.0,613000.0,347000.0,,32000.0,794000.0,210000.0,192000.0,337000.0,328000.0,198000.0,181000.0,0.0,449000.0,9.1,45.1
1565,Jawa Barat,Perdesaan,Perempuan,43.0,SMP,Karyawan Swasta,Menikah,3.0,3850000.0,2697000,264000.0,284000.0,143000.0,239000.0,92000.0,549000.0,110000.0,151000.0,107000.0,315000.0,158000.0,87000.0,0.0,,,
550,DI Yogyakarta,Perkotaan,Laki-laki,39.0,SMA/SMK,PNS/ASN,Menikah,3.0,3250000.0,2715000,250000.0,277000.0,152000.0,224000.0,55000.0,482000.0,143000.0,,138000.0,,101000.0,130000.0,266000.0,535000.0,16.5,44.0
157,Banten,Perdesaan,Perempuan,32.0,SMP,PNS/ASN,Menikah,2.0,2750000.0,1813000,198000.0,265000.0,96000.0,204000.0,26000.0,328000.0,93000.0,70000.0,72000.0,139000.0,61000.0,76000.0,,937000.0,34.1,35.2
420,DKI Jakarta,Perkotaan,Perempuan,47.0,SMA/SMK,Buruh/Pekerja Harian,Belum Menikah,0.0,2750000.0,2039000,303000.0,285000.0,148000.0,,30000.0,295000.0,75000.0,84000.0,0.0,125000.0,68000.0,66000.0,0.0,711000.0,25.8,63.7
923,Banten,Perdesaan,Laki-laki,35.0,SD,Karyawan Swasta,Menikah,0.0,3000000.0,1999000,174000.0,216000.0,140000.0,145000.0,22000.0,369000.0,113000.0,,0.0,229000.0,82000.0,53000.0,,1001000.0,33.4,20.5
478,Bali,Perdesaan,Perempuan,32.0,Diploma,Wiraswasta,Menikah,,6700000.0,5845000,575000.0,562000.0,311000.0,318000.0,180000.0,1001000.0,203000.0,295000.0,435000.0,438000.0,377000.0,139000.0,948000.0,855000.0,12.8,35.6
1621,Jawa Barat,Perkotaan,Perempuan,32.0,SD,Wiraswasta,Belum Menikah,0.0,7300000.0,6492000,484000.0,586000.0,232000.0,327000.0,156000.0,1091000.0,299000.0,326000.0,0.0,938000.0,416000.0,,0.0,808000.0,11.1,49.4
554,DKI Jakarta,Perkotaan,Laki-laki,35.0,Diploma,Karyawan Swasta,Menikah,4.0,9000000.0,7809000,,723000.0,291000.0,569000.0,25000.0,1164000.0,495000.0,451000.0,845000.0,620000.0,524000.0,359000.0,1471000.0,1191000.0,13.2,41.5
391,Jawa Barat,Perdesaan,Laki-laki,50.0,Diploma,Tidak Bekerja,Menikah,4.0,1050000.0,825000,100000.0,124000.0,59000.0,82000.0,15000.0,75000.0,17000.0,38000.0,17000.0,57000.0,19000.0,31000.0,137000.0,225000.0,21.4,61.3
579,Banten,Perkotaan,Perempuan,28.0,SMA/SMK,Wiraswasta,Menikah,,9750000.0,6536000,608000.0,706000.0,319000.0,454000.0,23000.0,1425000.0,241000.0,245000.0,464000.0,519000.0,225000.0,267000.0,0.0,3214000.0,33.0,65.6
1935,DKI Jakarta,Perdesaan,Perempuan,57.0,SD,Wiraswasta,Menikah,4.0,3550000.0,2667000,281000.0,260000.0,158000.0,144000.0,3000.0,426000.0,151000.0,98000.0,151000.0,194000.0,105000.0,112000.0,0.0,883000.0,24.9,33.9
1513,Sumatera Utara,Perkotaan,Perempuan,17.0,SMP,Karyawan Swasta,Menikah,2.0,3000000.0,2495000,249000.0,335000.0,153000.0,181000.0,34000.0,314000.0,144000.0,166000.0,87000.0,233000.0,145000.0,122000.0,0.0,505000.0,16.8,35.0
1610,Sumatera Utara,Perdesaan,Laki-laki,24.0,Sarjana (S1),PNS/ASN,Menikah,0.0,4750000.0,3516000,,463000.0,162000.0,247000.0,10000.0,552000.0,,115000.0,0.0,371000.0,107000.0,147000.0,157000.0,1284000.0,,
821,DKI Jakarta,Perdesaan,Perempuan,36.0,Sarjana (S1),Karyawan Swasta,Menikah,0.0,3700000.0,2556000,217000.0,296000.0,110000.0,219000.0,44000.0,390000.0,126000.0,176000.0,0.0,304000.0,153000.0,89000.0,157000.0,1144000.0,30.9,64.3
1474,Jawa Tengah,Perdesaan,Laki-laki,59.0,SMA/SMK,Karyawan Swasta,Menikah,3.0,,1597000,207000.0,,125000.0,207000.0,41000.0,280000.0,63000.0,78000.0,72000.0,102000.0,77000.0,26000.0,320000.0,253000.0,13.7,63.9
1007,Banten,Perdesaan,Perempuan,46.0,Pascasarjana (S2/S3),,Menikah,4.0,22350000.0,15116000,1135000.0,1119000.0,560000.0,920000.0,283000.0,3769000.0,660000.0,825000.0,683000.0,1737000.0,933000.0,689000.0,0.0,7234000.0,32.4,73.3
1790,Jawa Tengah,Perdesaan,Laki-laki,28.0,Sarjana (S1),Buruh/Pekerja Harian,Belum Menikah,0.0,2350000.0,1529000,,217000.0,108000.0,117000.0,57000.0,238000.0,79000.0,88000.0,0.0,158000.0,80000.0,49000.0,0.0,821000.0,34.9,42.0
665,Jawa Tengah,Perkotaan,Perempuan,39.0,SMA/SMK,Karyawan Swasta,Menikah,3.0,5450000.0,4617000,612000.0,702000.0,326000.0,463000.0,234000.0,730000.0,172000.0,137000.0,194000.0,379000.0,156000.0,112000.0,185000.0,833000.0,15.3,56.8
1953,Bali,Perkotaan,Laki-laki,32.0,SMA/SMK,Karyawan Swasta,Menikah,2.0,4650000.0,3724000,454000.0,530000.0,296000.0,276000.0,14000.0,608000.0,176000.0,,170000.0,254000.0,123000.0,187000.0,,926000.0,19.9,71.8
143,Sumatera Utara,Perkotaan,Laki-laki,58.0,Pascasarjana (S2/S3),Buruh/Pekerja Harian,Menikah,3.0,2700000.0,1777000,185000.0,238000.0,118000.0,203000.0,92000.0,259000.0,70000.0,50000.0,50000.0,146000.0,67000.0,83000.0,,923000.0,34.2,69.1
451,Kalimantan Timur,Perkotaan,Laki-laki,32.0,Sarjana (S1),Karyawan Swasta,Belum Menikah,0.0,13000000.0,8768000,783000.0,789000.0,385000.0,,98000.0,1879000.0,341000.0,565000.0,,1136000.0,498000.0,514000.0,0.0,,32.3,75.0
1342,Jawa Barat,Perkotaan,Laki-laki,32.0,SD,Tidak Bekerja,Belum Menikah,0.0,500000.0,405000,65000.0,95000.0,29000.0,64000.0,32000.0,40000.0,12000.0,7000.0,0.0,14000.0,7000.0,13000.0,33000.0,95000.0,19.1,58.3
422,DKI Jakarta,Perkotaan,Perempuan,26.0,SD,Pelajar/Mahasiswa,Cerai/Janda/Duda,0.0,1200000.0,973000,171000.0,211000.0,71000.0,178000.0,55000.0,93000.0,31000.0,32000.0,0.0,39000.0,23000.0,21000.0,0.0,227000.0,18.9,27.4
800,Bali,Perdesaan,Perempuan,32.0,SMA/SMK,Wiraswasta,Menikah,3.0,3350000.0,2586000,283000.0,279000.0,127000.0,274000.0,61000.0,450000.0,149000.0,135000.0,190000.0,174000.0,95000.0,94000.0,0.0,764000.0,22.8,38.9
616,Banten,Perkotaan,Laki-laki,39.0,SMP,Wiraswasta,Belum Menikah,0.0,6750000.0,5212000,327000.0,508000.0,223000.0,438000.0,91000.0,1254000.0,348000.0,332000.0,0.0,711000.0,243000.0,204000.0,0.0,1538000.0,22.8,41.0
296,Jawa Tengah,Perkotaan,Laki-laki,43.0,SD,Karyawan Swasta,Menikah,4.0,1900000.0,1596000,262000.0,259000.0,136000.0,196000.0,67000.0,189000.0,42000.0,60000.0,73000.0,128000.0,61000.0,54000.0,0.0,,16.0,54.4
402,Jawa Tengah,Perdesaan,Perempuan,17.0,SD,Karyawan Swasta,Menikah,0.0,950000.0,619000,90000.0,124000.0,,115000.0,41000.0,58000.0,12000.0,25000.0,0.0,44000.0,21000.0,9000.0,49000.0,331000.0,34.8,43.7
89,Banten,Perdesaan,Perempuan,22.0,SMA/SMK,Karyawan Swasta,Menikah,2.0,4000000.0,3627000,410000.0,511000.0,,386000.0,13000.0,488000.0,140000.0,170000.0,112000.0,234000.0,131000.0,201000.0,0.0,373000.0,9.3,35.8
1509,DI Yogyakarta,Perkotaan,Laki-laki,39.0,Sarjana (S1),Karyawan Swasta,Menikah,3.0,8750000.0,7606000,468000.0,,349000.0,538000.0,177000.0,1186000.0,444000.0,387000.0,501000.0,702000.0,388000.0,,846000.0,1144000.0,13.1,68.0
1104,Kalimantan Timur,Perkotaan,Perempuan,27.0,SMA/SMK,Karyawan Swasta,Menikah,,4700000.0,4103000,413000.0,497000.0,240000.0,431000.0,157000.0,587000.0,187000.0,182000.0,287000.0,275000.0,148000.0,,539000.0,597000.0,12.7,48.4
132,Sumatera Selatan,Perkotaan,Perempuan,47.0,SMP,Pelajar/Mahasiswa,Menikah,1.0,750000.0,532000,90000.0,96000.0,53000.0,95000.0,,58000.0,11000.0,10000.0,22000.0,,13000.0,6000.0,0.0,218000.0,29.1,37.4
1152,Kalimantan Timur,Perdesaan,Perempuan,45.0,Diploma,Wiraswasta,Menikah,4.0,,3427000,290000.0,453000.0,176000.0,368000.0,40000.0,519000.0,111000.0,143000.0,208000.0,409000.0,146000.0,157000.0,0.0,773000.0,18.4,51.9
1217,Banten,Perdesaan,Laki-laki,31.0,SD,Tidak Bekerja,Menikah,2.0,500000.0,405000,48000.0,74000.0,37000.0,53000.0,4000.0,57000.0,,,17000.0,34000.0,12000.0,17000.0,0.0,95000.0,19.0,42.6
1526,DKI Jakarta,Perkotaan,Laki-laki,55.0,SMA/SMK,Karyawan Swasta,Cerai/Janda/Duda,2.0,7300000.0,5271000,501000.0,566000.0,222000.0,,131000.0,712000.0,285000.0,380000.0,219000.0,488000.0,288000.0,166000.0,1297000.0,,,73.4
1702,Jawa Timur,Perkotaan,Perempuan,,SMA/SMK,Pelajar/Mahasiswa,Menikah,2.0,1200000.0,1049000,203000.0,180000.0,77000.0,107000.0,,118000.0,22000.0,32000.0,35000.0,49000.0,30000.0,24000.0,0.0,151000.0,12.6,52.2
725,Sumatera Selatan,Perdesaan,Perempuan,34.0,SMA/SMK,Buruh/Pekerja Harian,,1.0,,1514000,210000.0,222000.0,94000.0,229000.0,73000.0,233000.0,60000.0,,92000.0,117000.0,72000.0,32000.0,177000.0,686000.0,,
1658,Jawa Barat,Perdesaan,Laki-laki,37.0,SMA/SMK,Buruh/Pekerja Harian,Menikah,2.0,2600000.0,2133000,265000.0,302000.0,173000.0,237000.0,75000.0,332000.0,99000.0,68000.0,160000.0,119000.0,94000.0,84000.0,0.0,467000.0,18.0,51.3
270,Sumatera Utara,Perkotaan,Laki-laki,45.0,SMA/SMK,Pelajar/Mahasiswa,Cerai/Janda/Duda,0.0,900000.0,697000,127000.0,,57000.0,,47000.0,84000.0,13000.0,19000.0,0.0,37000.0,16000.0,11000.0,0.0,203000.0,22.6,52.9
1545,DKI Jakarta,Perkotaan,Perempuan,49.0,SMP,Karyawan Swasta,Menikah,4.0,6150000.0,4054000,430000.0,,193000.0,302000.0,,,212000.0,230000.0,,321000.0,,195000.0,0.0,2096000.0,,40.6
918,Sumatera Utara,Perkotaan,Laki-laki,40.0,SMP,Buruh/Pekerja Harian,Menikah,4.0,4450000.0,3073000,318000.0,393000.0,227000.0,265000.0,152000.0,501000.0,111000.0,,114000.0,,91000.0,109000.0,596000.0,1377000.0,30.9,35.7
1668,Sumatera Selatan,Perdesaan,Laki-laki,28.0,Sarjana (S1),Karyawan Swasta,Menikah,3.0,3000000.0,2247000,,296000.0,123000.0,158000.0,16000.0,361000.0,76000.0,145000.0,173000.0,175000.0,118000.0,87000.0,0.0,753000.0,25.1,
1985,Sumatera Selatan,Perkotaan,Laki-laki,49.0,SMA/SMK,Pelajar/Mahasiswa,Menikah,2.0,1300000.0,849000,132000.0,155000.0,71000.0,116000.0,51000.0,85000.0,27000.0,34000.0,24000.0,66000.0,30000.0,12000.0,242000.0,451000.0,34.7,53.5
376,DI Yogyakarta,Perkotaan,Perempuan,25.0,SD,Pelajar/Mahasiswa,Menikah,2.0,1000000.0,769000,92000.0,129000.0,71000.0,93000.0,,94000.0,30000.0,17000.0,29000.0,38000.0,27000.0,12000.0,57000.0,231000.0,23.1,
334,Sumatera Utara,Perdesaan,Laki-laki,22.0,SMP,,Cerai/Janda/Duda,1.0,550000.0,381000,57000.0,71000.0,24000.0,,22000.0,44000.0,12000.0,17000.0,8000.0,23000.0,13000.0,10000.0,0.0,169000.0,30.8,53.9
1315,Jawa Barat,Perkotaan,Laki-laki,27.0,Tidak Sekolah,Karyawan Swasta,Belum Menikah,0.0,1550000.0,1369000,162000.0,182000.0,113000.0,,12000.0,168000.0,,37000.0,0.0,107000.0,64000.0,50000.0,135000.0,181000.0,11.7,43.3
1996,Jawa Barat,Perkotaan,Laki-laki,29.0,Sarjana (S1),Buruh/Pekerja Harian,Menikah,4.0,2250000.0,1887000,,339000.0,174000.0,305000.0,98000.0,230000.0,60000.0,87000.0,103000.0,111000.0,61000.0,60000.0,,363000.0,16.1,72.6
911,DKI Jakarta,Perdesaan,Perempuan,36.0,SMA/SMK,Wiraswasta,Menikah,3.0,6400000.0,4257000,348000.0,296000.0,210000.0,306000.0,,937000.0,280000.0,207000.0,391000.0,555000.0,192000.0,101000.0,0.0,2143000.0,33.5,43.5
777,Bali,Perkotaan,Perempuan,34.0,Sarjana (S1),Tidak Bekerja,Belum Menikah,0.0,1400000.0,1078000,139000.0,207000.0,74000.0,130000.0,51000.0,119000.0,38000.0,51000.0,0.0,49000.0,37000.0,20000.0,0.0,322000.0,23.0,56.1
1279,Sumatera Selatan,Perdesaan,Laki-laki,27.0,SMA/SMK,Tidak Bekerja,Belum Menikah,0.0,,455000,76000.0,85000.0,45000.0,79000.0,20000.0,55000.0,13000.0,,0.0,32000.0,12000.0,12000.0,78000.0,45000.0,9.0,63.0
329,Jawa Timur,Perdesaan,Laki-laki,25.0,SMA/SMK,Karyawan Swasta,Cerai/Janda/Duda,2.0,2450000.0,2058000,294000.0,335000.0,192000.0,334000.0,68000.0,313000.0,73000.0,81000.0,88000.0,111000.0,46000.0,43000.0,186000.0,392000.0,16.0,57.1
1737,Banten,Perdesaan,Laki-laki,17.0,Sarjana (S1),Buruh/Pekerja Harian,Menikah,1.0,,3123000,264000.0,297000.0,119000.0,252000.0,,574000.0,174000.0,176000.0,283000.0,233000.0,151000.0,83000.0,,427000.0,12.0,45.3
13,DKI Jakarta,Perkotaan,Perempuan,41.0,SMA/SMK,Karyawan Swasta,Belum Menikah,0.0,10300000.0,8222000,642000.0,747000.0,289000.0,693000.0,209000.0,1659000.0,472000.0,465000.0,0.0,731000.0,397000.0,487000.0,0.0,2078000.0,20.2,54.8
898,Sumatera Selatan,Perdesaan,Laki-laki,40.0,SD,Karyawan Swasta,Menikah,3.0,3500000.0,2883000,353000.0,365000.0,,230000.0,,406000.0,88000.0,117000.0,181000.0,305000.0,148000.0,77000.0,,617000.0,17.6,46.0
172,Banten,Perkotaan,Perempuan,18.0,Sarjana (S1),Karyawan Swasta,Belum Menikah,0.0,7600000.0,6004000,362000.0,461000.0,289000.0,407000.0,184000.0,972000.0,304000.0,390000.0,0.0,,221000.0,338000.0,,1596000.0,21.0,68.7
261,Jawa Barat,Perkotaan,Laki-laki,25.0,SD,Karyawan Swasta,Menikah,2.0,2150000.0,1831000,262000.0,295000.0,115000.0,237000.0,,203000.0,62000.0,98000.0,69000.0,98000.0,52000.0,83000.0,109000.0,319000.0,14.8,60.2
1695,Bali,Perdesaan,Perempuan,17.0,SMA/SMK,Wiraswasta,Menikah,3.0,,3109000,339000.0,487000.0,169000.0,285000.0,6000.0,425000.0,116000.0,97000.0,85000.0,,111000.0,53000.0,514000.0,1291000.0,29.3,55.0
1845,Jawa Barat,Perdesaan,Perempuan,55.0,SMA/SMK,Wiraswasta,Cerai/Janda/Duda,1.0,2700000.0,2300000,282000.0,439000.0,150000.0,306000.0,98000.0,324000.0,59000.0,108000.0,139000.0,106000.0,91000.0,47000.0,0.0,400000.0,14.8,51.3
902,DI Yogyakarta,Perkotaan,Laki-laki,46.0,SMA/SMK,Karyawan Swasta,Menikah,2.0,3750000.0,3095000,263000.0,308000.0,117000.0,,29000.0,684000.0,144000.0,106000.0,128000.0,,160000.0,87000.0,0.0,655000.0,17.5,84.6
259,Banten,Perkotaan,Perempuan,22.0,SD,Wiraswasta,Cerai/Janda/Duda,1.0,5650000.0,4838000,504000.0,568000.0,242000.0,581000.0,54000.0,664000.0,195000.0,,159000.0,365000.0,193000.0,176000.0,,812000.0,14.4,51.9
845,Jawa Timur,Perdesaan,Perempuan,17.0,SMA/SMK,,Belum Menikah,0.0,,1349000,147000.0,187000.0,75000.0,182000.0,21000.0,196000.0,41000.0,50000.0,0.0,77000.0,57000.0,61000.0,0.0,501000.0,27.1,58.1
139,Jawa Barat,Perdesaan,Laki-laki,45.0,SD,Karyawan Swasta,Menikah,1.0,1600000.0,1387000,155000.0,224000.0,,125000.0,54000.0,159000.0,49000.0,37000.0,63000.0,86000.0,60000.0,22000.0,0.0,213000.0,13.3,60.5
320,Sumatera Selatan,Perkotaan,Perempuan,17.0,Diploma,Karyawan Swasta,Menikah,2.0,7950000.0,5439000,519000.0,640000.0,,439000.0,13000.0,998000.0,237000.0,210000.0,433000.0,594000.0,245000.0,168000.0,458000.0,2511000.0,31.6,57.1
1950,Kalimantan Timur,Perkotaan,Perempuan,39.0,SMA/SMK,Karyawan Swasta,Cerai/Janda/Duda,0.0,10550000.0,8364000,672000.0,859000.0,269000.0,432000.0,152000.0,1544000.0,414000.0,416000.0,0.0,917000.0,553000.0,242000.0,0.0,2186000.0,20.7,55.6
1829,Jawa Barat,Perkotaan,Laki-laki,53.0,SD,Tidak Bekerja,Belum Menikah,,750000.0,499000,58000.0,83000.0,45000.0,53000.0,25000.0,,21000.0,13000.0,0.0,25000.0,,12000.0,0.0,251000.0,33.5,24.7
1333,Sumatera Selatan,Perdesaan,Laki-laki,35.0,SMA/SMK,Wiraswasta,Menikah,3.0,4900000.0,3233000,362000.0,417000.0,162000.0,223000.0,102000.0,419000.0,141000.0,111000.0,217000.0,203000.0,161000.0,153000.0,0.0,1667000.0,34.0,48.4
559,Kalimantan Timur,Perdesaan,Perempuan,42.0,Sarjana (S1),Karyawan Swasta,Menikah,4.0,7400000.0,6732000,684000.0,830000.0,385000.0,650000.0,154000.0,1447000.0,390000.0,466000.0,501000.0,557000.0,221000.0,408000.0,,668000.0,9.0,67.9
140,Banten,Perdesaan,Perempuan,31.0,Sarjana (S1),Karyawan Swasta,Menikah,3.0,2750000.0,2338000,299000.0,358000.0,201000.0,245000.0,124000.0,297000.0,76000.0,93000.0,144000.0,128000.0,68000.0,110000.0,0.0,412000.0,15.0,58.7
1966,Jawa Barat,Perdesaan,Perempuan,49.0,SMA/SMK,Buruh/Pekerja Harian,Menikah,0.0,2000000.0,1477000,222000.0,214000.0,103000.0,149000.0,81000.0,216000.0,51000.0,81000.0,0.0,135000.0,60000.0,65000.0,251000.0,523000.0,26.1,48.7
532,Banten,Perdesaan,Laki-laki,44.0,,PNS/ASN,Belum Menikah,0.0,4950000.0,3964000,448000.0,640000.0,257000.0,373000.0,,680000.0,191000.0,178000.0,0.0,371000.0,122000.0,146000.0,288000.0,986000.0,19.9,58.7
225,Bali,Perdesaan,Perempuan,43.0,SD,Buruh/Pekerja Harian,Cerai/Janda/Duda,1.0,950000.0,728000,,132000.0,76000.0,136000.0,53000.0,59000.0,24000.0,26000.0,19000.0,28000.0,16000.0,24000.0,137000.0,222000.0,23.4,50.2
724,Jawa Tengah,Perdesaan,Perempuan,19.0,SMA/SMK,Tidak Bekerja,Menikah,1.0,950000.0,742000,135000.0,148000.0,50000.0,83000.0,54000.0,88000.0,27000.0,20000.0,35000.0,49000.0,18000.0,20000.0,91000.0,208000.0,21.9,69.3
1947,Jawa Tengah,Perdesaan,Perempuan,23.0,Diploma,Karyawan Swasta,Menikah,1.0,2900000.0,2393000,268000.0,398000.0,180000.0,330000.0,56000.0,249000.0,96000.0,90000.0,115000.0,204000.0,103000.0,39000.0,286000.0,507000.0,17.5,36.1
1908,Bali,Perkotaan,Perempuan,31.0,SMA/SMK,Wiraswasta,Menikah,2.0,6900000.0,5654000,295000.0,461000.0,213000.0,311000.0,121000.0,1476000.0,264000.0,376000.0,,430000.0,255000.0,281000.0,119000.0,1246000.0,,57.3
326,Jawa Timur,Perkotaan,Laki-laki,17.0,Tidak Sekolah,Wiraswasta,Menikah,1.0,,3330000,328000.0,491000.0,,332000.0,12000.0,,101000.0,203000.0,245000.0,263000.0,156000.0,132000.0,367000.0,,21.6,51.7
825,DKI Jakarta,Perkotaan,Perempuan,45.0,SMA/SMK,Karyawan Swasta,Menikah,4.0,9300000.0,8189000,727000.0,1027000.0,531000.0,795000.0,95000.0,1726000.0,365000.0,297000.0,307000.0,829000.0,362000.0,184000.0,1479000.0,,11.5,47.3
1229,Kalimantan Timur,Perkotaan,Perempuan,30.0,Diploma,Karyawan Swasta,Menikah,1.0,7700000.0,6913000,416000.0,557000.0,276000.0,527000.0,161000.0,1456000.0,456000.0,283000.0,495000.0,836000.0,396000.0,297000.0,0.0,787000.0,10.2,53.0
715,Banten,Perkotaan,Laki-laki,35.0,SMA/SMK,,Menikah,0.0,3850000.0,3264000,315000.0,503000.0,172000.0,318000.0,20000.0,526000.0,124000.0,135000.0,0.0,331000.0,91000.0,155000.0,759000.0,586000.0,15.2,50.3
847,Jawa Timur,Perdesaan,Perempuan,27.0,SMA/SMK,Karyawan Swasta,Belum Menikah,0.0,4400000.0,3934000,458000.0,457000.0,314000.0,461000.0,90000.0,,152000.0,176000.0,0.0,402000.0,124000.0,79000.0,0.0,466000.0,10.6,42.6
194,DI Yogyakarta,Perkotaan,Perempuan,28.0,SMA/SMK,Wiraswasta,Belum Menikah,,,4992000,385000.0,418000.0,164000.0,,120000.0,1234000.0,256000.0,299000.0,,682000.0,274000.0,286000.0,0.0,1858000.0,,77.1
574,Banten,Perdesaan,Laki-laki,31.0,SD,PNS/ASN,Menikah,2.0,1900000.0,1511000,191000.0,256000.0,111000.0,189000.0,68000.0,148000.0,57000.0,81000.0,38000.0,102000.0,70000.0,40000.0,0.0,389000.0,,32.2
947,DKI Jakarta,Perdesaan,Laki-laki,48.0,SMA/SMK,Karyawan Swasta,Menikah,4.0,4500000.0,3628000,359000.0,404000.0,250000.0,297000.0,166000.0,545000.0,155000.0,208000.0,258000.0,332000.0,196000.0,199000.0,742000.0,872000.0,,64.7
504,Bali,Perdesaan,Laki-laki,46.0,Sarjana (S1),Wiraswasta,Menikah,2.0,6600000.0,4670000,431000.0,611000.0,239000.0,362000.0,94000.0,804000.0,236000.0,307000.0,275000.0,526000.0,222000.0,155000.0,947000.0,,29.2,56.4
1887,DKI Jakarta,Perkotaan,Laki-laki,17.0,Sarjana (S1),Karyawan Swasta,Belum Menikah,0.0,11800000.0,9099000,768000.0,941000.0,391000.0,616000.0,70000.0,1700000.0,611000.0,492000.0,0.0,769000.0,,419000.0,1021000.0,2701000.0,22.9,75.5
1319,Nusa Tenggara Barat,Perkotaan,Laki-laki,24.0,Sarjana (S1),PNS/ASN,Cerai/Janda/Duda,1.0,3500000.0,2768000,,376000.0,171000.0,241000.0,44000.0,340000.0,100000.0,140000.0,132000.0,255000.0,148000.0,84000.0,,732000.0,20.9,65.3
100,DKI Jakarta,Perkotaan,Perempuan,37.0,Diploma,Karyawan Swasta,Belum Menikah,0.0,4550000.0,3339000,356000.0,435000.0,168000.0,363000.0,49000.0,562000.0,127000.0,196000.0,,410000.0,166000.0,114000.0,113000.0,1261000.0,27.4,53.5
4,DKI Jakarta,Perkotaan,Laki-laki,48.0,Diploma,Wiraswasta,Menikah,2.0,15150000.0,12143000,1225000.0,1324000.0,627000.0,947000.0,13000.0,1669000.0,398000.0,730000.0,629000.0,1165000.0,736000.0,366000.0,0.0,3007000.0,19.8,54.9
1303,Sumatera Selatan,Perkotaan,Laki-laki,33.0,SMA/SMK,Wiraswasta,Belum Menikah,0.0,3150000.0,2362000,214000.0,260000.0,126000.0,197000.0,25000.0,476000.0,82000.0,97000.0,0.0,263000.0,97000.0,98000.0,0.0,788000.0,25.0,31.6
468,Bali,Perkotaan,Perempuan,43.0,SD,Karyawan Swasta,Menikah,2.0,3500000.0,2699000,372000.0,432000.0,158000.0,354000.0,,,118000.0,80000.0,194000.0,170000.0,78000.0,84000.0,,801000.0,22.9,53.6
6,Jawa Tengah,Perdesaan,Laki-laki,31.0,SMA/SMK,Buruh/Pekerja Harian,Menikah,4.0,550000.0,363000,56000.0,,22000.0,41000.0,23000.0,35000.0,8000.0,12000.0,22000.0,18000.0,12000.0,,0.0,187000.0,34.0,52.4
1560,Bali,Perkotaan,Laki-laki,,SMA/SMK,Pelajar/Mahasiswa,Cerai/Janda/Duda,0.0,2250000.0,2053000,324000.0,304000.0,180000.0,176000.0,110000.0,271000.0,91000.0,109000.0,0.0,98000.0,54000.0,60000.0,367000.0,197000.0,8.7,
548,DKI Jakarta,Perdesaan,Perempuan,32.0,SD,Karyawan Swasta,Menikah,1.0,,1917000,223000.0,246000.0,140000.0,286000.0,46000.0,247000.0,93000.0,93000.0,115000.0,147000.0,93000.0,74000.0,315000.0,333000.0,14.8,33.1
229,Kalimantan Timur,Perkotaan,Laki-laki,24.0,SMA/SMK,Karyawan Swasta,Cerai/Janda/Duda,,9000000.0,6838000,717000.0,686000.0,261000.0,397000.0,183000.0,1138000.0,322000.0,214000.0,391000.0,729000.0,306000.0,,0.0,2162000.0,24.0,62.0
1064,Banten,Perkotaan,Perempuan,36.0,Tidak Sekolah,Buruh/Pekerja Harian,Menikah,2.0,850000.0,679000,89000.0,135000.0,64000.0,113000.0,5000.0,62000.0,21000.0,15000.0,30000.0,27000.0,17000.0,22000.0,110000.0,171000.0,20.1,50.1
543,Jawa Barat,Perkotaan,Laki-laki,37.0,SD,PNS/ASN,Menikah,3.0,4050000.0,3456000,493000.0,545000.0,294000.0,425000.0,16000.0,468000.0,148000.0,134000.0,139000.0,284000.0,174000.0,58000.0,585000.0,594000.0,,46.2
243,Jawa Barat,Perdesaan,Laki-laki,37.0,SMA/SMK,Tidak Bekerja,,,550000.0,396000,64000.0,80000.0,29000.0,,4000.0,32000.0,8000.0,13000.0,0.0,22000.0,7000.0,7000.0,,154000.0,28.0,57.3
899,Jawa Barat,Perdesaan,Perempuan,39.0,SMA/SMK,Tidak Bekerja,Belum Menikah,0.0,600000.0,472000,83000.0,97000.0,42000.0,53000.0,14000.0,64000.0,15000.0,19000.0,0.0,27000.0,14000.0,11000.0,102000.0,128000.0,21.4,12.6
1287,DKI Jakarta,Perkotaan,Laki-laki,50.0,SMA/SMK,Tidak Bekerja,Menikah,1.0,2050000.0,1337000,170000.0,,124000.0,150000.0,56000.0,194000.0,55000.0,64000.0,49000.0,105000.0,48000.0,45000.0,0.0,,,60.0
1161,DKI Jakarta,Perkotaan,Laki-laki,23.0,,Karyawan Swasta,Belum Menikah,0.0,5250000.0,3515000,373000.0,398000.0,174000.0,233000.0,37000.0,502000.0,212000.0,232000.0,,217000.0,173000.0,102000.0,0.0,1735000.0,33.1,36.0
1767,Jawa Barat,Perkotaan,Perempuan,38.0,SD,Pelajar/Mahasiswa,Belum Menikah,0.0,500000.0,417000,52000.0,63000.0,27000.0,38000.0,7000.0,42000.0,13000.0,14000.0,0.0,26000.0,14000.0,8000.0,0.0,83000.0,16.7,48.4
1234,Jawa Tengah,Perdesaan,Perempuan,54.0,Sarjana (S1),Karyawan Swasta,Cerai/Janda/Duda,2.0,3500000.0,2944000,284000.0,342000.0,118000.0,254000.0,22000.0,651000.0,159000.0,108000.0,131000.0,317000.0,141000.0,155000.0,0.0,556000.0,15.9,51.7
843,Jawa Timur,Perdesaan,Laki-laki,45.0,SMA/SMK,Karyawan Swasta,Belum Menikah,0.0,2800000.0,1997000,293000.0,311000.0,122000.0,,88000.0,245000.0,70000.0,65000.0,,199000.0,77000.0,,0.0,803000.0,28.7,67.7
1614,Jawa Barat,Perkotaan,Perempuan,33.0,SMA/SMK,Karyawan Swasta,Menikah,,5150000.0,3632000,388000.0,470000.0,264000.0,397000.0,55000.0,460000.0,196000.0,,143000.0,225000.0,181000.0,170000.0,0.0,1518000.0,29.5,54.6
1310,DKI Jakarta,Perkotaan,Laki-laki,34.0,Sarjana (S1),Buruh/Pekerja Harian,Cerai/Janda/Duda,2.0,4650000.0,3646000,368000.0,466000.0,168000.0,240000.0,82000.0,498000.0,189000.0,201000.0,276000.0,237000.0,219000.0,,,1004000.0,21.6,76.7
277,Sulawesi Selatan,Perdesaan,Perempuan,59.0,Diploma,Karyawan Swasta,Menikah,0.0,2950000.0,2041000,229000.0,301000.0,141000.0,256000.0,9000.0,273000.0,59000.0,89000.0,0.0,162000.0,77000.0,,0.0,909000.0,30.8,
662,Jawa Timur,Perkotaan,Perempuan,22.0,SMP,Tidak Bekerja,Menikah,2.0,850000.0,630000,111000.0,116000.0,65000.0,64000.0,,84000.0,19000.0,21000.0,25000.0,,21000.0,9000.0,97000.0,220000.0,25.9,
1369,DKI Jakarta,Perdesaan,Laki-laki,27.0,Pascasarjana (S2/S3),PNS/ASN,Menikah,3.0,7250000.0,6360000,546000.0,763000.0,360000.0,462000.0,101000.0,1413000.0,351000.0,389000.0,524000.0,650000.0,241000.0,218000.0,26000.0,890000.0,12.3,83.3
315,Jawa Barat,Perkotaan,Perempuan,36.0,Sarjana (S1),PNS/ASN,Menikah,1.0,4900000.0,4236000,324000.0,428000.0,,312000.0,180000.0,934000.0,171000.0,142000.0,325000.0,391000.0,148000.0,214000.0,0.0,664000.0,13.6,68.0
692,Sumatera Utara,Perkotaan,Laki-laki,32.0,Sarjana (S1),Karyawan Swasta,Belum Menikah,0.0,8000000.0,6219000,439000.0,559000.0,198000.0,455000.0,47000.0,1372000.0,325000.0,264000.0,0.0,780000.0,277000.0,193000.0,0.0,1781000.0,,51.8
1709,Banten,Perkotaan,Laki-laki,43.0,SD,PNS/ASN,Menikah,1.0,2700000.0,1796000,287000.0,322000.0,136000.0,289000.0,,270000.0,59000.0,65000.0,,85000.0,76000.0,61000.0,500000.0,904000.0,33.5,50.6
425,Jawa Tengah,Perkotaan,Laki-laki,32.0,SD,PNS/ASN,Menikah,2.0,4100000.0,2726000,274000.0,398000.0,128000.0,334000.0,13000.0,496000.0,104000.0,142000.0,100000.0,163000.0,93000.0,59000.0,0.0,1374000.0,33.5,75.7
595,Jawa Timur,Perdesaan,Perempuan,38.0,Pascasarjana (S2/S3),Karyawan Swasta,Menikah,2.0,5700000.0,4206000,515000.0,629000.0,217000.0,451000.0,87000.0,821000.0,174000.0,155000.0,208000.0,390000.0,127000.0,170000.0,969000.0,1494000.0,,54.5
1894,Kalimantan Timur,Perdesaan,Laki-laki,38.0,SMA/SMK,Karyawan Swasta,Belum Menikah,0.0,5450000.0,4061000,311000.0,484000.0,269000.0,393000.0,152000.0,694000.0,140000.0,258000.0,0.0,321000.0,177000.0,203000.0,530000.0,1389000.0,25.5,70.3
623,DKI Jakarta,Perkotaan,Laki-laki,26.0,SMA/SMK,PNS/ASN,Belum Menikah,0.0,8950000.0,6763000,607000.0,550000.0,292000.0,605000.0,193000.0,1652000.0,466000.0,399000.0,0.0,803000.0,263000.0,288000.0,905000.0,2187000.0,24.4,70.1
1962,Jawa Barat,Perkotaan,Laki-laki,21.0,Diploma,Wiraswasta,Menikah,3.0,9650000.0,7914000,556000.0,,376000.0,600000.0,104000.0,1050000.0,371000.0,407000.0,482000.0,841000.0,339000.0,255000.0,0.0,1736000.0,18.0,57.9
772,Bali,Perkotaan,Perempuan,45.0,Diploma,Buruh/Pekerja Harian,Menikah,2.0,5950000.0,4000000,416000.0,518000.0,213000.0,311000.0,29000.0,569000.0,167000.0,122000.0,323000.0,394000.0,193000.0,,630000.0,1950000.0,,81.0
228,Sumatera Utara,Perdesaan,Laki-laki,49.0,SMA/SMK,Wiraswasta,Belum Menikah,0.0,4200000.0,3268000,441000.0,459000.0,257000.0,,167000.0,445000.0,136000.0,160000.0,0.0,241000.0,97000.0,62000.0,0.0,,22.2,26.6
1271,Jawa Barat,Perkotaan,Perempuan,25.0,SMA/SMK,Karyawan Swasta,Menikah,,4550000.0,3040000,332000.0,369000.0,167000.0,,92000.0,360000.0,100000.0,119000.0,210000.0,281000.0,157000.0,,343000.0,1510000.0,33.2,69.8
1170,Sumatera Selatan,Perdesaan,Perempuan,23.0,SMA/SMK,Wiraswasta,Belum Menikah,0.0,4050000.0,2852000,368000.0,424000.0,162000.0,333000.0,148000.0,513000.0,131000.0,81000.0,,284000.0,126000.0,,0.0,1198000.0,29.6,70.5
1510,DI Yogyakarta,Perkotaan,Laki-laki,17.0,SMA/SMK,Karyawan Swasta,Belum Menikah,0.0,3500000.0,2826000,219000.0,290000.0,122000.0,246000.0,103000.0,537000.0,140000.0,176000.0,0.0,187000.0,102000.0,,0.0,674000.0,19.2,46.5
1248,DKI Jakarta,Perkotaan,Laki-laki,28.0,SMA/SMK,Tidak Bekerja,,0.0,2000000.0,1340000,154000.0,172000.0,82000.0,120000.0,7000.0,,36000.0,83000.0,0.0,95000.0,60000.0,61000.0,0.0,660000.0,33.0,47.7
67,DKI Jakarta,Perdesaan,Laki-laki,53.0,SD,Karyawan Swasta,Menikah,2.0,4600000.0,4226000,311000.0,483000.0,270000.0,281000.0,26000.0,592000.0,177000.0,155000.0,324000.0,288000.0,205000.0,271000.0,566000.0,374000.0,8.1,51.1
25,Jawa Barat,Perdesaan,Perempuan,70.0,SD,PNS/ASN,Menikah,1.0,3700000.0,2782000,216000.0,302000.0,125000.0,213000.0,15000.0,,136000.0,167000.0,221000.0,256000.0,93000.0,116000.0,552000.0,918000.0,24.8,27.2
145,Jawa Barat,Perkotaan,Laki-laki,36.0,Sarjana (S1),Karyawan Swasta,Menikah,2.0,8050000.0,7076000,621000.0,713000.0,335000.0,404000.0,71000.0,1712000.0,251000.0,,599000.0,806000.0,495000.0,258000.0,0.0,974000.0,12.1,
537,Jawa Barat,Perkotaan,Laki-laki,29.0,Diploma,Buruh/Pekerja Harian,Belum Menikah,0.0,,3074000,325000.0,397000.0,198000.0,347000.0,82000.0,638000.0,172000.0,214000.0,0.0,192000.0,186000.0,120000.0,,676000.0,18.0,44.6
812,Jawa Barat,Perdesaan,Laki-laki,35.0,Sarjana (S1),,Menikah,2.0,4050000.0,2677000,,335000.0,212000.0,261000.0,124000.0,431000.0,84000.0,164000.0,,178000.0,130000.0,,0.0,1373000.0,33.9,84.0
1273,Banten,Perkotaan,Perempuan,21.0,Pascasarjana (S2/S3),Tidak Bekerja,Menikah,3.0,2350000.0,1943000,221000.0,357000.0,179000.0,275000.0,117000.0,253000.0,65000.0,105000.0,86000.0,147000.0,61000.0,67000.0,294000.0,407000.0,17.3,
86,Sumatera Selatan,Perdesaan,Laki-laki,40.0,Sarjana (S1),Buruh/Pekerja Harian,Menikah,1.0,950000.0,758000,123000.0,179000.0,56000.0,110000.0,,75000.0,23000.0,17000.0,,31000.0,23000.0,20000.0,3000.0,192000.0,20.2,37.4
1511,Jawa Barat,Perkotaan,Laki-laki,39.0,Sarjana (S1),Wiraswasta,Menikah,0.0,12900000.0,8798000,670000.0,589000.0,248000.0,666000.0,30000.0,2147000.0,581000.0,343000.0,0.0,664000.0,499000.0,649000.0,800000.0,4102000.0,31.8,51.7
1339,Jawa Timur,Perkotaan,Laki-laki,48.0,SMA/SMK,Tidak Bekerja,Belum Menikah,0.0,1600000.0,1413000,164000.0,182000.0,104000.0,186000.0,54000.0,242000.0,49000.0,53000.0,0.0,141000.0,61000.0,35000.0,219000.0,187000.0,11.7,65.4
1481,DKI Jakarta,Perkotaan,Perempuan,43.0,SMA/SMK,Karyawan Swasta,Belum Menikah,0.0,10050000.0,6550000,497000.0,615000.0,226000.0,,75000.0,1144000.0,340000.0,,0.0,629000.0,447000.0,251000.0,1258000.0,3500000.0,34.8,70.1
508,Kalimantan Timur,Perdesaan,Perempuan,39.0,SMA/SMK,Karyawan Swasta,Belum Menikah,0.0,2600000.0,1867000,213000.0,263000.0,97000.0,,73000.0,271000.0,70000.0,91000.0,0.0,176000.0,69000.0,72000.0,,683000.0,26.8,46.4
1742,Jawa Timur,Perdesaan,Laki-laki,30.0,SMA/SMK,PNS/ASN,Menikah,2.0,1250000.0,830000,117000.0,196000.0,90000.0,152000.0,41000.0,70000.0,22000.0,15000.0,34000.0,41000.0,26000.0,20000.0,0.0,420000.0,33.6,62.8
1558,Bali,Perdesaan,Laki-laki,17.0,Sarjana (S1),Buruh/Pekerja Harian,Cerai/Janda/Duda,2.0,1950000.0,1618000,259000.0,259000.0,116000.0,138000.0,50000.0,223000.0,47000.0,60000.0,52000.0,128000.0,38000.0,57000.0,0.0,332000.0,,41.7
974,Jawa Barat,Perdesaan,Laki-laki,64.0,Sarjana (S1),Karyawan Swasta,Menikah,,3850000.0,2783000,318000.0,345000.0,163000.0,355000.0,128000.0,427000.0,,98000.0,224000.0,185000.0,139000.0,86000.0,283000.0,1067000.0,27.7,55.8
363,Jawa Barat,Perkotaan,Laki-laki,37.0,SMA/SMK,PNS/ASN,Menikah,1.0,,2229000,220000.0,280000.0,145000.0,317000.0,,243000.0,105000.0,116000.0,127000.0,208000.0,80000.0,,307000.0,571000.0,20.4,86.1
1827,DKI Jakarta,Perdesaan,Laki-laki,47.0,SD,Tidak Bekerja,Menikah,2.0,550000.0,471000,67000.0,100000.0,40000.0,73000.0,29000.0,40000.0,8000.0,13000.0,8000.0,20000.0,11000.0,11000.0,17000.0,79000.0,14.4,42.0
1308,Sumatera Utara,Perkotaan,Perempuan,48.0,SMA/SMK,Pelajar/Mahasiswa,Menikah,2.0,1550000.0,1158000,143000.0,166000.0,89000.0,170000.0,9000.0,162000.0,54000.0,33000.0,57000.0,107000.0,54000.0,38000.0,0.0,392000.0,25.3,60.4
1027,Jawa Tengah,Perkotaan,Laki-laki,49.0,SMA/SMK,Wiraswasta,Menikah,4.0,6450000.0,4769000,341000.0,,224000.0,309000.0,29000.0,765000.0,342000.0,282000.0,244000.0,679000.0,194000.0,285000.0,,1681000.0,26.1,46.6
1031,Jawa Barat,Perdesaan,Perempuan,32.0,SMA/SMK,Wiraswasta,Cerai/Janda/Duda,2.0,5500000.0,3773000,482000.0,507000.0,176000.0,,141000.0,523000.0,191000.0,207000.0,107000.0,345000.0,122000.0,122000.0,,1727000.0,31.4,69.0
1729,Jawa Barat,Perdesaan,Laki-laki,31.0,SD,PNS/ASN,Menikah,2.0,1450000.0,1309000,199000.0,242000.0,135000.0,195000.0,44000.0,148000.0,43000.0,42000.0,32000.0,67000.0,35000.0,28000.0,0.0,141000.0,9.7,
1538,Jawa Timur,Perkotaan,Laki-laki,35.0,Sarjana (S1),Buruh/Pekerja Harian,Menikah,1.0,1600000.0,1427000,164000.0,191000.0,,123000.0,,221000.0,71000.0,80000.0,89000.0,97000.0,55000.0,71000.0,0.0,173000.0,10.8,79.6
1575,Sumatera Utara,Perdesaan,Laki-laki,41.0,SMP,Wiraswasta,Menikah,0.0,3650000.0,3351000,355000.0,381000.0,161000.0,,65000.0,459000.0,114000.0,151000.0,0.0,322000.0,115000.0,66000.0,0.0,299000.0,8.2,30.0
666,Banten,Perkotaan,Laki-laki,52.0,SMA/SMK,Buruh/Pekerja Harian,Menikah,1.0,1750000.0,1587000,235000.0,294000.0,151000.0,237000.0,77000.0,230000.0,,63000.0,90000.0,112000.0,58000.0,31000.0,0.0,163000.0,9.3,65.2
365,Sumatera Selatan,Perkotaan,Perempuan,24.0,Sarjana (S1),Wiraswasta,Menikah,1.0,11350000.0,9691000,837000.0,1076000.0,625000.0,965000.0,,1570000.0,506000.0,455000.0,420000.0,963000.0,583000.0,305000.0,,,14.6,
78,Jawa Tengah,Perdesaan,Perempuan,56.0,SD,Wiraswasta,Belum Menikah,0.0,2900000.0,1939000,229000.0,310000.0,135000.0,208000.0,121000.0,196000.0,52000.0,85000.0,0.0,120000.0,73000.0,29000.0,0.0,961000.0,33.1,54.4
28,DI Yogyakarta,Perdesaan,Perempuan,44.0,SMA/SMK,PNS/ASN,Menikah,4.0,3250000.0,2272000,222000.0,347000.0,156000.0,296000.0,18000.0,383000.0,72000.0,74000.0,80000.0,218000.0,100000.0,80000.0,0.0,978000.0,30.1,45.4
1986,Nusa Tenggara Barat,Perkotaan,Perempuan,51.0,SD,PNS/ASN,Cerai/Janda/Duda,2.0,2350000.0,1761000,205000.0,316000.0,130000.0,174000.0,113000.0,223000.0,73000.0,69000.0,43000.0,78000.0,72000.0,25000.0,140000.0,589000.0,25.1,59.0
526,Sumatera Selatan,Perkotaan,Perempuan,44.0,SMA/SMK,Pelajar/Mahasiswa,Menikah,3.0,1300000.0,1171000,164000.0,201000.0,96000.0,135000.0,11000.0,146000.0,35000.0,49000.0,59000.0,57000.0,34000.0,16000.0,105000.0,129000.0,9.9,50.5
726,Jawa Timur,Perdesaan,Perempuan,35.0,Pascasarjana (S2/S3),Pelajar/Mahasiswa,Menikah,4.0,2400000.0,1888000,268000.0,311000.0,140000.0,243000.0,19000.0,304000.0,80000.0,56000.0,60000.0,109000.0,85000.0,,0.0,512000.0,21.3,62.9
56,Jawa Timur,Perkotaan,Laki-laki,39.0,SMA/SMK,Karyawan Swasta,Belum Menikah,0.0,6300000.0,5241000,436000.0,381000.0,,318000.0,153000.0,855000.0,319000.0,410000.0,0.0,733000.0,317000.0,244000.0,1095000.0,1059000.0,16.8,45.2
639,Bali,Perdesaan,Perempuan,50.0,SMP,Karyawan Swasta,Menikah,2.0,1450000.0,1048000,178000.0,,101000.0,132000.0,59000.0,117000.0,23000.0,26000.0,,62000.0,31000.0,28000.0,0.0,402000.0,27.7,22.2
303,Nusa Tenggara Barat,Perkotaan,Perempuan,33.0,Sarjana (S1),Wiraswasta,Menikah,1.0,,4735000,346000.0,519000.0,287000.0,301000.0,132000.0,652000.0,247000.0,189000.0,380000.0,400000.0,225000.0,221000.0,0.0,715000.0,13.1,59.3
719,Jawa Timur,Perkotaan,Laki-laki,47.0,SMA/SMK,Tidak Bekerja,Belum Menikah,0.0,750000.0,619000,97000.0,131000.0,69000.0,65000.0,6000.0,51000.0,19000.0,18000.0,0.0,40000.0,16000.0,17000.0,82000.0,131000.0,17.5,47.3
625,Sumatera Utara,Perdesaan,Perempuan,30.0,SMA/SMK,Karyawan Swasta,Belum Menikah,0.0,,1462000,191000.0,183000.0,83000.0,117000.0,5000.0,180000.0,59000.0,88000.0,0.0,141000.0,70000.0,32000.0,0.0,738000.0,33.6,53.9
8,Sumatera Selatan,Perkotaan,Perempuan,20.0,SMP,Karyawan Swasta,Menikah,4.0,1750000.0,1481000,212000.0,248000.0,119000.0,181000.0,7000.0,168000.0,71000.0,69000.0,38000.0,82000.0,62000.0,23000.0,,269000.0,15.4,59.0
804,Jawa Barat,Perdesaan,Laki-laki,17.0,SMA/SMK,Karyawan Swasta,Menikah,0.0,2050000.0,1633000,190000.0,253000.0,,165000.0,83000.0,225000.0,53000.0,93000.0,0.0,147000.0,79000.0,63000.0,0.0,417000.0,20.3,34.3
1050,DI Yogyakarta,Perdesaan,Perempuan,17.0,Tidak Sekolah,PNS/ASN,Menikah,4.0,1350000.0,905000,152000.0,141000.0,63000.0,117000.0,31000.0,92000.0,26000.0,35000.0,31000.0,55000.0,23000.0,19000.0,132000.0,445000.0,33.0,41.2
337,Jawa Timur,Perdesaan,Perempuan,34.0,Sarjana (S1),Buruh/Pekerja Harian,Menikah,2.0,1950000.0,1542000,203000.0,223000.0,120000.0,213000.0,,208000.0,55000.0,76000.0,58000.0,,73000.0,46000.0,387000.0,408000.0,20.9,61.7
48,Jawa Barat,Perkotaan,Laki-laki,32.0,SMA/SMK,PNS/ASN,,2.0,6950000.0,6103000,616000.0,698000.0,,346000.0,247000.0,1132000.0,348000.0,324000.0,239000.0,436000.0,326000.0,233000.0,0.0,847000.0,12.2,63.2
1682,Sumatera Utara,Perdesaan,Laki-laki,24.0,Tidak Sekolah,Buruh/Pekerja Harian,Menikah,1.0,,594000,96000.0,143000.0,51000.0,115000.0,11000.0,59000.0,12000.0,12000.0,26000.0,22000.0,18000.0,7000.0,0.0,,8.6,26.7
107,Bali,Perkotaan,Laki-laki,27.0,SD,Wiraswasta,Menikah,2.0,4350000.0,3780000,368000.0,403000.0,,264000.0,58000.0,805000.0,154000.0,198000.0,332000.0,407000.0,127000.0,,0.0,570000.0,13.1,34.7
350,Jawa Barat,Perdesaan,Perempuan,28.0,SMA/SMK,Karyawan Swasta,Menikah,2.0,2300000.0,2031000,298000.0,,172000.0,,,240000.0,80000.0,70000.0,134000.0,,79000.0,55000.0,0.0,269000.0,11.7,29.6
1080,Kalimantan Timur,Perdesaan,Laki-laki,33.0,Diploma,Karyawan Swasta,Belum Menikah,0.0,,4857000,476000.0,740000.0,331000.0,598000.0,,649000.0,142000.0,165000.0,0.0,290000.0,165000.0,165000.0,1038000.0,1093000.0,18.4,73.8
239,Jawa Timur,Perkotaan,Perempuan,38.0,,Buruh/Pekerja Harian,Menikah,4.0,2150000.0,1501000,175000.0,181000.0,81000.0,204000.0,82000.0,205000.0,77000.0,71000.0,62000.0,136000.0,66000.0,79000.0,0.0,649000.0,30.2,53.1
214,DI Yogyakarta,Perkotaan,Laki-laki,47.0,Diploma,Karyawan Swasta,Menikah,1.0,7400000.0,6432000,436000.0,560000.0,301000.0,483000.0,225000.0,1059000.0,377000.0,420000.0,641000.0,524000.0,397000.0,316000.0,0.0,968000.0,13.1,71.8
1145,Jawa Barat,Perdesaan,Perempuan,57.0,SMP,Karyawan Swasta,Menikah,2.0,1150000.0,1022000,,168000.0,91000.0,,33000.0,98000.0,,32000.0,28000.0,71000.0,36000.0,18000.0,0.0,128000.0,11.1,38.8
1421,DKI Jakarta,Perkotaan,Perempuan,40.0,SMP,Wiraswasta,Menikah,1.0,11100000.0,8157000,598000.0,932000.0,465000.0,582000.0,,1692000.0,344000.0,338000.0,482000.0,837000.0,300000.0,383000.0,0.0,2943000.0,26.5,41.7
793,Jawa Tengah,Perkotaan,Laki-laki,23.0,SMA/SMK,Buruh/Pekerja Harian,Menikah,3.0,1950000.0,1810000,243000.0,262000.0,120000.0,,62000.0,279000.0,65000.0,60000.0,112000.0,147000.0,69000.0,67000.0,0.0,190000.0,9.5,53.8
794,Jawa Tengah,Perdesaan,Perempuan,43.0,SMA/SMK,Tidak Bekerja,Menikah,2.0,500000.0,407000,72000.0,77000.0,46000.0,48000.0,2000.0,,8000.0,9000.0,,16000.0,11000.0,5000.0,,93000.0,18.6,23.6
1097,Bali,Perkotaan,Perempuan,46.0,SD,,Menikah,4.0,4000000.0,2805000,353000.0,407000.0,151000.0,,,392000.0,82000.0,95000.0,112000.0,221000.0,98000.0,91000.0,0.0,1195000.0,29.9,38.5
1335,Jawa Barat,Perdesaan,Perempuan,33.0,,Buruh/Pekerja Harian,Belum Menikah,0.0,850000.0,692000,121000.0,150000.0,60000.0,89000.0,5000.0,63000.0,13000.0,27000.0,0.0,45000.0,18000.0,12000.0,0.0,,18.6,61.6
1467,Jawa Barat,Perdesaan,Perempuan,32.0,Diploma,,Cerai/Janda/Duda,1.0,4800000.0,3452000,423000.0,456000.0,161000.0,332000.0,104000.0,419000.0,111000.0,155000.0,159000.0,271000.0,,75000.0,0.0,1348000.0,28.1,54.7
1922,Bali,Perkotaan,Perempuan,39.0,Sarjana (S1),Wiraswasta,Menikah,3.0,7850000.0,5109000,490000.0,552000.0,218000.0,489000.0,88000.0,901000.0,170000.0,258000.0,,421000.0,207000.0,,0.0,2741000.0,34.9,74.8
1894,Kalimantan Timur,Perdesaan,Laki-laki,38.0,SMA/SMK,Karyawan Swasta,Belum Menikah,0.0,,4061000,311000.0,484000.0,269000.0,393000.0,152000.0,694000.0,140000.0,258000.0,0.0,321000.0,177000.0,203000.0,530000.0,1389000.0,25.5,70.3
524,Jawa Barat,Perdesaan,Perempuan,38.0,Sarjana (S1),Karyawan Swasta,Menikah,3.0,6800000.0,5487000,484000.0,640000.0,227000.0,414000.0,36000.0,1034000.0,223000.0,262000.0,347000.0,367000.0,195000.0,279000.0,,1313000.0,19.3,56.1
233,Jawa Tengah,Perkotaan,Laki-laki,46.0,SD,Karyawan Swasta,Menikah,2.0,3150000.0,2577000,212000.0,263000.0,148000.0,249000.0,44000.0,568000.0,,173000.0,163000.0,315000.0,158000.0,60000.0,520000.0,573000.0,18.2,37.4
645,Sulawesi Selatan,Perdesaan,Laki-laki,58.0,SMA/SMK,Buruh/Pekerja Harian,Menikah,2.0,1350000.0,937000,144000.0,161000.0,82000.0,131000.0,61000.0,90000.0,22000.0,29000.0,17000.0,36000.0,25000.0,23000.0,109000.0,413000.0,30.6,64.0
1713,Jawa Barat,Perkotaan,Perempuan,29.0,SMP,Karyawan Swasta,Menikah,1.0,2800000.0,2138000,259000.0,363000.0,140000.0,223000.0,42000.0,200000.0,79000.0,96000.0,82000.0,154000.0,63000.0,38000.0,0.0,662000.0,23.7,38.0
534,Jawa Barat,Perkotaan,Perempuan,38.0,Diploma,Karyawan Swasta,Belum Menikah,,11250000.0,7981000,666000.0,781000.0,405000.0,613000.0,51000.0,1326000.0,383000.0,413000.0,0.0,1119000.0,512000.0,461000.0,0.0,3269000.0,29.1,59.9
1714,DI Yogyakarta,Perdesaan,Perempuan,35.0,SD,Karyawan Swasta,Belum Menikah,0.0,1600000.0,1169000,172000.0,202000.0,80000.0,,54000.0,115000.0,52000.0,46000.0,0.0,81000.0,47000.0,42000.0,0.0,431000.0,26.9,54.8
604,Jawa Timur,Perdesaan,Laki-laki,28.0,Pascasarjana (S2/S3),PNS/ASN,Menikah,2.0,6300000.0,4992000,447000.0,460000.0,271000.0,510000.0,20000.0,770000.0,306000.0,225000.0,371000.0,493000.0,256000.0,,0.0,1308000.0,20.8,60.4
1484,DKI Jakarta,Perkotaan,Laki-laki,39.0,SMA/SMK,Karyawan Swasta,Menikah,2.0,8050000.0,5300000,570000.0,,334000.0,438000.0,,786000.0,185000.0,,448000.0,378000.0,306000.0,127000.0,1545000.0,2750000.0,34.2,67.0
1075,DKI Jakarta,Perdesaan,Laki-laki,25.0,Diploma,Buruh/Pekerja Harian,Menikah,1.0,,1230000,177000.0,189000.0,62000.0,150000.0,32000.0,217000.0,57000.0,39000.0,77000.0,,37000.0,49000.0,11000.0,570000.0,31.6,
1482,Banten,Perkotaan,Laki-laki,28.0,Diploma,PNS/ASN,Menikah,1.0,9300000.0,7451000,640000.0,958000.0,418000.0,752000.0,1000.0,1247000.0,436000.0,343000.0,572000.0,773000.0,269000.0,393000.0,0.0,1849000.0,19.9,57.0
61,Sulawesi Selatan,Perkotaan,Laki-laki,18.0,Sarjana (S1),Tidak Bekerja,Menikah,1.0,3050000.0,2209000,281000.0,292000.0,153000.0,164000.0,75000.0,324000.0,96000.0,75000.0,150000.0,226000.0,74000.0,44000.0,0.0,841000.0,27.6,84.4
1432,DI Yogyakarta,Perkotaan,Perempuan,24.0,Sarjana (S1),Karyawan Swasta,Menikah,3.0,3850000.0,3318000,364000.0,402000.0,218000.0,296000.0,137000.0,633000.0,199000.0,128000.0,274000.0,250000.0,107000.0,138000.0,0.0,532000.0,13.8,78.0
93,DKI Jakarta,Perkotaan,Laki-laki,45.0,Sarjana (S1),Buruh/Pekerja Harian,Menikah,2.0,10650000.0,7803000,634000.0,670000.0,373000.0,621000.0,234000.0,1866000.0,396000.0,400000.0,598000.0,758000.0,443000.0,439000.0,798000.0,2847000.0,26.7,66.6
667,DKI Jakarta,Perkotaan,Laki-laki,27.0,Sarjana (S1),Wiraswasta,Menikah,1.0,25600000.0,21022000,1809000.0,2386000.0,,,559000.0,4854000.0,1286000.0,968000.0,1302000.0,1738000.0,705000.0,606000.0,0.0,4578000.0,17.9,62.9
1262,Jawa Timur,Perkotaan,Laki-laki,53.0,Diploma,,Menikah,2.0,1300000.0,864000,136000.0,153000.0,52000.0,85000.0,43000.0,74000.0,33000.0,,21000.0,62000.0,27000.0,18000.0,0.0,436000.0,33.5,57.8
1837,DI Yogyakarta,Perkotaan,Perempuan,70.0,,Buruh/Pekerja Harian,Menikah,,3000000.0,2054000,174000.0,199000.0,135000.0,211000.0,,252000.0,94000.0,99000.0,161000.0,176000.0,117000.0,46000.0,0.0,,31.5,40.2
281,Jawa Barat,Perdesaan,Perempuan,56.0,SMA/SMK,Buruh/Pekerja Harian,Belum Menikah,0.0,950000.0,735000,113000.0,137000.0,,141000.0,23000.0,74000.0,13000.0,20000.0,0.0,47000.0,21000.0,11000.0,44000.0,215000.0,,69.3
1371,Banten,Perkotaan,Laki-laki,42.0,SMA/SMK,Wiraswasta,Belum Menikah,0.0,13650000.0,10898000,641000.0,797000.0,448000.0,891000.0,340000.0,1573000.0,432000.0,709000.0,0.0,1442000.0,763000.0,704000.0,547000.0,2752000.0,20.2,52.6
360,DKI Jakarta,Perdesaan,Perempuan,17.0,Diploma,Buruh/Pekerja Harian,Belum Menikah,0.0,3800000.0,2924000,359000.0,412000.0,242000.0,,83000.0,467000.0,138000.0,140000.0,0.0,294000.0,150000.0,53000.0,0.0,876000.0,23.0,79.5
1282,DKI Jakarta,Perdesaan,Laki-laki,56.0,SMA/SMK,Karyawan Swasta,Cerai/Janda/Duda,0.0,5000000.0,4120000,374000.0,421000.0,242000.0,464000.0,88000.0,737000.0,202000.0,198000.0,0.0,405000.0,158000.0,142000.0,0.0,880000.0,17.6,51.6
1470,Sumatera Utara,Perkotaan,Perempuan,41.0,Tidak Sekolah,Karyawan Swasta,Menikah,0.0,,3115000,293000.0,418000.0,205000.0,206000.0,87000.0,563000.0,95000.0,140000.0,0.0,235000.0,170000.0,76000.0,0.0,1485000.0,32.3,12.6
848,Jawa Barat,Perkotaan,Laki-laki,29.0,SMP,Karyawan Swasta,Menikah,2.0,4200000.0,3801000,365000.0,601000.0,234000.0,291000.0,65000.0,491000.0,,190000.0,247000.0,246000.0,131000.0,102000.0,0.0,399000.0,9.5,34.5
1207,Sumatera Utara,Perkotaan,Laki-laki,66.0,,Karyawan Swasta,Cerai/Janda/Duda,0.0,4850000.0,4452000,,524000.0,,383000.0,76000.0,965000.0,201000.0,255000.0,0.0,545000.0,279000.0,,371000.0,398000.0,8.2,24.1
1564,Sulawesi Selatan,Perkotaan,Laki-laki,47.0,SMA/SMK,Karyawan Swasta,Menikah,0.0,,2774000,291000.0,297000.0,,279000.0,108000.0,591000.0,139000.0,99000.0,0.0,196000.0,171000.0,164000.0,,276000.0,9.1,55.1
111,Sulawesi Selatan,Perdesaan,Laki-laki,27.0,SMA/SMK,Buruh/Pekerja Harian,Cerai/Janda/Duda,3.0,2250000.0,1679000,246000.0,243000.0,128000.0,180000.0,69000.0,188000.0,48000.0,91000.0,48000.0,120000.0,49000.0,,0.0,571000.0,25.4,55.2
43,Sumatera Utara,Perkotaan,Laki-laki,30.0,Diploma,Buruh/Pekerja Harian,,0.0,1750000.0,1244000,154000.0,210000.0,102000.0,164000.0,,183000.0,35000.0,33000.0,0.0,104000.0,54000.0,50000.0,229000.0,506000.0,,52.5
126,DI Yogyakarta,Perkotaan,Perempuan,39.0,SMP,Karyawan Swasta,Belum Menikah,0.0,3400000.0,2287000,171000.0,226000.0,145000.0,158000.0,36000.0,310000.0,88000.0,124000.0,0.0,231000.0,90000.0,49000.0,0.0,1113000.0,32.7,65.6
205,DI Yogyakarta,Perdesaan,Laki-laki,36.0,SMA/SMK,Wiraswasta,Cerai/Janda/Duda,2.0,3300000.0,2856000,348000.0,359000.0,168000.0,,141000.0,,89000.0,181000.0,161000.0,175000.0,127000.0,97000.0,135000.0,444000.0,13.5,55.4
53,Sumatera Utara,Perkotaan,Perempuan,32.0,SMP,Wiraswasta,Cerai/Janda/Duda,0.0,6900000.0,5662000,531000.0,512000.0,306000.0,557000.0,42000.0,876000.0,366000.0,233000.0,0.0,689000.0,277000.0,176000.0,,1238000.0,17.9,17.9
546,Jawa Barat,Perkotaan,Laki-laki,30.0,SMA/SMK,Karyawan Swasta,,0.0,8100000.0,5800000,572000.0,727000.0,274000.0,470000.0,140000.0,788000.0,184000.0,217000.0,0.0,582000.0,192000.0,155000.0,0.0,2300000.0,28.4,53.8
69,Bali,Perdesaan,Perempuan,23.0,SMA/SMK,Wiraswasta,Menikah,0.0,4350000.0,3004000,289000.0,402000.0,171000.0,256000.0,59000.0,474000.0,157000.0,198000.0,,344000.0,157000.0,92000.0,381000.0,1346000.0,30.9,60.8
1290,Jawa Timur,Perdesaan,Laki-laki,37.0,SD,Buruh/Pekerja Harian,Menikah,3.0,1950000.0,1685000,266000.0,261000.0,94000.0,186000.0,74000.0,179000.0,70000.0,51000.0,39000.0,,67000.0,42000.0,171000.0,265000.0,13.6,45.3
1756,Jawa Tengah,Perkotaan,Perempuan,56.0,,Tidak Bekerja,Belum Menikah,0.0,600000.0,488000,67000.0,100000.0,42000.0,91000.0,1000.0,42000.0,15000.0,18000.0,0.0,29000.0,18000.0,11000.0,0.0,112000.0,18.6,66.9
184,Nusa Tenggara Barat,Perkotaan,Laki-laki,35.0,SMA/SMK,Wiraswasta,Menikah,2.0,4050000.0,3342000,369000.0,451000.0,184000.0,401000.0,94000.0,451000.0,145000.0,217000.0,170000.0,349000.0,122000.0,61000.0,0.0,708000.0,17.5,64.7
138,DKI Jakarta,Perkotaan,Laki-laki,26.0,SMA/SMK,Karyawan Swasta,Belum Menikah,0.0,6600000.0,5643000,663000.0,657000.0,273000.0,603000.0,87000.0,835000.0,210000.0,201000.0,,428000.0,,263000.0,0.0,957000.0,14.5,54.8
900,Jawa Tengah,Perkotaan,Perempuan,50.0,SMP,Buruh/Pekerja Harian,Menikah,3.0,1800000.0,1252000,186000.0,232000.0,,,,176000.0,36000.0,53000.0,44000.0,94000.0,40000.0,39000.0,,,30.5,51.9
797,Banten,Perkotaan,Laki-laki,26.0,SMA/SMK,PNS/ASN,Menikah,2.0,6550000.0,4622000,289000.0,344000.0,196000.0,384000.0,100000.0,971000.0,235000.0,240000.0,471000.0,657000.0,250000.0,168000.0,174000.0,1928000.0,29.4,65.6
133,DKI Jakarta,Perdesaan,Laki-laki,28.0,SMA/SMK,Karyawan Swasta,Menikah,3.0,4150000.0,3707000,436000.0,484000.0,244000.0,272000.0,101000.0,473000.0,123000.0,270000.0,,394000.0,204000.0,203000.0,200000.0,443000.0,10.7,51.5
81,DKI Jakarta,Perkotaan,Perempuan,27.0,Diploma,Karyawan Swasta,Belum Menikah,0.0,8550000.0,6320000,479000.0,524000.0,202000.0,,183000.0,1515000.0,284000.0,374000.0,0.0,910000.0,406000.0,146000.0,0.0,2230000.0,26.1,73.3
1700,Jawa Barat,Perdesaan,Laki-laki,45.0,SMP,Karyawan Swasta,Menikah,3.0,,1316000,170000.0,176000.0,108000.0,,8000.0,172000.0,34000.0,60000.0,72000.0,80000.0,,56000.0,0.0,234000.0,,50.3
1748,Sulawesi Selatan,Perdesaan,Laki-laki,28.0,Sarjana (S1),Wiraswasta,Belum Menikah,0.0,5800000.0,5327000,487000.0,714000.0,309000.0,431000.0,,,285000.0,342000.0,0.0,479000.0,203000.0,,0.0,473000.0,8.2,86.9
542,Jawa Timur,Perdesaan,Perempuan,37.0,Diploma,Tidak Bekerja,Menikah,1.0,750000.0,495000,58000.0,95000.0,,58000.0,31000.0,44000.0,21000.0,19000.0,14000.0,35000.0,18000.0,13000.0,23000.0,,33.9,44.2
1808,Jawa Timur,Perkotaan,Perempuan,49.0,SMA/SMK,Karyawan Swasta,,2.0,3250000.0,2948000,354000.0,406000.0,178000.0,263000.0,,344000.0,150000.0,98000.0,,205000.0,96000.0,108000.0,472000.0,302000.0,9.3,57.6
984,DKI Jakarta,Perdesaan,Perempuan,41.0,SMA/SMK,Karyawan Swasta,Belum Menikah,0.0,3350000.0,2241000,208000.0,275000.0,129000.0,219000.0,79000.0,271000.0,71000.0,71000.0,0.0,186000.0,68000.0,107000.0,0.0,1109000.0,33.1,49.3
166,Sumatera Utara,Perdesaan,Laki-laki,33.0,SMA/SMK,PNS/ASN,Menikah,2.0,3700000.0,2525000,250000.0,335000.0,126000.0,154000.0,39000.0,430000.0,91000.0,,234000.0,226000.0,106000.0,91000.0,0.0,1175000.0,31.7,51.0
249,DKI Jakarta,Perkotaan,Perempuan,54.0,Tidak Sekolah,Wiraswasta,Belum Menikah,0.0,8800000.0,7908000,787000.0,806000.0,362000.0,774000.0,214000.0,1102000.0,385000.0,351000.0,0.0,772000.0,382000.0,372000.0,0.0,892000.0,10.1,44.8
447,Jawa Tengah,Perdesaan,Laki-laki,17.0,Sarjana (S1),Tidak Bekerja,Belum Menikah,0.0,600000.0,492000,65000.0,88000.0,28000.0,47000.0,23000.0,50000.0,20000.0,12000.0,0.0,26000.0,22000.0,13000.0,22000.0,108000.0,18.1,82.6
1302,Jawa Timur,Perkotaan,Laki-laki,36.0,SD,PNS/ASN,Menikah,1.0,4950000.0,3514000,400000.0,442000.0,150000.0,292000.0,112000.0,,172000.0,191000.0,276000.0,281000.0,182000.0,212000.0,0.0,1436000.0,29.0,48.0
859,Sulawesi Selatan,Perkotaan,Laki-laki,51.0,SMA/SMK,Karyawan Swasta,Menikah,2.0,3450000.0,2811000,326000.0,338000.0,123000.0,,,497000.0,,123000.0,91000.0,245000.0,133000.0,68000.0,0.0,639000.0,18.5,56.5
66,Jawa Barat,Perdesaan,Laki-laki,25.0,Pascasarjana (S2/S3),Wiraswasta,Menikah,1.0,21650000.0,15129000,1381000.0,1599000.0,616000.0,1132000.0,45000.0,1959000.0,546000.0,1129000.0,1009000.0,1889000.0,688000.0,,,6571000.0,30.3,61.1
98,Banten,Perdesaan,Perempuan,70.0,SMA/SMK,Buruh/Pekerja Harian,Menikah,2.0,2700000.0,1801000,294000.0,301000.0,144000.0,249000.0,,158000.0,58000.0,77000.0,96000.0,132000.0,44000.0,40000.0,0.0,899000.0,33.3,50.2
806,Bali,Perkotaan,Laki-laki,46.0,Sarjana (S1),Buruh/Pekerja Harian,Belum Menikah,0.0,4600000.0,3617000,423000.0,505000.0,217000.0,,93000.0,391000.0,120000.0,124000.0,0.0,356000.0,152000.0,159000.0,593000.0,983000.0,21.4,73.9
738,DI Yogyakarta,Perdesaan,Perempuan,24.0,SD,PNS/ASN,Belum Menikah,0.0,1850000.0,1466000,237000.0,213000.0,98000.0,157000.0,39000.0,203000.0,44000.0,41000.0,0.0,68000.0,34000.0,53000.0,0.0,384000.0,20.8,39.3
1424,Banten,Perdesaan,Laki-laki,30.0,SD,Karyawan Swasta,Belum Menikah,,2700000.0,2208000,293000.0,326000.0,144000.0,201000.0,108000.0,313000.0,110000.0,125000.0,,216000.0,118000.0,98000.0,0.0,492000.0,18.2,51.6
103,Jawa Tengah,Perdesaan,Perempuan,46.0,Sarjana (S1),Buruh/Pekerja Harian,Cerai/Janda/Duda,2.0,2900000.0,1968000,268000.0,302000.0,100000.0,196000.0,110000.0,277000.0,72000.0,83000.0,71000.0,138000.0,69000.0,34000.0,242000.0,932000.0,,68.6
435,Jawa Barat,Perkotaan,Perempuan,43.0,Tidak Sekolah,Buruh/Pekerja Harian,Menikah,1.0,1300000.0,1145000,157000.0,242000.0,101000.0,165000.0,78000.0,90000.0,36000.0,23000.0,43000.0,,23000.0,19000.0,198000.0,155000.0,11.9,49.5
75,Jawa Barat,Perkotaan,Laki-laki,25.0,Diploma,Tidak Bekerja,Menikah,2.0,650000.0,545000,67000.0,104000.0,43000.0,90000.0,4000.0,61000.0,16000.0,20000.0,12000.0,33000.0,17000.0,15000.0,88000.0,105000.0,16.2,55.2
945,Jawa Tengah,Perkotaan,Laki-laki,50.0,SD,Karyawan Swasta,Menikah,2.0,,1037000,,173000.0,90000.0,134000.0,4000.0,154000.0,32000.0,37000.0,36000.0,91000.0,42000.0,37000.0,71000.0,463000.0,30.9,69.4
1359,DKI Jakarta,Perkotaan,Laki-laki,27.0,SMA/SMK,,Cerai/Janda/Duda,3.0,5250000.0,4431000,577000.0,684000.0,355000.0,615000.0,112000.0,612000.0,,224000.0,297000.0,436000.0,170000.0,129000.0,243000.0,819000.0,15.6,66.4
1423,DI Yogyakarta,Perkotaan,Perempuan,39.0,SMA/SMK,Karyawan Swasta,Menikah,3.0,4100000.0,3527000,319000.0,,268000.0,255000.0,17000.0,612000.0,131000.0,191000.0,208000.0,395000.0,188000.0,154000.0,0.0,573000.0,14.0,64.3
1231,Jawa Tengah,Perkotaan,Perempuan,40.0,SMP,PNS/ASN,Belum Menikah,0.0,3100000.0,2100000,226000.0,258000.0,155000.0,147000.0,91000.0,268000.0,65000.0,76000.0,0.0,131000.0,90000.0,118000.0,0.0,1000000.0,32.3,17.6
919,Sumatera Utara,Perkotaan,Laki-laki,41.0,SD,Wiraswasta,Menikah,2.0,3750000.0,2672000,291000.0,403000.0,174000.0,257000.0,4000.0,453000.0,143000.0,135000.0,196000.0,220000.0,89000.0,45000.0,370000.0,1078000.0,28.8,53.1
1941,DKI Jakarta,Perdesaan,Laki-laki,32.0,Pascasarjana (S2/S3),Wiraswasta,Belum Menikah,0.0,14300000.0,9612000,517000.0,696000.0,,419000.0,132000.0,1809000.0,581000.0,452000.0,0.0,1359000.0,538000.0,523000.0,0.0,4688000.0,32.8,40.3
1893,Jawa Barat,Perkotaan,Laki-laki,41.0,SMA/SMK,Karyawan Swasta,Menikah,1.0,8100000.0,7434000,681000.0,665000.0,349000.0,533000.0,37000.0,1766000.0,361000.0,433000.0,582000.0,,310000.0,220000.0,0.0,666000.0,8.2,64.4
1836,Jawa Timur,Perdesaan,Perempuan,40.0,SD,,,0.0,950000.0,657000,77000.0,130000.0,40000.0,78000.0,9000.0,86000.0,24000.0,30000.0,0.0,45000.0,22000.0,16000.0,22000.0,293000.0,30.8,15.9
763,Jawa Tengah,Perkotaan,Perempuan,17.0,SMA/SMK,Karyawan Swasta,Belum Menikah,0.0,3950000.0,2810000,254000.0,384000.0,161000.0,252000.0,94000.0,575000.0,93000.0,182000.0,0.0,266000.0,96000.0,85000.0,0.0,1140000.0,28.9,44.8
990,Jawa Barat,Perkotaan,Perempuan,35.0,SD,Tidak Bekerja,Menikah,0.0,,628000,78000.0,122000.0,50000.0,78000.0,18000.0,83000.0,20000.0,16000.0,0.0,51000.0,20000.0,10000.0,97000.0,122000.0,16.3,42.7
389,Jawa Timur,Perdesaan,Laki-laki,26.0,SMP,Buruh/Pekerja Harian,Menikah,2.0,850000.0,687000,103000.0,120000.0,58000.0,90000.0,27000.0,88000.0,,29000.0,18000.0,30000.0,28000.0,28000.0,0.0,163000.0,19.1,23.8
236,DKI Jakarta,Perkotaan,Perempuan,59.0,Sarjana (S1),,Belum Menikah,0.0,13800000.0,11653000,659000.0,980000.0,403000.0,842000.0,88000.0,,526000.0,851000.0,0.0,1595000.0,480000.0,772000.0,351000.0,2147000.0,15.6,65.2
1712,Jawa Barat,Perkotaan,Laki-laki,23.0,Tidak Sekolah,Buruh/Pekerja Harian,Menikah,0.0,2300000.0,2108000,276000.0,377000.0,,211000.0,91000.0,355000.0,93000.0,90000.0,0.0,111000.0,70000.0,37000.0,0.0,192000.0,8.4,41.7
268,Jawa Barat,Perdesaan,Laki-laki,41.0,Sarjana (S1),Karyawan Swasta,Menikah,4.0,6950000.0,6334000,,463000.0,190000.0,282000.0,189000.0,1053000.0,326000.0,374000.0,505000.0,493000.0,282000.0,438000.0,1086000.0,616000.0,8.9,46.5
1343,Jawa Barat,Perkotaan,Laki-laki,51.0,Sarjana (S1),Buruh/Pekerja Harian,Menikah,,3200000.0,2491000,260000.0,309000.0,171000.0,327000.0,77000.0,465000.0,70000.0,146000.0,187000.0,225000.0,133000.0,98000.0,0.0,709000.0,22.2,73.1
118,Jawa Barat,Perkotaan,Perempuan,39.0,SMP,Buruh/Pekerja Harian,Menikah,0.0,1700000.0,1420000,168000.0,184000.0,93000.0,210000.0,55000.0,211000.0,57000.0,45000.0,0.0,99000.0,61000.0,26000.0,,280000.0,16.5,55.9
1821,Jawa Tengah,Perkotaan,Perempuan,35.0,SMA/SMK,Wiraswasta,Menikah,2.0,4700000.0,3918000,298000.0,372000.0,204000.0,,49000.0,,185000.0,182000.0,,478000.0,,208000.0,0.0,782000.0,16.6,
674,Jawa Barat,Perdesaan,Laki-laki,52.0,Pascasarjana (S2/S3),Karyawan Swasta,Belum Menikah,0.0,7750000.0,5575000,503000.0,650000.0,278000.0,524000.0,156000.0,764000.0,313000.0,353000.0,0.0,583000.0,203000.0,172000.0,0.0,2175000.0,28.1,77.8
250,Kalimantan Timur,Perdesaan,Laki-laki,19.0,Sarjana (S1),Tidak Bekerja,Belum Menikah,0.0,1300000.0,855000,121000.0,159000.0,81000.0,126000.0,,77000.0,25000.0,18000.0,0.0,45000.0,28000.0,25000.0,72000.0,445000.0,34.2,75.5
1866,Sumatera Selatan,Perkotaan,Laki-laki,52.0,Sarjana (S1),Buruh/Pekerja Harian,Cerai/Janda/Duda,3.0,1900000.0,1593000,226000.0,279000.0,,199000.0,44000.0,149000.0,67000.0,80000.0,79000.0,91000.0,37000.0,22000.0,0.0,307000.0,16.2,77.9
655,DKI Jakarta,Perdesaan,Perempuan,41.0,SMA/SMK,Buruh/Pekerja Harian,Menikah,2.0,3150000.0,2367000,269000.0,234000.0,145000.0,273000.0,79000.0,502000.0,121000.0,,191000.0,185000.0,104000.0,75000.0,0.0,783000.0,24.8,29.1
95,DKI Jakarta,Perkotaan,Laki-laki,31.0,SMP,Tidak Bekerja,Belum Menikah,0.0,2750000.0,2021000,335000.0,360000.0,193000.0,345000.0,40000.0,296000.0,60000.0,66000.0,0.0,115000.0,66000.0,,298000.0,729000.0,26.5,52.3
34,Bali,Perkotaan,Laki-laki,31.0,SMA/SMK,PNS/ASN,Belum Menikah,0.0,8000000.0,5259000,408000.0,501000.0,282000.0,281000.0,23000.0,1096000.0,202000.0,328000.0,0.0,424000.0,188000.0,161000.0,1369000.0,2741000.0,34.3,48.4
1661,Jawa Tengah,Perdesaan,Perempuan,28.0,SMP,Buruh/Pekerja Harian,Menikah,2.0,1150000.0,780000,143000.0,168000.0,69000.0,122000.0,40000.0,64000.0,16000.0,14000.0,40000.0,38000.0,15000.0,18000.0,0.0,,32.2,39.4
1890,Sumatera Utara,Perkotaan,Perempuan,18.0,Diploma,PNS/ASN,Belum Menikah,0.0,6950000.0,4720000,298000.0,384000.0,158000.0,321000.0,60000.0,1072000.0,309000.0,273000.0,0.0,621000.0,238000.0,246000.0,0.0,2230000.0,32.1,60.7
449,Jawa Tengah,Perkotaan,Perempuan,19.0,Tidak Sekolah,Wiraswasta,Menikah,2.0,2000000.0,1639000,,236000.0,140000.0,249000.0,74000.0,151000.0,45000.0,41000.0,80000.0,131000.0,41000.0,66000.0,276000.0,361000.0,18.1,57.4
717,Sumatera Utara,Perdesaan,Laki-laki,50.0,SMA/SMK,Buruh/Pekerja Harian,Menikah,1.0,700000.0,501000,95000.0,92000.0,44000.0,75000.0,8000.0,41000.0,,14000.0,18000.0,16000.0,14000.0,7000.0,0.0,199000.0,28.5,47.9
1949,Nusa Tenggara Barat,Perdesaan,Laki-laki,38.0,SD,Karyawan Swasta,,3.0,800000.0,631000,123000.0,110000.0,74000.0,86000.0,44000.0,,20000.0,23000.0,29000.0,34000.0,19000.0,17000.0,0.0,169000.0,21.1,28.2
1725,Jawa Barat,Perdesaan,Perempuan,32.0,Sarjana (S1),Wiraswasta,Belum Menikah,0.0,5700000.0,5048000,441000.0,551000.0,260000.0,529000.0,46000.0,940000.0,255000.0,260000.0,0.0,325000.0,290000.0,187000.0,0.0,652000.0,11.4,37.2
1,Jawa Tengah,Perdesaan,Perempuan,21.0,SD,Karyawan Swasta,Menikah,2.0,1600000.0,1049000,169000.0,189000.0,67000.0,101000.0,13000.0,118000.0,37000.0,39000.0,38000.0,77000.0,27000.0,24000.0,0.0,551000.0,34.4,57.3
1561,Bali,Perdesaan,Laki-laki,,SMP,Tidak Bekerja,Menikah,,650000.0,500000,91000.0,93000.0,38000.0,87000.0,38000.0,56000.0,12000.0,,10000.0,20000.0,18000.0,7000.0,0.0,150000.0,,49.4
1102,Banten,Perdesaan,Laki-laki,41.0,Tidak Sekolah,Wiraswasta,Menikah,,,1847000,,255000.0,115000.0,177000.0,106000.0,322000.0,75000.0,112000.0,141000.0,128000.0,68000.0,92000.0,109000.0,703000.0,27.6,31.2
1109,DI Yogyakarta,Perkotaan,Laki-laki,18.0,Sarjana (S1),Karyawan Swasta,Belum Menikah,0.0,4400000.0,3878000,373000.0,473000.0,237000.0,394000.0,95000.0,552000.0,140000.0,220000.0,0.0,333000.0,190000.0,158000.0,28000.0,522000.0,11.9,76.2
1388,Banten,Perkotaan,Laki-laki,17.0,Tidak Sekolah,Wiraswasta,Menikah,3.0,5150000.0,3396000,311000.0,360000.0,157000.0,379000.0,37000.0,461000.0,118000.0,224000.0,255000.0,238000.0,128000.0,173000.0,0.0,1754000.0,,
83,Jawa Barat,Perkotaan,Perempuan,23.0,SMA/SMK,Wiraswasta,Belum Menikah,0.0,8650000.0,7499000,,994000.0,,853000.0,230000.0,1367000.0,270000.0,518000.0,0.0,661000.0,269000.0,143000.0,912000.0,1151000.0,13.3,64.6
1460,DKI Jakarta,Perkotaan,Perempuan,26.0,SD,,Menikah,2.0,5750000.0,4665000,599000.0,745000.0,371000.0,572000.0,133000.0,590000.0,230000.0,255000.0,327000.0,279000.0,161000.0,146000.0,1027000.0,1085000.0,18.9,49.4
677,Jawa Timur,Perkotaan,Laki-laki,26.0,SD,Karyawan Swasta,,0.0,1700000.0,1348000,184000.0,233000.0,115000.0,221000.0,16000.0,142000.0,57000.0,44000.0,0.0,59000.0,33000.0,18000.0,95000.0,352000.0,20.7,39.6
1647,Jawa Timur,Perkotaan,Perempuan,56.0,SD,Wiraswasta,Menikah,2.0,5650000.0,3979000,347000.0,391000.0,188000.0,286000.0,55000.0,,240000.0,251000.0,286000.0,410000.0,178000.0,223000.0,,1671000.0,29.6,47.5
1047,DKI Jakarta,Perkotaan,Laki-laki,32.0,SMA/SMK,Buruh/Pekerja Harian,Belum Menikah,0.0,4750000.0,3985000,451000.0,545000.0,266000.0,501000.0,71000.0,758000.0,117000.0,160000.0,0.0,239000.0,189000.0,85000.0,614000.0,765000.0,16.1,62.4
771,Jawa Timur,Perdesaan,Laki-laki,35.0,SMA/SMK,Karyawan Swasta,Menikah,,,1160000,211000.0,236000.0,76000.0,128000.0,6000.0,85000.0,28000.0,,31000.0,45000.0,32000.0,21000.0,2000.0,190000.0,,64.5
1376,Jawa Barat,Perdesaan,Laki-laki,43.0,Sarjana (S1),Karyawan Swasta,Menikah,,3900000.0,3047000,360000.0,386000.0,151000.0,215000.0,,488000.0,146000.0,125000.0,231000.0,200000.0,142000.0,134000.0,0.0,853000.0,21.9,48.9
1452,Kalimantan Timur,Perdesaan,Perempuan,34.0,SMA/SMK,Karyawan Swasta,Belum Menikah,0.0,2300000.0,2019000,204000.0,341000.0,100000.0,289000.0,54000.0,220000.0,86000.0,115000.0,0.0,147000.0,87000.0,101000.0,0.0,281000.0,12.2,63.8
1793,Kalimantan Timur,Perdesaan,Laki-laki,,SMP,Tidak Bekerja,Menikah,2.0,500000.0,451000,76000.0,74000.0,38000.0,54000.0,33000.0,45000.0,9000.0,14000.0,14000.0,27000.0,11000.0,6000.0,0.0,49000.0,9.7,28.7
1692,Jawa Barat,Perdesaan,Laki-laki,30.0,Tidak Sekolah,Wiraswasta,Menikah,1.0,2000000.0,1466000,210000.0,252000.0,80000.0,136000.0,,185000.0,52000.0,44000.0,105000.0,136000.0,35000.0,48000.0,172000.0,,26.7,43.9
405,DKI Jakarta,Perdesaan,Laki-laki,38.0,Sarjana (S1),Tidak Bekerja,Cerai/Janda/Duda,2.0,1100000.0,828000,128000.0,131000.0,67000.0,110000.0,20000.0,125000.0,28000.0,31000.0,,56000.0,22000.0,25000.0,171000.0,272000.0,24.7,72.9
1958,Jawa Timur,Perkotaan,Perempuan,43.0,SMP,Karyawan Swasta,Belum Menikah,0.0,1650000.0,1210000,180000.0,178000.0,78000.0,179000.0,29000.0,119000.0,54000.0,34000.0,0.0,,37000.0,20000.0,0.0,440000.0,26.7,40.4
1473,Bali,Perdesaan,Laki-laki,36.0,SMA/SMK,,Belum Menikah,0.0,2300000.0,1850000,258000.0,290000.0,117000.0,222000.0,,165000.0,79000.0,51000.0,0.0,,41000.0,56000.0,,450000.0,19.6,58.8
1980,Jawa Barat,Perkotaan,Laki-laki,54.0,SD,Buruh/Pekerja Harian,Belum Menikah,0.0,1400000.0,970000,129000.0,183000.0,79000.0,134000.0,58000.0,67000.0,17000.0,23000.0,,63000.0,19000.0,33000.0,128000.0,430000.0,30.7,36.2
105,Jawa Tengah,Perkotaan,Laki-laki,32.0,SMA/SMK,PNS/ASN,Menikah,2.0,3050000.0,2365000,246000.0,251000.0,,,77000.0,485000.0,117000.0,182000.0,96000.0,156000.0,136000.0,133000.0,0.0,685000.0,22.5,69.5
689,Jawa Barat,Perdesaan,Perempuan,36.0,SMA/SMK,Wiraswasta,Menikah,1.0,2550000.0,2111000,263000.0,344000.0,147000.0,216000.0,39000.0,269000.0,53000.0,100000.0,138000.0,139000.0,54000.0,102000.0,0.0,439000.0,17.2,48.9
307,Jawa Tengah,Perdesaan,Laki-laki,43.0,SD,Karyawan Swasta,Menikah,,650000.0,450000,75000.0,95000.0,48000.0,64000.0,32000.0,41000.0,10000.0,8000.0,,26000.0,12000.0,13000.0,0.0,200000.0,30.7,52.7
827,DKI Jakarta,Perkotaan,Perempuan,31.0,SMA/SMK,Karyawan Swasta,Menikah,4.0,10650000.0,8356000,604000.0,866000.0,407000.0,685000.0,9000.0,1579000.0,446000.0,361000.0,396000.0,714000.0,479000.0,405000.0,630000.0,2294000.0,21.5,60.2
1241,Jawa Tengah,Perdesaan,Perempuan,51.0,SMA/SMK,Pelajar/Mahasiswa,Belum Menikah,0.0,,654000,88000.0,128000.0,54000.0,99000.0,28000.0,66000.0,,19000.0,0.0,43000.0,16000.0,14000.0,0.0,246000.0,27.4,57.3
63,Jawa Barat,Perkotaan,Laki-laki,,Sarjana (S1),Karyawan Swasta,Menikah,,7400000.0,5875000,475000.0,579000.0,,,162000.0,1087000.0,332000.0,316000.0,215000.0,,375000.0,162000.0,297000.0,,20.6,58.7
1306,Kalimantan Timur,Perkotaan,Laki-laki,23.0,SMA/SMK,PNS/ASN,Menikah,1.0,7050000.0,4999000,415000.0,454000.0,192000.0,316000.0,1000.0,956000.0,232000.0,,181000.0,349000.0,316000.0,130000.0,0.0,2051000.0,29.1,61.5
853,DI Yogyakarta,Perdesaan,Laki-laki,24.0,Diploma,Buruh/Pekerja Harian,Belum Menikah,,1550000.0,1330000,174000.0,236000.0,74000.0,214000.0,49000.0,173000.0,49000.0,53000.0,0.0,110000.0,48000.0,55000.0,53000.0,220000.0,14.2,60.8
1801,Jawa Barat,Perkotaan,Perempuan,51.0,SMA/SMK,Buruh/Pekerja Harian,Cerai/Janda/Duda,0.0,5800000.0,4436000,330000.0,551000.0,194000.0,378000.0,22000.0,795000.0,146000.0,292000.0,,549000.0,184000.0,135000.0,0.0,1364000.0,23.5,43.4
1263,DKI Jakarta,Perdesaan,Laki-laki,45.0,SMA/SMK,Buruh/Pekerja Harian,Menikah,2.0,4200000.0,2866000,319000.0,,137000.0,,81000.0,467000.0,87000.0,132000.0,196000.0,187000.0,125000.0,171000.0,459000.0,1334000.0,31.8,45.5
224,Sumatera Selatan,Perkotaan,Laki-laki,24.0,SMA/SMK,Karyawan Swasta,Belum Menikah,0.0,3150000.0,2504000,292000.0,347000.0,,207000.0,,380000.0,,127000.0,0.0,259000.0,141000.0,59000.0,425000.0,646000.0,20.5,70.6
146,Jawa Barat,Perkotaan,Perempuan,25.0,Sarjana (S1),Karyawan Swasta,Menikah,4.0,8300000.0,7564000,504000.0,619000.0,247000.0,455000.0,164000.0,1721000.0,483000.0,498000.0,773000.0,1000000.0,483000.0,186000.0,0.0,736000.0,8.9,55.9
1089,DKI Jakarta,Perdesaan,Laki-laki,50.0,SMA/SMK,Pelajar/Mahasiswa,Belum Menikah,0.0,2600000.0,1978000,291000.0,341000.0,108000.0,207000.0,24000.0,204000.0,78000.0,60000.0,0.0,133000.0,56000.0,64000.0,172000.0,622000.0,23.9,66.8
374,Sumatera Selatan,Perkotaan,Laki-laki,50.0,SMA/SMK,Wiraswasta,Menikah,0.0,,4896000,394000.0,510000.0,210000.0,,73000.0,731000.0,180000.0,182000.0,0.0,468000.0,227000.0,272000.0,67000.0,1704000.0,25.8,80.7
1616,Banten,Perdesaan,Laki-laki,21.0,SMA/SMK,Karyawan Swasta,Menikah,1.0,3850000.0,3165000,390000.0,,238000.0,348000.0,114000.0,,127000.0,123000.0,161000.0,287000.0,99000.0,54000.0,0.0,685000.0,17.8,55.4
1143,Sumatera Selatan,Perkotaan,Laki-laki,26.0,,Wiraswasta,Belum Menikah,0.0,5500000.0,4999000,620000.0,631000.0,294000.0,401000.0,249000.0,704000.0,212000.0,147000.0,0.0,394000.0,156000.0,239000.0,629000.0,501000.0,,68.1
383,Jawa Barat,Perkotaan,Laki-laki,36.0,Tidak Sekolah,Karyawan Swasta,Menikah,2.0,1500000.0,1236000,170000.0,242000.0,115000.0,127000.0,11000.0,160000.0,41000.0,56000.0,66000.0,,53000.0,36000.0,0.0,264000.0,17.6,
1698,Jawa Timur,Perkotaan,Perempuan,54.0,SD,Pelajar/Mahasiswa,Menikah,,800000.0,548000,93000.0,116000.0,51000.0,67000.0,5000.0,41000.0,,19000.0,20000.0,22000.0,12000.0,,0.0,252000.0,,33.0
1275,Kalimantan Timur,Perdesaan,Laki-laki,35.0,Tidak Sekolah,Karyawan Swasta,Menikah,1.0,1900000.0,1529000,222000.0,251000.0,102000.0,202000.0,,174000.0,51000.0,74000.0,,105000.0,46000.0,54000.0,0.0,371000.0,19.5,31.3
1266,Bali,Perdesaan,Laki-laki,25.0,SMA/SMK,Karyawan Swasta,Cerai/Janda/Duda,0.0,3150000.0,2641000,267000.0,375000.0,208000.0,296000.0,20000.0,313000.0,129000.0,120000.0,0.0,236000.0,95000.0,93000.0,208000.0,509000.0,16.2,50.9
1815,Jawa Barat,Perkotaan,Perempuan,,Tidak Sekolah,Buruh/Pekerja Harian,Menikah,3.0,1850000.0,1578000,202000.0,262000.0,140000.0,149000.0,43000.0,227000.0,56000.0,71000.0,58000.0,75000.0,38000.0,70000.0,78000.0,272000.0,14.7,36.1
1466,DI Yogyakarta,Perkotaan,Laki-laki,35.0,SMP,Karyawan Swasta,Menikah,2.0,1850000.0,1204000,200000.0,223000.0,79000.0,152000.0,82000.0,152000.0,29000.0,42000.0,50000.0,93000.0,49000.0,18000.0,0.0,646000.0,34.9,40.4
10,Jawa Barat,Perkotaan,Perempuan,24.0,SD,Pelajar/Mahasiswa,Cerai/Janda/Duda,3.0,1100000.0,1001000,199000.0,194000.0,91000.0,193000.0,26000.0,69000.0,,35000.0,37000.0,48000.0,17000.0,22000.0,31000.0,99000.0,,53.6
450,Sulawesi Selatan,Perkotaan,Perempuan,31.0,Diploma,Buruh/Pekerja Harian,Belum Menikah,0.0,2750000.0,2102000,268000.0,368000.0,154000.0,313000.0,23000.0,319000.0,94000.0,101000.0,0.0,166000.0,81000.0,93000.0,,648000.0,23.6,79.2
709,Jawa Barat,Perdesaan,Perempuan,26.0,Diploma,Karyawan Swasta,,0.0,2850000.0,2095000,255000.0,281000.0,100000.0,162000.0,34000.0,332000.0,61000.0,99000.0,0.0,,67000.0,47000.0,0.0,755000.0,26.5,52.5
256,Kalimantan Timur,Perkotaan,Perempuan,47.0,Sarjana (S1),Karyawan Swasta,Belum Menikah,0.0,11700000.0,9058000,905000.0,933000.0,571000.0,1024000.0,112000.0,1532000.0,303000.0,498000.0,0.0,,320000.0,340000.0,0.0,2642000.0,,55.6
883,Jawa Barat,Perkotaan,Laki-laki,54.0,SMA/SMK,Karyawan Swasta,Menikah,3.0,,6697000,464000.0,,278000.0,,112000.0,1090000.0,406000.0,243000.0,493000.0,547000.0,234000.0,425000.0,197000.0,3253000.0,32.7,70.7
390,Jawa Timur,Perdesaan,Perempuan,32.0,SMA/SMK,PNS/ASN,Menikah,1.0,1300000.0,857000,,150000.0,64000.0,112000.0,50000.0,76000.0,32000.0,39000.0,50000.0,49000.0,21000.0,,0.0,443000.0,34.1,
1490,Jawa Tengah,Perdesaan,Perempuan,46.0,Sarjana (S1),Pelajar/Mahasiswa,Menikah,3.0,1050000.0,751000,127000.0,131000.0,90000.0,121000.0,15000.0,58000.0,24000.0,22000.0,22000.0,36000.0,13000.0,8000.0,108000.0,299000.0,28.5,64.0
909,Jawa Barat,Perdesaan,Laki-laki,44.0,Diploma,Karyawan Swasta,Menikah,2.0,3950000.0,2746000,279000.0,342000.0,162000.0,310000.0,71000.0,378000.0,134000.0,170000.0,132000.0,265000.0,92000.0,87000.0,720000.0,,30.5,78.3
925,Sumatera Utara,Perdesaan,Laki-laki,17.0,SMA/SMK,Karyawan Swasta,Menikah,2.0,1550000.0,1137000,118000.0,154000.0,75000.0,121000.0,48000.0,138000.0,59000.0,45000.0,48000.0,102000.0,55000.0,34000.0,274000.0,413000.0,26.6,58.8
1933,Jawa Timur,Perdesaan,Perempuan,63.0,SMA/SMK,Karyawan Swasta,Belum Menikah,0.0,1750000.0,1316000,146000.0,177000.0,83000.0,133000.0,38000.0,152000.0,60000.0,74000.0,0.0,84000.0,38000.0,54000.0,12000.0,434000.0,24.8,58.1
1394,Banten,Perkotaan,Laki-laki,32.0,SMA/SMK,Buruh/Pekerja Harian,Cerai/Janda/Duda,0.0,1950000.0,1758000,285000.0,330000.0,163000.0,286000.0,43000.0,274000.0,70000.0,49000.0,0.0,84000.0,49000.0,68000.0,87000.0,192000.0,9.8,42.3
461,Jawa Barat,Perkotaan,Laki-laki,67.0,,Buruh/Pekerja Harian,Menikah,4.0,2900000.0,2227000,333000.0,,147000.0,240000.0,134000.0,232000.0,54000.0,85000.0,,183000.0,99000.0,70000.0,0.0,673000.0,23.2,61.4
1438,Jawa Barat,Perdesaan,Perempuan,67.0,SMP,PNS/ASN,Menikah,1.0,2050000.0,1499000,208000.0,180000.0,81000.0,133000.0,52000.0,251000.0,70000.0,41000.0,93000.0,,61000.0,45000.0,141000.0,,26.9,34.4
1928,DKI Jakarta,Perkotaan,Laki-laki,23.0,SMA/SMK,Buruh/Pekerja Harian,Menikah,0.0,6100000.0,4265000,329000.0,381000.0,143000.0,363000.0,48000.0,988000.0,273000.0,290000.0,0.0,384000.0,185000.0,183000.0,0.0,1835000.0,30.1,48.6
1169,Bali,Perkotaan,Perempuan,50.0,SMA/SMK,Karyawan Swasta,Menikah,0.0,6050000.0,4003000,319000.0,414000.0,,442000.0,21000.0,556000.0,172000.0,273000.0,0.0,368000.0,166000.0,174000.0,0.0,2047000.0,33.8,37.6
959,Jawa Timur,Perdesaan,Perempuan,25.0,Pascasarjana (S2/S3),Buruh/Pekerja Harian,Belum Menikah,0.0,4300000.0,3160000,,397000.0,192000.0,329000.0,39000.0,570000.0,127000.0,114000.0,0.0,,113000.0,151000.0,,1140000.0,26.5,69.0
502,Jawa Timur,Perkotaan,Perempuan,33.0,Diploma,Karyawan Swasta,,0.0,9850000.0,8748000,,804000.0,552000.0,672000.0,234000.0,1687000.0,435000.0,362000.0,0.0,987000.0,507000.0,387000.0,0.0,1102000.0,11.2,73.6
740,Jawa Tengah,Perkotaan,Laki-laki,36.0,Diploma,Wiraswasta,Cerai/Janda/Duda,0.0,4400000.0,3466000,,341000.0,150000.0,273000.0,64000.0,538000.0,125000.0,109000.0,0.0,428000.0,211000.0,139000.0,593000.0,934000.0,,77.3
41,Kalimantan Timur,Perkotaan,Perempuan,43.0,Diploma,Pelajar/Mahasiswa,Menikah,3.0,2300000.0,1793000,237000.0,304000.0,161000.0,239000.0,45000.0,235000.0,78000.0,60000.0,54000.0,121000.0,57000.0,45000.0,0.0,507000.0,,62.3
869,Jawa Tengah,Perkotaan,Perempuan,29.0,SMA/SMK,Karyawan Swasta,Cerai/Janda/Duda,1.0,4100000.0,3528000,,489000.0,231000.0,331000.0,109000.0,434000.0,191000.0,178000.0,109000.0,389000.0,151000.0,184000.0,669000.0,572000.0,14.0,30.4
732,Sulawesi Selatan,Perdesaan,Perempuan,17.0,Diploma,Buruh/Pekerja Harian,Menikah,2.0,1650000.0,1465000,181000.0,242000.0,73000.0,149000.0,81000.0,,73000.0,88000.0,104000.0,118000.0,62000.0,68000.0,208000.0,185000.0,11.2,69.5
540,Jawa Tengah,Perkotaan,Laki-laki,47.0,SMP,Tidak Bekerja,Menikah,2.0,550000.0,426000,76000.0,77000.0,41000.0,77000.0,13000.0,32000.0,12000.0,11000.0,18000.0,30000.0,11000.0,10000.0,11000.0,124000.0,22.6,54.2
1202,Sumatera Utara,Perkotaan,Laki-laki,54.0,Diploma,PNS/ASN,Menikah,4.0,11650000.0,9994000,905000.0,1038000.0,591000.0,720000.0,279000.0,2144000.0,461000.0,550000.0,,,448000.0,429000.0,0.0,1656000.0,14.2,71.0
1340,DKI Jakarta,Perkotaan,Perempuan,21.0,SD,Karyawan Swasta,Menikah,2.0,,2254000,240000.0,332000.0,148000.0,,,246000.0,112000.0,,106000.0,204000.0,94000.0,44000.0,0.0,546000.0,19.5,44.6
698,Sumatera Utara,Perkotaan,Perempuan,31.0,SD,Pelajar/Mahasiswa,Belum Menikah,0.0,,756000,128000.0,153000.0,60000.0,98000.0,8000.0,62000.0,25000.0,16000.0,0.0,52000.0,23000.0,13000.0,35000.0,194000.0,20.4,42.4
1583,Jawa Timur,Perkotaan,Laki-laki,26.0,SMA/SMK,PNS/ASN,Belum Menikah,0.0,3650000.0,3149000,340000.0,459000.0,143000.0,361000.0,80000.0,508000.0,139000.0,133000.0,0.0,242000.0,149000.0,61000.0,529000.0,501000.0,13.7,43.2
1563,DKI Jakarta,Perdesaan,Perempuan,36.0,SMA/SMK,Karyawan Swasta,Belum Menikah,0.0,5200000.0,4771000,531000.0,727000.0,330000.0,646000.0,63000.0,725000.0,181000.0,226000.0,0.0,327000.0,193000.0,,0.0,429000.0,8.3,
375,Jawa Barat,Perkotaan,Perempuan,30.0,SMA/SMK,Buruh/Pekerja Harian,Menikah,1.0,1700000.0,1325000,164000.0,,,146000.0,21000.0,156000.0,31000.0,63000.0,40000.0,63000.0,50000.0,51000.0,173000.0,425000.0,24.3,65.6
1146,Sumatera Selatan,Perdesaan,Perempuan,17.0,SMP,Buruh/Pekerja Harian,Belum Menikah,0.0,1100000.0,731000,98000.0,156000.0,80000.0,115000.0,25000.0,83000.0,22000.0,,0.0,34000.0,15000.0,15000.0,0.0,369000.0,33.6,22.2
1032,Sumatera Selatan,Perkotaan,Laki-laki,32.0,Diploma,Karyawan Swasta,Menikah,3.0,7250000.0,6154000,422000.0,543000.0,212000.0,548000.0,70000.0,1276000.0,382000.0,474000.0,254000.0,794000.0,251000.0,342000.0,12000.0,1096000.0,15.1,53.7
373,Sulawesi Selatan,Perkotaan,Perempuan,32.0,Sarjana (S1),PNS/ASN,Menikah,2.0,9600000.0,6328000,601000.0,623000.0,296000.0,468000.0,130000.0,1003000.0,222000.0,241000.0,214000.0,590000.0,392000.0,153000.0,1408000.0,3272000.0,34.1,86.4
668,Jawa Barat,Perdesaan,Perempuan,54.0,Pascasarjana (S2/S3),Wiraswasta,Menikah,1.0,6150000.0,5644000,352000.0,474000.0,202000.0,453000.0,74000.0,1044000.0,223000.0,,234000.0,596000.0,213000.0,332000.0,890000.0,506000.0,8.2,56.8
1733,DI Yogyakarta,Perdesaan,Laki-laki,33.0,SD,Karyawan Swasta,Menikah,1.0,2350000.0,1841000,301000.0,269000.0,158000.0,292000.0,36000.0,178000.0,59000.0,95000.0,92000.0,133000.0,68000.0,27000.0,0.0,509000.0,21.6,36.9
358,Jawa Timur,Perkotaan,Perempuan,24.0,,Buruh/Pekerja Harian,Menikah,2.0,1350000.0,1228000,179000.0,230000.0,95000.0,145000.0,35000.0,135000.0,40000.0,45000.0,51000.0,59000.0,39000.0,22000.0,,122000.0,9.0,78.1
968,DKI Jakarta,Perkotaan,Perempuan,45.0,Diploma,Pelajar/Mahasiswa,Belum Menikah,0.0,1550000.0,1056000,119000.0,144000.0,87000.0,126000.0,42000.0,164000.0,43000.0,41000.0,0.0,98000.0,36000.0,19000.0,7000.0,494000.0,31.9,61.8
784,Sumatera Selatan,Perkotaan,Perempuan,17.0,Pascasarjana (S2/S3),Karyawan Swasta,Belum Menikah,0.0,6700000.0,5930000,,,184000.0,463000.0,,1459000.0,427000.0,367000.0,0.0,535000.0,258000.0,198000.0,54000.0,770000.0,11.5,57.1
736,Jawa Tengah,Perdesaan,Laki-laki,31.0,Diploma,Karyawan Swasta,Menikah,3.0,5200000.0,3956000,422000.0,421000.0,256000.0,227000.0,,724000.0,189000.0,298000.0,159000.0,478000.0,213000.0,121000.0,446000.0,1244000.0,23.9,51.0
1354,Sulawesi Selatan,Perkotaan,Laki-laki,59.0,SMA/SMK,PNS/ASN,Cerai/Janda/Duda,2.0,5800000.0,4895000,419000.0,556000.0,314000.0,462000.0,189000.0,711000.0,,,312000.0,428000.0,232000.0,118000.0,0.0,905000.0,15.6,63.7
1036,Sumatera Selatan,Perkotaan,Laki-laki,36.0,SMA/SMK,Karyawan Swasta,Menikah,2.0,2900000.0,2338000,264000.0,433000.0,135000.0,228000.0,16000.0,220000.0,53000.0,56000.0,98000.0,130000.0,59000.0,79000.0,0.0,562000.0,19.4,30.1
971,Jawa Timur,Perkotaan,Laki-laki,17.0,SMA/SMK,Wiraswasta,Menikah,3.0,7700000.0,5823000,596000.0,715000.0,299000.0,381000.0,230000.0,852000.0,196000.0,272000.0,,718000.0,306000.0,361000.0,0.0,1877000.0,24.4,59.5
1732,DKI Jakarta,Perdesaan,Perempuan,17.0,SD,Wiraswasta,Menikah,,6200000.0,4741000,390000.0,462000.0,,319000.0,58000.0,965000.0,255000.0,,379000.0,412000.0,204000.0,,0.0,,23.5,36.9
1690,Jawa Timur,Perkotaan,Perempuan,30.0,SD,Pelajar/Mahasiswa,Belum Menikah,0.0,,425000,84000.0,91000.0,46000.0,47000.0,,49000.0,9000.0,,0.0,21000.0,14000.0,9000.0,0.0,175000.0,29.2,22.7
354,Jawa Tengah,Perdesaan,Laki-laki,23.0,Diploma,Karyawan Swasta,Menikah,3.0,1950000.0,1827000,203000.0,265000.0,92000.0,188000.0,62000.0,319000.0,71000.0,100000.0,97000.0,97000.0,61000.0,65000.0,344000.0,173000.0,8.6,53.1
1794,Kalimantan Timur,Perkotaan,Laki-laki,19.0,Diploma,Tidak Bekerja,Menikah,1.0,850000.0,782000,120000.0,123000.0,44000.0,107000.0,51000.0,107000.0,19000.0,27000.0,21000.0,67000.0,23000.0,28000.0,0.0,68000.0,8.0,66.9
1731,DKI Jakarta,Perkotaan,Laki-laki,31.0,SD,Tidak Bekerja,Belum Menikah,0.0,1100000.0,901000,128000.0,203000.0,74000.0,166000.0,66000.0,110000.0,28000.0,22000.0,0.0,36000.0,25000.0,18000.0,164000.0,199000.0,18.1,49.3
1329,Sumatera Utara,Perdesaan,Perempuan,31.0,SD,Pelajar/Mahasiswa,,4.0,500000.0,342000,47000.0,63000.0,34000.0,42000.0,22000.0,33000.0,12000.0,14000.0,11000.0,14000.0,9000.0,5000.0,95000.0,158000.0,31.6,50.5
1533,Sumatera Utara,Perkotaan,Laki-laki,32.0,SMA/SMK,Karyawan Swasta,Menikah,0.0,4100000.0,3237000,396000.0,487000.0,252000.0,371000.0,141000.0,454000.0,116000.0,183000.0,0.0,317000.0,97000.0,115000.0,69000.0,863000.0,21.0,58.1
1826,Jawa Timur,Perkotaan,Perempuan,30.0,SD,Buruh/Pekerja Harian,Menikah,1.0,,928000,130000.0,174000.0,77000.0,94000.0,33000.0,120000.0,25000.0,36000.0,27000.0,,26000.0,22000.0,101000.0,,15.6,38.4
1938,Banten,Perkotaan,Perempuan,37.0,SD,Karyawan Swasta,Menikah,3.0,4000000.0,2736000,375000.0,433000.0,187000.0,,69000.0,333000.0,120000.0,93000.0,,177000.0,,70000.0,0.0,1264000.0,31.6,60.2
1253,DI Yogyakarta,Perdesaan,Perempuan,26.0,Tidak Sekolah,Wiraswasta,Menikah,3.0,1350000.0,1176000,178000.0,,83000.0,159000.0,39000.0,115000.0,29000.0,55000.0,35000.0,62000.0,48000.0,38000.0,129000.0,174000.0,12.9,63.2
1920,Jawa Timur,Perdesaan,Laki-laki,46.0,Tidak Sekolah,Wiraswasta,Menikah,3.0,,2954000,413000.0,366000.0,210000.0,215000.0,35000.0,464000.0,82000.0,,124000.0,248000.0,80000.0,100000.0,318000.0,996000.0,25.2,37.2
1945,Jawa Timur,Perkotaan,Perempuan,27.0,SD,Wiraswasta,Menikah,4.0,4150000.0,3444000,326000.0,384000.0,218000.0,412000.0,104000.0,525000.0,155000.0,163000.0,126000.0,343000.0,151000.0,114000.0,200000.0,706000.0,17.0,67.9
1237,Jawa Barat,Perdesaan,Perempuan,52.0,SMA/SMK,Tidak Bekerja,Menikah,1.0,650000.0,540000,95000.0,88000.0,46000.0,55000.0,11000.0,64000.0,11000.0,20000.0,30000.0,42000.0,13000.0,,12000.0,110000.0,,61.9
886,DI Yogyakarta,Perdesaan,Perempuan,51.0,SMA/SMK,Karyawan Swasta,Menikah,3.0,1400000.0,1089000,151000.0,,85000.0,,37000.0,159000.0,28000.0,47000.0,52000.0,83000.0,27000.0,,237000.0,311000.0,22.2,50.5
80,Jawa Tengah,Perkotaan,Laki-laki,39.0,SMP,Karyawan Swasta,Menikah,2.0,1950000.0,1648000,191000.0,297000.0,133000.0,150000.0,,197000.0,42000.0,84000.0,97000.0,121000.0,53000.0,42000.0,213000.0,302000.0,15.5,45.4
1173,Sumatera Selatan,Perdesaan,Laki-laki,26.0,SMA/SMK,Karyawan Swasta,Menikah,4.0,1600000.0,1288000,179000.0,203000.0,102000.0,165000.0,22000.0,228000.0,66000.0,58000.0,58000.0,,46000.0,31000.0,180000.0,312000.0,19.5,
815,Jawa Barat,Perdesaan,Perempuan,41.0,SMA/SMK,Pelajar/Mahasiswa,Menikah,4.0,1450000.0,1073000,183000.0,170000.0,,145000.0,71000.0,108000.0,37000.0,36000.0,49000.0,65000.0,42000.0,34000.0,0.0,377000.0,26.0,49.5
1457,Jawa Tengah,Perdesaan,Perempuan,44.0,Diploma,Buruh/Pekerja Harian,Menikah,,2250000.0,1481000,245000.0,272000.0,126000.0,,60000.0,138000.0,,46000.0,58000.0,97000.0,59000.0,43000.0,0.0,769000.0,34.2,62.2
672,Jawa Tengah,Perkotaan,Perempuan,19.0,SMP,Wiraswasta,Menikah,1.0,5100000.0,4430000,406000.0,612000.0,262000.0,436000.0,190000.0,846000.0,210000.0,,245000.0,406000.0,139000.0,95000.0,61000.0,670000.0,13.1,65.7
1739,Nusa Tenggara Barat,Perdesaan,Perempuan,,SMA/SMK,Buruh/Pekerja Harian,Belum Menikah,0.0,,963000,143000.0,218000.0,85000.0,,20000.0,62000.0,16000.0,28000.0,0.0,56000.0,22000.0,22000.0,89000.0,287000.0,22.9,37.3
58,Sumatera Selatan,Perkotaan,Perempuan,51.0,Tidak Sekolah,Karyawan Swasta,Menikah,2.0,1600000.0,1143000,138000.0,158000.0,61000.0,140000.0,,165000.0,41000.0,43000.0,77000.0,85000.0,42000.0,18000.0,0.0,457000.0,28.6,63.3
134,DKI Jakarta,Perkotaan,Laki-laki,28.0,Diploma,Wiraswasta,Menikah,2.0,16850000.0,11130000,1150000.0,1265000.0,588000.0,988000.0,421000.0,2038000.0,559000.0,844000.0,889000.0,1020000.0,604000.0,,0.0,5720000.0,33.9,78.6
1141,DKI Jakarta,Perkotaan,Laki-laki,38.0,SMA/SMK,Wiraswasta,Menikah,3.0,8450000.0,6912000,501000.0,669000.0,230000.0,309000.0,152000.0,1546000.0,319000.0,447000.0,278000.0,974000.0,276000.0,173000.0,,1538000.0,18.2,47.1
934,DI Yogyakarta,Perkotaan,Laki-laki,33.0,SMA/SMK,Pelajar/Mahasiswa,Menikah,2.0,,1018000,135000.0,186000.0,83000.0,118000.0,12000.0,99000.0,30000.0,,26000.0,78000.0,31000.0,14000.0,17000.0,,24.6,58.8
1909,Jawa Tengah,Perkotaan,Laki-laki,47.0,SMA/SMK,PNS/ASN,Menikah,2.0,,4796000,470000.0,,305000.0,389000.0,158000.0,786000.0,149000.0,232000.0,192000.0,416000.0,196000.0,131000.0,,1354000.0,22.0,68.7
824,Jawa Barat,Perkotaan,Laki-laki,,SMP,Pelajar/Mahasiswa,Menikah,2.0,3650000.0,2560000,335000.0,380000.0,184000.0,190000.0,3000.0,403000.0,130000.0,127000.0,99000.0,152000.0,119000.0,112000.0,0.0,1090000.0,29.9,31.1
1433,DKI Jakarta,Perdesaan,Perempuan,17.0,SD,Wiraswasta,Menikah,2.0,3300000.0,2295000,224000.0,238000.0,155000.0,144000.0,42000.0,296000.0,122000.0,99000.0,84000.0,211000.0,132000.0,129000.0,0.0,1005000.0,30.5,39.7
1550,Jawa Tengah,Perkotaan,Perempuan,49.0,SD,Tidak Bekerja,Belum Menikah,0.0,550000.0,417000,54000.0,64000.0,29000.0,68000.0,3000.0,61000.0,,17000.0,0.0,,17000.0,7000.0,12000.0,133000.0,24.1,60.6
1215,Kalimantan Timur,Perkotaan,Laki-laki,49.0,SMA/SMK,Wiraswasta,Cerai/Janda/Duda,1.0,13050000.0,9355000,623000.0,905000.0,372000.0,679000.0,73000.0,2080000.0,638000.0,463000.0,857000.0,1196000.0,637000.0,345000.0,597000.0,3695000.0,28.3,75.2
505,Jawa Timur,Perkotaan,Laki-laki,23.0,SMA/SMK,Karyawan Swasta,Menikah,1.0,2750000.0,2179000,237000.0,362000.0,114000.0,232000.0,109000.0,,72000.0,88000.0,134000.0,219000.0,105000.0,60000.0,,571000.0,20.7,52.6
1293,Jawa Timur,Perdesaan,Perempuan,39.0,SD,Karyawan Swasta,Belum Menikah,0.0,2050000.0,1744000,290000.0,292000.0,174000.0,218000.0,24000.0,167000.0,75000.0,55000.0,0.0,87000.0,38000.0,38000.0,224000.0,356000.0,17.0,47.7
348,Jawa Tengah,Perkotaan,Perempuan,26.0,SMA/SMK,Karyawan Swasta,Menikah,3.0,5700000.0,4184000,387000.0,511000.0,307000.0,548000.0,109000.0,471000.0,133000.0,170000.0,252000.0,252000.0,,130000.0,890000.0,1516000.0,26.6,68.9
387,Sumatera Utara,Perkotaan,Perempuan,46.0,Tidak Sekolah,Karyawan Swasta,Menikah,1.0,3000000.0,2693000,272000.0,381000.0,,199000.0,,388000.0,148000.0,88000.0,172000.0,226000.0,151000.0,60000.0,0.0,307000.0,10.2,43.9
1025,DKI Jakarta,Perkotaan,Perempuan,17.0,SMP,Karyawan Swasta,Menikah,1.0,7050000.0,4787000,564000.0,631000.0,253000.0,493000.0,152000.0,672000.0,194000.0,249000.0,330000.0,447000.0,,177000.0,0.0,,32.1,62.1
1385,Jawa Barat,Perdesaan,Laki-laki,44.0,SMA/SMK,Karyawan Swasta,Belum Menikah,0.0,2900000.0,1898000,259000.0,356000.0,181000.0,240000.0,30000.0,237000.0,52000.0,,0.0,148000.0,47000.0,25000.0,0.0,1002000.0,,75.3
895,Jawa Barat,Perkotaan,Laki-laki,36.0,Diploma,Wiraswasta,Belum Menikah,0.0,8050000.0,7331000,619000.0,901000.0,471000.0,649000.0,109000.0,1228000.0,342000.0,353000.0,0.0,872000.0,394000.0,212000.0,1109000.0,719000.0,8.9,58.2
829,Nusa Tenggara Barat,Perdesaan,Perempuan,25.0,SD,Buruh/Pekerja Harian,Menikah,1.0,1050000.0,784000,139000.0,150000.0,67000.0,,51000.0,87000.0,30000.0,25000.0,23000.0,39000.0,26000.0,21000.0,144000.0,266000.0,25.3,23.2
1834,Jawa Tengah,Perdesaan,Laki-laki,32.0,SMA/SMK,Karyawan Swasta,Menikah,1.0,1200000.0,889000,137000.0,181000.0,65000.0,159000.0,51000.0,91000.0,18000.0,31000.0,16000.0,57000.0,21000.0,12000.0,0.0,311000.0,25.9,51.1
476,Jawa Barat,Perkotaan,Perempuan,32.0,SMP,Buruh/Pekerja Harian,Belum Menikah,0.0,1100000.0,898000,132000.0,183000.0,94000.0,129000.0,28000.0,102000.0,31000.0,21000.0,0.0,50000.0,20000.0,13000.0,0.0,202000.0,18.3,56.7
1670,Bali,Perdesaan,Perempuan,53.0,Sarjana (S1),Karyawan Swasta,Menikah,1.0,3200000.0,2908000,249000.0,,174000.0,220000.0,62000.0,394000.0,171000.0,210000.0,220000.0,329000.0,96000.0,101000.0,0.0,292000.0,9.1,81.7
1643,Sumatera Selatan,Perdesaan,Laki-laki,23.0,SMA/SMK,Wiraswasta,Belum Menikah,0.0,4200000.0,3512000,449000.0,477000.0,227000.0,378000.0,51000.0,614000.0,163000.0,213000.0,0.0,346000.0,,81000.0,308000.0,688000.0,16.4,51.5
1587,Jawa Barat,Perkotaan,Laki-laki,33.0,SMA/SMK,Karyawan Swasta,Menikah,2.0,8800000.0,7529000,491000.0,682000.0,347000.0,521000.0,52000.0,1261000.0,335000.0,615000.0,425000.0,621000.0,,306000.0,0.0,1271000.0,,84.2
653,Jawa Timur,Perkotaan,Perempuan,50.0,,Pelajar/Mahasiswa,Menikah,0.0,1100000.0,925000,,170000.0,72000.0,,4000.0,94000.0,22000.0,28000.0,0.0,51000.0,25000.0,,97000.0,175000.0,15.9,72.2
173,Jawa Timur,Perkotaan,Laki-laki,22.0,SD,Pelajar/Mahasiswa,Menikah,3.0,750000.0,567000,76000.0,88000.0,39000.0,91000.0,28000.0,64000.0,17000.0,26000.0,13000.0,29000.0,15000.0,19000.0,36000.0,183000.0,24.4,45.2
1150,Banten,Perkotaan,Laki-laki,36.0,Pascasarjana (S2/S3),PNS/ASN,Menikah,1.0,,7834000,503000.0,801000.0,307000.0,670000.0,287000.0,,306000.0,,682000.0,621000.0,342000.0,240000.0,0.0,766000.0,8.9,56.5
39,Banten,Perkotaan,Laki-laki,34.0,SD,Wiraswasta,Menikah,3.0,7100000.0,5878000,587000.0,730000.0,262000.0,487000.0,58000.0,1287000.0,359000.0,195000.0,446000.0,712000.0,218000.0,258000.0,48000.0,1222000.0,,31.7
714,Sumatera Utara,Perdesaan,Laki-laki,31.0,SMA/SMK,Karyawan Swasta,Menikah,1.0,1250000.0,921000,113000.0,179000.0,65000.0,104000.0,53000.0,119000.0,34000.0,38000.0,58000.0,48000.0,40000.0,35000.0,166000.0,329000.0,26.3,68.6
91,DKI Jakarta,Perkotaan,Laki-laki,17.0,Sarjana (S1),Buruh/Pekerja Harian,Menikah,1.0,3400000.0,3087000,398000.0,353000.0,213000.0,222000.0,44000.0,350000.0,134000.0,164000.0,103000.0,232000.0,122000.0,94000.0,0.0,313000.0,9.2,87.9
167,Sulawesi Selatan,Perkotaan,Laki-laki,26.0,SMA/SMK,Karyawan Swasta,Menikah,4.0,8850000.0,8033000,600000.0,,413000.0,662000.0,134000.0,1315000.0,295000.0,406000.0,347000.0,909000.0,317000.0,179000.0,1054000.0,817000.0,9.2,60.2
1206,Kalimantan Timur,Perkotaan,Laki-laki,31.0,SMA/SMK,Tidak Bekerja,Menikah,3.0,1550000.0,1389000,164000.0,214000.0,91000.0,146000.0,45000.0,179000.0,63000.0,67000.0,84000.0,87000.0,70000.0,54000.0,0.0,161000.0,10.4,59.6
876,Banten,Perdesaan,Perempuan,36.0,SMP,Buruh/Pekerja Harian,Cerai/Janda/Duda,0.0,,1056000,184000.0,222000.0,114000.0,142000.0,51000.0,104000.0,27000.0,32000.0,0.0,70000.0,30000.0,35000.0,5000.0,144000.0,,44.8
1976,Jawa Barat,Perdesaan,Laki-laki,42.0,Sarjana (S1),PNS/ASN,Menikah,2.0,4700000.0,4286000,466000.0,,211000.0,391000.0,,617000.0,198000.0,308000.0,185000.0,321000.0,161000.0,221000.0,362000.0,414000.0,8.8,
1108,Bali,Perkotaan,Laki-laki,33.0,SMP,Karyawan Swasta,Menikah,1.0,9650000.0,8123000,657000.0,779000.0,,536000.0,30000.0,1436000.0,341000.0,530000.0,,1018000.0,452000.0,175000.0,1086000.0,1527000.0,15.8,47.0
1885,Kalimantan Timur,Perdesaan,Laki-laki,24.0,SMA/SMK,PNS/ASN,Menikah,1.0,1750000.0,1280000,156000.0,244000.0,87000.0,201000.0,26000.0,188000.0,34000.0,30000.0,79000.0,64000.0,54000.0,48000.0,0.0,470000.0,26.9,43.4
1094,Jawa Barat,Perkotaan,Perempuan,34.0,SD,Wiraswasta,Cerai/Janda/Duda,2.0,4750000.0,4305000,474000.0,434000.0,244000.0,438000.0,44000.0,620000.0,137000.0,214000.0,380000.0,517000.0,153000.0,120000.0,0.0,445000.0,9.4,39.5
1156,Sumatera Selatan,Perkotaan,Laki-laki,38.0,SMA/SMK,Pelajar/Mahasiswa,Menikah,1.0,1500000.0,1016000,134000.0,172000.0,76000.0,136000.0,53000.0,143000.0,38000.0,52000.0,66000.0,,28000.0,41000.0,0.0,,32.3,47.7
1325,Jawa Barat,Perkotaan,Laki-laki,48.0,SD,Pelajar/Mahasiswa,Menikah,3.0,1150000.0,898000,142000.0,180000.0,92000.0,88000.0,59000.0,120000.0,28000.0,22000.0,,54000.0,32000.0,31000.0,0.0,252000.0,21.9,40.1
1547,Sumatera Utara,Perkotaan,Laki-laki,47.0,SMP,Karyawan Swasta,Belum Menikah,0.0,7100000.0,4998000,400000.0,499000.0,262000.0,384000.0,128000.0,1003000.0,342000.0,235000.0,0.0,436000.0,194000.0,220000.0,0.0,2102000.0,29.6,43.1
1351,Sumatera Selatan,Perkotaan,Perempuan,40.0,SMA/SMK,Buruh/Pekerja Harian,Belum Menikah,0.0,2550000.0,1728000,187000.0,240000.0,116000.0,143000.0,,199000.0,,43000.0,0.0,98000.0,56000.0,46000.0,0.0,822000.0,32.2,46.7
511,DKI Jakarta,Perkotaan,Laki-laki,27.0,SMP,Buruh/Pekerja Harian,Menikah,2.0,2300000.0,2060000,306000.0,276000.0,121000.0,236000.0,,273000.0,81000.0,89000.0,86000.0,159000.0,101000.0,46000.0,20000.0,240000.0,10.5,45.7
500,DKI Jakarta,Perkotaan,Laki-laki,43.0,Diploma,Pelajar/Mahasiswa,Menikah,2.0,3100000.0,2527000,273000.0,251000.0,150000.0,143000.0,42000.0,345000.0,108000.0,99000.0,139000.0,226000.0,104000.0,121000.0,248000.0,573000.0,18.5,48.9
1805,Jawa Barat,Perdesaan,Perempuan,20.0,Diploma,Buruh/Pekerja Harian,Belum Menikah,0.0,2450000.0,2094000,236000.0,320000.0,118000.0,212000.0,28000.0,280000.0,58000.0,78000.0,0.0,129000.0,89000.0,80000.0,0.0,356000.0,14.5,52.2
1823,Jawa Barat,Perdesaan,Laki-laki,25.0,SMP,,Menikah,4.0,2050000.0,1374000,198000.0,210000.0,113000.0,,63000.0,230000.0,41000.0,44000.0,57000.0,87000.0,71000.0,,330000.0,676000.0,33.0,58.4
339,Banten,Perdesaan,Perempuan,17.0,SMP,Wiraswasta,Menikah,2.0,2800000.0,2363000,242000.0,294000.0,145000.0,201000.0,76000.0,325000.0,92000.0,111000.0,89000.0,147000.0,120000.0,77000.0,,437000.0,15.6,39.7
1454,DKI Jakarta,Perkotaan,Perempuan,48.0,Tidak Sekolah,Wiraswasta,Cerai/Janda/Duda,2.0,4600000.0,3478000,424000.0,,190000.0,246000.0,156000.0,654000.0,155000.0,155000.0,194000.0,390000.0,121000.0,177000.0,0.0,1122000.0,24.4,40.1
1189,Sumatera Utara,Perkotaan,Perempuan,32.0,Tidak Sekolah,Buruh/Pekerja Harian,Menikah,2.0,1500000.0,1285000,218000.0,252000.0,102000.0,194000.0,59000.0,177000.0,49000.0,33000.0,40000.0,,50000.0,,0.0,215000.0,14.3,59.3
29,Kalimantan Timur,Perkotaan,Perempuan,17.0,SMA/SMK,Karyawan Swasta,Menikah,2.0,3800000.0,3393000,308000.0,393000.0,223000.0,314000.0,18000.0,717000.0,171000.0,154000.0,134000.0,377000.0,170000.0,142000.0,599000.0,407000.0,10.7,52.2
1218,Jawa Barat,Perkotaan,Laki-laki,28.0,SMP,Karyawan Swasta,Menikah,3.0,6000000.0,4380000,385000.0,543000.0,198000.0,480000.0,107000.0,,240000.0,194000.0,396000.0,536000.0,225000.0,103000.0,0.0,1620000.0,,57.8
1504,DKI Jakarta,Perkotaan,Perempuan,33.0,SMP,PNS/ASN,Menikah,4.0,,4129000,425000.0,,209000.0,353000.0,164000.0,568000.0,156000.0,217000.0,230000.0,398000.0,243000.0,238000.0,0.0,2121000.0,33.9,38.2
795,Jawa Timur,Perdesaan,Perempuan,35.0,SMA/SMK,Wiraswasta,Menikah,1.0,3700000.0,2791000,287000.0,355000.0,129000.0,239000.0,9000.0,561000.0,90000.0,110000.0,225000.0,240000.0,92000.0,92000.0,,909000.0,24.6,68.8
946,Banten,Perdesaan,Laki-laki,24.0,Diploma,PNS/ASN,Menikah,2.0,6000000.0,4007000,309000.0,294000.0,127000.0,328000.0,95000.0,689000.0,231000.0,254000.0,390000.0,502000.0,266000.0,130000.0,48000.0,1993000.0,33.2,
1673,DKI Jakarta,Perkotaan,Laki-laki,32.0,SD,Wiraswasta,Belum Menikah,0.0,,3965000,467000.0,,216000.0,474000.0,37000.0,745000.0,179000.0,169000.0,0.0,251000.0,135000.0,209000.0,277000.0,1885000.0,32.2,32.9
170,DKI Jakarta,Perdesaan,Perempuan,17.0,SMA/SMK,PNS/ASN,Menikah,2.0,6050000.0,4910000,436000.0,624000.0,259000.0,435000.0,48000.0,912000.0,244000.0,195000.0,174000.0,498000.0,274000.0,207000.0,,1140000.0,18.8,65.9
1847,Banten,Perkotaan,Perempuan,23.0,SMA/SMK,Wiraswasta,Menikah,1.0,5000000.0,3486000,437000.0,429000.0,257000.0,272000.0,46000.0,543000.0,117000.0,159000.0,114000.0,220000.0,158000.0,59000.0,0.0,1514000.0,30.3,54.4
1198,Sumatera Utara,Perdesaan,Laki-laki,53.0,SMP,Pelajar/Mahasiswa,Belum Menikah,0.0,900000.0,640000,93000.0,132000.0,48000.0,104000.0,25000.0,57000.0,14000.0,26000.0,0.0,34000.0,17000.0,21000.0,172000.0,260000.0,28.9,51.1
1254,Bali,Perkotaan,Laki-laki,50.0,SD,,Menikah,1.0,1400000.0,1270000,204000.0,191000.0,92000.0,115000.0,65000.0,137000.0,51000.0,52000.0,52000.0,92000.0,43000.0,24000.0,156000.0,130000.0,9.3,39.1
1589,Jawa Barat,Perkotaan,Laki-laki,34.0,Sarjana (S1),Karyawan Swasta,Belum Menikah,,9650000.0,7564000,839000.0,743000.0,503000.0,616000.0,54000.0,1411000.0,419000.0,249000.0,0.0,927000.0,396000.0,245000.0,0.0,,21.6,53.6
913,Jawa Tengah,Perdesaan,Laki-laki,38.0,Sarjana (S1),Wiraswasta,Menikah,4.0,9400000.0,8080000,601000.0,786000.0,517000.0,738000.0,196000.0,1319000.0,270000.0,392000.0,517000.0,627000.0,303000.0,339000.0,451000.0,1320000.0,14.0,75.1
492,Kalimantan Timur,Perdesaan,Laki-laki,37.0,Tidak Sekolah,Karyawan Swasta,Belum Menikah,,2100000.0,1442000,143000.0,208000.0,105000.0,185000.0,75000.0,179000.0,51000.0,52000.0,0.0,106000.0,74000.0,55000.0,206000.0,658000.0,31.3,48.0
954,Jawa Timur,Perkotaan,Laki-laki,46.0,SMA/SMK,Buruh/Pekerja Harian,Menikah,2.0,2050000.0,1809000,216000.0,280000.0,175000.0,291000.0,26000.0,174000.0,53000.0,65000.0,78000.0,134000.0,79000.0,44000.0,38000.0,241000.0,11.7,66.6
1098,Sulawesi Selatan,Perkotaan,Perempuan,32.0,SMP,Wiraswasta,Belum Menikah,0.0,6800000.0,4865000,382000.0,384000.0,215000.0,234000.0,,953000.0,192000.0,328000.0,0.0,498000.0,209000.0,188000.0,0.0,1935000.0,28.5,50.4
1033,Jawa Barat,Perkotaan,Laki-laki,32.0,Sarjana (S1),Wiraswasta,Cerai/Janda/Duda,2.0,14300000.0,9700000,,960000.0,,884000.0,316000.0,1249000.0,465000.0,544000.0,,911000.0,520000.0,205000.0,1649000.0,4600000.0,32.2,64.0
588,Sulawesi Selatan,Perkotaan,Laki-laki,37.0,,Karyawan Swasta,Menikah,3.0,5100000.0,4547000,409000.0,616000.0,289000.0,309000.0,122000.0,746000.0,,177000.0,292000.0,,238000.0,138000.0,0.0,553000.0,10.9,51.7
751,Bali,Perkotaan,Laki-laki,35.0,SD,Karyawan Swasta,Belum Menikah,0.0,3250000.0,2631000,353000.0,387000.0,216000.0,275000.0,93000.0,406000.0,105000.0,155000.0,0.0,233000.0,128000.0,120000.0,,,19.0,31.1
658,Bali,Perdesaan,Perempuan,28.0,SD,Buruh/Pekerja Harian,Menikah,2.0,1100000.0,900000,139000.0,160000.0,62000.0,105000.0,33000.0,,19000.0,33000.0,30000.0,51000.0,15000.0,17000.0,0.0,200000.0,18.2,38.5
235,DKI Jakarta,Perdesaan,Laki-laki,33.0,SD,,Belum Menikah,0.0,8050000.0,6565000,539000.0,866000.0,354000.0,402000.0,188000.0,967000.0,367000.0,436000.0,0.0,804000.0,305000.0,251000.0,213000.0,1485000.0,18.4,63.7
733,Nusa Tenggara Barat,Perdesaan,Perempuan,17.0,Diploma,Karyawan Swasta,Cerai/Janda/Duda,1.0,1600000.0,1159000,151000.0,150000.0,66000.0,153000.0,13000.0,135000.0,51000.0,32000.0,54000.0,59000.0,39000.0,45000.0,0.0,441000.0,27.6,51.7
863,Jawa Barat,Perkotaan,Perempuan,31.0,SMA/SMK,Karyawan Swasta,Belum Menikah,0.0,3400000.0,2326000,238000.0,265000.0,88000.0,175000.0,28000.0,426000.0,113000.0,124000.0,0.0,195000.0,85000.0,122000.0,642000.0,1074000.0,31.6,67.9
1850,Jawa Barat,Perkotaan,Perempuan,27.0,SMP,Pelajar/Mahasiswa,Belum Menikah,0.0,550000.0,505000,79000.0,98000.0,56000.0,100000.0,28000.0,50000.0,8000.0,14000.0,,26000.0,9000.0,13000.0,99000.0,45000.0,8.3,44.1
1157,Sulawesi Selatan,Perkotaan,Perempuan,51.0,SMA/SMK,Pelajar/Mahasiswa,Belum Menikah,0.0,,1062000,151000.0,152000.0,79000.0,130000.0,54000.0,164000.0,43000.0,55000.0,0.0,96000.0,32000.0,21000.0,0.0,,33.6,57.2
1669,Banten,Perdesaan,Laki-laki,21.0,SMA/SMK,Karyawan Swasta,Belum Menikah,0.0,1750000.0,1528000,180000.0,219000.0,103000.0,197000.0,43000.0,166000.0,47000.0,49000.0,0.0,117000.0,40000.0,39000.0,124000.0,222000.0,12.7,43.0
1620,Jawa Tengah,Perdesaan,Perempuan,42.0,Diploma,Wiraswasta,Menikah,,2550000.0,1912000,280000.0,319000.0,151000.0,278000.0,80000.0,201000.0,,92000.0,117000.0,99000.0,56000.0,42000.0,104000.0,638000.0,25.0,62.0
1993,DI Yogyakarta,Perkotaan,Laki-laki,31.0,SMA/SMK,Wiraswasta,Belum Menikah,0.0,5750000.0,4450000,466000.0,494000.0,263000.0,377000.0,63000.0,751000.0,150000.0,295000.0,0.0,505000.0,217000.0,134000.0,692000.0,1300000.0,22.6,39.3
935,Sumatera Utara,Perdesaan,Perempuan,30.0,Diploma,Karyawan Swasta,Menikah,4.0,2950000.0,2688000,289000.0,412000.0,145000.0,,13000.0,295000.0,82000.0,133000.0,86000.0,241000.0,,42000.0,0.0,262000.0,8.9,60.8
1210,DI Yogyakarta,Perkotaan,Laki-laki,54.0,Sarjana (S1),PNS/ASN,Cerai/Janda/Duda,0.0,6200000.0,4943000,512000.0,495000.0,287000.0,538000.0,41000.0,943000.0,156000.0,349000.0,0.0,602000.0,205000.0,114000.0,37000.0,1257000.0,20.3,86.0
1066,Jawa Barat,Perkotaan,Perempuan,50.0,SMA/SMK,PNS/ASN,Menikah,4.0,7000000.0,5898000,357000.0,398000.0,237000.0,402000.0,20000.0,911000.0,295000.0,415000.0,572000.0,683000.0,349000.0,380000.0,,,15.7,41.3
109,Bali,Perdesaan,Perempuan,35.0,SMP,PNS/ASN,Menikah,0.0,3350000.0,3065000,289000.0,435000.0,228000.0,385000.0,152000.0,485000.0,172000.0,180000.0,,203000.0,129000.0,140000.0,0.0,285000.0,,56.4
1751,Jawa Barat,Perkotaan,Laki-laki,29.0,Sarjana (S1),Pelajar/Mahasiswa,Menikah,1.0,3450000.0,2740000,338000.0,,183000.0,323000.0,111000.0,526000.0,81000.0,113000.0,149000.0,200000.0,100000.0,65000.0,627000.0,710000.0,20.6,
569,Kalimantan Timur,Perdesaan,Perempuan,47.0,SMP,PNS/ASN,Menikah,2.0,3250000.0,2416000,267000.0,,154000.0,256000.0,45000.0,312000.0,107000.0,75000.0,178000.0,230000.0,77000.0,101000.0,120000.0,834000.0,25.6,32.1
1168,Jawa Barat,Perkotaan,Perempuan,26.0,SD,Pelajar/Mahasiswa,Menikah,4.0,1200000.0,793000,92000.0,134000.0,48000.0,103000.0,,85000.0,28000.0,21000.0,43000.0,,33000.0,19000.0,138000.0,,33.9,44.2
1175,Kalimantan Timur,Perkotaan,Perempuan,,SMA/SMK,Buruh/Pekerja Harian,Belum Menikah,0.0,3750000.0,3014000,306000.0,308000.0,131000.0,200000.0,38000.0,426000.0,157000.0,162000.0,0.0,318000.0,96000.0,115000.0,0.0,736000.0,19.6,63.2
1508,Nusa Tenggara Barat,Perkotaan,Laki-laki,33.0,SMP,Karyawan Swasta,Menikah,2.0,3750000.0,3232000,352000.0,383000.0,215000.0,331000.0,88000.0,,160000.0,173000.0,171000.0,376000.0,112000.0,126000.0,416000.0,518000.0,13.8,56.8
1493,Sumatera Utara,Perkotaan,Perempuan,38.0,Sarjana (S1),Wiraswasta,Belum Menikah,0.0,10450000.0,8033000,558000.0,829000.0,423000.0,423000.0,208000.0,1564000.0,304000.0,421000.0,0.0,1031000.0,495000.0,308000.0,0.0,2417000.0,23.1,73.5
891,Kalimantan Timur,Perdesaan,Perempuan,31.0,SMA/SMK,Karyawan Swasta,Menikah,1.0,,2585000,320000.0,351000.0,131000.0,224000.0,114000.0,,113000.0,,124000.0,190000.0,108000.0,66000.0,0.0,865000.0,25.1,50.7
948,DKI Jakarta,Perkotaan,Laki-laki,50.0,SD,PNS/ASN,Belum Menikah,0.0,6150000.0,5331000,585000.0,695000.0,354000.0,420000.0,60000.0,1049000.0,217000.0,356000.0,0.0,513000.0,300000.0,165000.0,694000.0,819000.0,13.3,43.0
1049,Sumatera Utara,Perdesaan,Laki-laki,32.0,Diploma,Karyawan Swasta,Menikah,0.0,4150000.0,3609000,360000.0,,255000.0,478000.0,14000.0,488000.0,158000.0,109000.0,0.0,281000.0,136000.0,85000.0,0.0,541000.0,13.0,59.9
1916,Jawa Tengah,Perkotaan,Laki-laki,30.0,SMP,Wiraswasta,Menikah,4.0,7100000.0,5023000,508000.0,459000.0,241000.0,330000.0,114000.0,796000.0,280000.0,376000.0,393000.0,440000.0,260000.0,300000.0,0.0,2077000.0,,47.5
1557,DI Yogyakarta,Perkotaan,Laki-laki,47.0,SMP,Wiraswasta,Belum Menikah,0.0,5800000.0,3861000,448000.0,558000.0,300000.0,309000.0,97000.0,496000.0,133000.0,211000.0,0.0,203000.0,177000.0,,727000.0,1939000.0,33.4,35.0
1642,Jawa Timur,Perdesaan,Perempuan,36.0,Sarjana (S1),Karyawan Swasta,Belum Menikah,0.0,4450000.0,3059000,292000.0,387000.0,230000.0,262000.0,24000.0,489000.0,117000.0,160000.0,0.0,261000.0,150000.0,167000.0,0.0,1391000.0,31.3,55.9
885,Sulawesi Selatan,Perkotaan,Perempuan,34.0,SMA/SMK,Buruh/Pekerja Harian,Menikah,1.0,3450000.0,2489000,193000.0,253000.0,109000.0,222000.0,,480000.0,153000.0,166000.0,195000.0,224000.0,105000.0,,,961000.0,27.8,58.6
1895,Bali,Perkotaan,Laki-laki,48.0,SMA/SMK,Buruh/Pekerja Harian,Menikah,2.0,3150000.0,2219000,196000.0,253000.0,141000.0,236000.0,17000.0,385000.0,96000.0,122000.0,156000.0,174000.0,131000.0,130000.0,,931000.0,29.6,44.8
1420,Jawa Barat,Perkotaan,Perempuan,42.0,,Pelajar/Mahasiswa,Menikah,1.0,650000.0,568000,77000.0,96000.0,36000.0,51000.0,14000.0,69000.0,22000.0,21000.0,32000.0,28000.0,13000.0,10000.0,99000.0,82000.0,12.6,48.4
851,DKI Jakarta,Perkotaan,Perempuan,44.0,SD,Pelajar/Mahasiswa,Belum Menikah,0.0,2000000.0,1763000,271000.0,330000.0,108000.0,159000.0,12000.0,159000.0,58000.0,48000.0,0.0,138000.0,54000.0,59000.0,128000.0,237000.0,11.8,35.7
1408,Jawa Barat,Perkotaan,Laki-laki,43.0,SMA/SMK,PNS/ASN,Belum Menikah,0.0,5350000.0,4777000,501000.0,686000.0,338000.0,623000.0,243000.0,733000.0,129000.0,209000.0,0.0,470000.0,214000.0,227000.0,47000.0,573000.0,10.7,69.8
735,DKI Jakarta,Perkotaan,Perempuan,35.0,SMP,Wiraswasta,Menikah,4.0,16050000.0,13441000,1161000.0,1330000.0,,,556000.0,2359000.0,469000.0,859000.0,480000.0,1098000.0,594000.0,718000.0,0.0,2609000.0,16.3,45.7
718,Jawa Timur,Perkotaan,Perempuan,59.0,,Karyawan Swasta,Menikah,3.0,2800000.0,2003000,251000.0,334000.0,135000.0,215000.0,108000.0,288000.0,79000.0,69000.0,111000.0,,70000.0,100000.0,420000.0,797000.0,28.4,
455,Bali,Perdesaan,Laki-laki,44.0,Pascasarjana (S2/S3),Wiraswasta,Menikah,3.0,7400000.0,5957000,512000.0,576000.0,184000.0,362000.0,31000.0,975000.0,395000.0,218000.0,299000.0,544000.0,336000.0,280000.0,0.0,1443000.0,19.5,58.8
265,DKI Jakarta,Perkotaan,Laki-laki,38.0,Pascasarjana (S2/S3),Karyawan Swasta,Belum Menikah,0.0,23500000.0,16316000,1021000.0,1472000.0,771000.0,1324000.0,125000.0,3935000.0,,686000.0,0.0,2215000.0,969000.0,492000.0,0.0,7184000.0,30.6,81.7
76,Sumatera Selatan,Perkotaan,Laki-laki,44.0,SD,Karyawan Swasta,Menikah,3.0,2800000.0,1931000,228000.0,287000.0,105000.0,179000.0,,295000.0,95000.0,110000.0,109000.0,135000.0,78000.0,81000.0,0.0,869000.0,31.0,
1879,Nusa Tenggara Barat,Perkotaan,Laki-laki,17.0,SMP,Wiraswasta,Belum Menikah,,4000000.0,3018000,318000.0,354000.0,183000.0,204000.0,57000.0,415000.0,127000.0,137000.0,,287000.0,,104000.0,0.0,982000.0,24.5,50.2
445,Jawa Timur,Perdesaan,Laki-laki,38.0,SD,Wiraswasta,Menikah,2.0,3750000.0,2859000,217000.0,272000.0,139000.0,205000.0,116000.0,465000.0,159000.0,158000.0,218000.0,229000.0,176000.0,122000.0,274000.0,891000.0,23.7,43.2
396,DKI Jakarta,Perkotaan,Laki-laki,61.0,SMA/SMK,Wiraswasta,Menikah,0.0,15050000.0,12322000,1061000.0,1253000.0,,1063000.0,179000.0,2835000.0,528000.0,592000.0,0.0,896000.0,764000.0,504000.0,0.0,2728000.0,18.1,57.0
177,DKI Jakarta,Perdesaan,Perempuan,37.0,Sarjana (S1),PNS/ASN,Menikah,4.0,10900000.0,7617000,580000.0,690000.0,306000.0,501000.0,170000.0,1458000.0,361000.0,,294000.0,550000.0,296000.0,335000.0,0.0,3283000.0,,56.1
1043,Sumatera Selatan,Perdesaan,Perempuan,36.0,,PNS/ASN,Belum Menikah,0.0,2950000.0,2576000,278000.0,420000.0,,326000.0,,359000.0,69000.0,81000.0,0.0,197000.0,62000.0,,141000.0,374000.0,12.7,74.6
1967,Jawa Tengah,Perkotaan,Laki-laki,31.0,SMA/SMK,Karyawan Swasta,Menikah,1.0,4000000.0,3656000,,523000.0,299000.0,352000.0,105000.0,473000.0,188000.0,124000.0,220000.0,357000.0,158000.0,70000.0,614000.0,344000.0,8.6,64.8
1592,Sumatera Selatan,Perdesaan,Laki-laki,40.0,SMP,Buruh/Pekerja Harian,Belum Menikah,0.0,,871000,145000.0,185000.0,92000.0,178000.0,49000.0,81000.0,28000.0,15000.0,0.0,30000.0,22000.0,15000.0,,429000.0,33.0,28.2
1983,Kalimantan Timur,Perkotaan,Perempuan,35.0,SMP,Karyawan Swasta,Belum Menikah,0.0,2500000.0,1735000,192000.0,208000.0,88000.0,233000.0,41000.0,246000.0,60000.0,81000.0,0.0,151000.0,67000.0,54000.0,475000.0,765000.0,30.6,37.6
1567,DKI Jakarta,Perkotaan,Perempuan,53.0,SMP,Tidak Bekerja,Menikah,2.0,2100000.0,1920000,293000.0,379000.0,158000.0,216000.0,42000.0,233000.0,66000.0,66000.0,113000.0,117000.0,52000.0,25000.0,346000.0,180000.0,8.6,58.2
596,DKI Jakarta,Perkotaan,Perempuan,41.0,Tidak Sekolah,Karyawan Swasta,Menikah,2.0,5800000.0,5168000,410000.0,563000.0,279000.0,323000.0,216000.0,,176000.0,,361000.0,565000.0,254000.0,294000.0,0.0,632000.0,10.9,54.4
62,Jawa Timur,Perkotaan,Laki-laki,54.0,SMA/SMK,Wiraswasta,Cerai/Janda/Duda,0.0,4400000.0,3713000,405000.0,526000.0,166000.0,249000.0,131000.0,633000.0,141000.0,,,240000.0,209000.0,,0.0,,15.6,77.3
1297,Jawa Barat,Perkotaan,Laki-laki,37.0,SMP,Buruh/Pekerja Harian,,1.0,3550000.0,2999000,353000.0,419000.0,,257000.0,132000.0,569000.0,109000.0,88000.0,231000.0,234000.0,113000.0,,0.0,551000.0,15.5,57.7
873,Bali,Perdesaan,Perempuan,49.0,Sarjana (S1),Karyawan Swasta,Cerai/Janda/Duda,0.0,4950000.0,4508000,474000.0,639000.0,294000.0,536000.0,211000.0,720000.0,225000.0,178000.0,0.0,305000.0,177000.0,192000.0,0.0,442000.0,8.9,53.3
1693,Jawa Tengah,Perkotaan,Laki-laki,32.0,SMA/SMK,Karyawan Swasta,Menikah,3.0,6500000.0,5813000,409000.0,636000.0,280000.0,357000.0,,951000.0,360000.0,408000.0,444000.0,423000.0,379000.0,,,687000.0,10.6,62.1
217,Sumatera Selatan,Perdesaan,Laki-laki,27.0,SMP,PNS/ASN,Cerai/Janda/Duda,1.0,1800000.0,1515000,179000.0,274000.0,103000.0,208000.0,,234000.0,42000.0,47000.0,96000.0,69000.0,,54000.0,351000.0,285000.0,15.8,45.5
279,Sulawesi Selatan,Perkotaan,Perempuan,32.0,,Wiraswasta,Cerai/Janda/Duda,2.0,5800000.0,4855000,448000.0,593000.0,191000.0,401000.0,184000.0,814000.0,231000.0,171000.0,242000.0,412000.0,303000.0,155000.0,0.0,945000.0,,33.4
1549,Jawa Timur,Perkotaan,Perempuan,33.0,Sarjana (S1),Wiraswasta,Menikah,2.0,8400000.0,5500000,421000.0,397000.0,187000.0,362000.0,,1261000.0,297000.0,447000.0,317000.0,,372000.0,215000.0,0.0,2900000.0,34.5,76.3
1393,Sulawesi Selatan,Perkotaan,Perempuan,17.0,SMP,Wiraswasta,Belum Menikah,0.0,4450000.0,3219000,354000.0,414000.0,,385000.0,107000.0,547000.0,89000.0,,0.0,227000.0,163000.0,64000.0,516000.0,1231000.0,27.7,36.8
37,Jawa Timur,Perdesaan,Perempuan,38.0,SMA/SMK,Buruh/Pekerja Harian,Belum Menikah,0.0,1950000.0,1488000,202000.0,256000.0,88000.0,148000.0,75000.0,136000.0,51000.0,43000.0,0.0,89000.0,41000.0,35000.0,,462000.0,23.7,41.3
1721,Jawa Barat,Perdesaan,Laki-laki,32.0,Sarjana (S1),Buruh/Pekerja Harian,,0.0,1500000.0,1039000,106000.0,,62000.0,111000.0,9000.0,,,53000.0,0.0,96000.0,47000.0,30000.0,226000.0,461000.0,30.7,69.7
663,Sulawesi Selatan,Perkotaan,Laki-laki,24.0,SMP,Karyawan Swasta,Menikah,,,3112000,348000.0,330000.0,,321000.0,137000.0,376000.0,166000.0,164000.0,0.0,283000.0,179000.0,151000.0,244000.0,338000.0,9.8,70.1
1609,Jawa Timur,Perkotaan,Perempuan,30.0,SMA/SMK,Karyawan Swasta,Menikah,4.0,3400000.0,2582000,251000.0,241000.0,96000.0,222000.0,1000.0,536000.0,89000.0,145000.0,208000.0,208000.0,92000.0,71000.0,487000.0,868000.0,25.1,65.3
1640,Sumatera Utara,Perkotaan,Laki-laki,48.0,SMA/SMK,Karyawan Swasta,Belum Menikah,0.0,3850000.0,3421000,312000.0,341000.0,189000.0,330000.0,90000.0,507000.0,122000.0,243000.0,0.0,272000.0,112000.0,165000.0,,429000.0,11.2,39.2
978,Jawa Barat,Perdesaan,Perempuan,38.0,SMA/SMK,Buruh/Pekerja Harian,Menikah,1.0,2200000.0,1566000,252000.0,215000.0,108000.0,161000.0,,186000.0,58000.0,80000.0,106000.0,129000.0,52000.0,58000.0,205000.0,634000.0,28.8,59.3
1783,Jawa Barat,Perdesaan,Laki-laki,33.0,SD,Buruh/Pekerja Harian,Cerai/Janda/Duda,2.0,950000.0,619000,101000.0,133000.0,61000.0,74000.0,41000.0,75000.0,14000.0,14000.0,18000.0,23000.0,20000.0,21000.0,145000.0,331000.0,34.8,26.5
739,Sumatera Utara,Perdesaan,Laki-laki,40.0,Diploma,PNS/ASN,Belum Menikah,,2650000.0,1929000,175000.0,238000.0,116000.0,147000.0,11000.0,354000.0,84000.0,122000.0,0.0,142000.0,89000.0,47000.0,69000.0,721000.0,27.2,66.9
192,Jawa Barat,Perdesaan,Laki-laki,34.0,Sarjana (S1),Karyawan Swasta,Menikah,2.0,4300000.0,3022000,275000.0,433000.0,160000.0,261000.0,116000.0,440000.0,171000.0,178000.0,193000.0,330000.0,,84000.0,0.0,1278000.0,29.7,76.6
920,Nusa Tenggara Barat,Perkotaan,Laki-laki,47.0,SMP,Wiraswasta,Menikah,0.0,2100000.0,1522000,149000.0,217000.0,76000.0,188000.0,33000.0,182000.0,61000.0,94000.0,0.0,134000.0,59000.0,67000.0,,578000.0,27.5,56.4
457,Nusa Tenggara Barat,Perkotaan,Perempuan,25.0,SMP,PNS/ASN,Belum Menikah,0.0,6750000.0,4848000,397000.0,450000.0,291000.0,385000.0,118000.0,893000.0,221000.0,199000.0,0.0,,176000.0,117000.0,282000.0,1902000.0,28.2,41.7
1418,Jawa Barat,Perkotaan,Perempuan,24.0,Sarjana (S1),Karyawan Swasta,Menikah,3.0,4050000.0,3009000,345000.0,465000.0,165000.0,386000.0,51000.0,471000.0,122000.0,176000.0,94000.0,273000.0,148000.0,106000.0,0.0,1041000.0,,80.2
676,Jawa Barat,Perkotaan,Laki-laki,44.0,Diploma,Wiraswasta,Menikah,3.0,11900000.0,10558000,1116000.0,1166000.0,,830000.0,307000.0,1468000.0,648000.0,650000.0,821000.0,698000.0,577000.0,552000.0,,1342000.0,11.3,53.0
761,Sumatera Utara,Perkotaan,Perempuan,24.0,Diploma,Buruh/Pekerja Harian,Cerai/Janda/Duda,1.0,2850000.0,2431000,287000.0,355000.0,141000.0,264000.0,76000.0,384000.0,79000.0,111000.0,131000.0,132000.0,58000.0,75000.0,569000.0,419000.0,14.7,72.1
1533,Sumatera Utara,Perkotaan,Laki-laki,32.0,SMA/SMK,Karyawan Swasta,Menikah,0.0,4100000.0,3237000,396000.0,487000.0,252000.0,371000.0,141000.0,454000.0,116000.0,183000.0,0.0,317000.0,97000.0,115000.0,69000.0,863000.0,21.0,58.1
1816,Jawa Barat,Perdesaan,Perempuan,21.0,SD,Buruh/Pekerja Harian,Menikah,1.0,950000.0,656000,111000.0,121000.0,50000.0,103000.0,10000.0,94000.0,24000.0,25000.0,36000.0,46000.0,26000.0,24000.0,0.0,294000.0,31.0,42.2
729,Sulawesi Selatan,Perkotaan,Laki-laki,41.0,SD,Wiraswasta,Belum Menikah,0.0,3250000.0,2790000,227000.0,279000.0,125000.0,244000.0,81000.0,358000.0,110000.0,141000.0,0.0,235000.0,166000.0,150000.0,220000.0,460000.0,14.2,
1865,Jawa Barat,Perkotaan,Laki-laki,27.0,Sarjana (S1),Tidak Bekerja,Menikah,0.0,1600000.0,1067000,125000.0,167000.0,80000.0,,12000.0,103000.0,44000.0,36000.0,0.0,58000.0,35000.0,15000.0,,533000.0,33.3,89.6
1400,Sumatera Selatan,Perdesaan,Laki-laki,49.0,SMA/SMK,Wiraswasta,Menikah,2.0,,3232000,328000.0,422000.0,135000.0,235000.0,,487000.0,116000.0,220000.0,182000.0,389000.0,157000.0,79000.0,705000.0,318000.0,8.9,54.7
413,Sumatera Utara,Perdesaan,Laki-laki,36.0,SMA/SMK,Buruh/Pekerja Harian,Belum Menikah,0.0,1750000.0,1566000,225000.0,270000.0,134000.0,131000.0,77000.0,206000.0,79000.0,66000.0,0.0,123000.0,60000.0,41000.0,0.0,184000.0,10.5,53.6
1099,DKI Jakarta,Perdesaan,Perempuan,45.0,SMP,Buruh/Pekerja Harian,Menikah,2.0,950000.0,683000,95000.0,106000.0,51000.0,101000.0,40000.0,71000.0,17000.0,31000.0,39000.0,40000.0,15000.0,22000.0,3000.0,267000.0,28.1,58.7
1517,Jawa Barat,Perkotaan,Laki-laki,42.0,Diploma,,Menikah,3.0,3650000.0,3291000,317000.0,483000.0,236000.0,302000.0,185000.0,423000.0,105000.0,145000.0,143000.0,334000.0,125000.0,102000.0,59000.0,359000.0,9.8,72.1
1525,Jawa Barat,Perkotaan,Perempuan,,SMA/SMK,Buruh/Pekerja Harian,Menikah,1.0,3400000.0,2771000,252000.0,385000.0,169000.0,319000.0,28000.0,372000.0,120000.0,130000.0,138000.0,272000.0,122000.0,124000.0,0.0,629000.0,18.5,54.2
826,DI Yogyakarta,Perkotaan,Laki-laki,42.0,SMA/SMK,Buruh/Pekerja Harian,Menikah,0.0,2350000.0,2125000,266000.0,,138000.0,,1000.0,199000.0,70000.0,61000.0,0.0,99000.0,62000.0,45000.0,460000.0,,9.6,31.2
1700,Jawa Barat,Perdesaan,Laki-laki,45.0,SMP,Karyawan Swasta,Menikah,3.0,1550000.0,1316000,170000.0,,108000.0,125000.0,8000.0,172000.0,34000.0,60000.0,72000.0,80000.0,62000.0,56000.0,0.0,234000.0,15.1,50.3
617,Banten,Perdesaan,Perempuan,32.0,SD,Buruh/Pekerja Harian,Belum Menikah,0.0,750000.0,534000,84000.0,123000.0,50000.0,,,36000.0,17000.0,15000.0,0.0,,13000.0,6000.0,139000.0,216000.0,28.8,35.4
115,Sumatera Selatan,Perdesaan,Perempuan,17.0,Diploma,Buruh/Pekerja Harian,Belum Menikah,0.0,2050000.0,1614000,198000.0,286000.0,139000.0,212000.0,72000.0,210000.0,75000.0,77000.0,0.0,135000.0,73000.0,38000.0,80000.0,436000.0,21.3,42.1
418,Bali,Perkotaan,Perempuan,37.0,SMA/SMK,Karyawan Swasta,Menikah,1.0,10700000.0,8868000,621000.0,896000.0,361000.0,854000.0,,2053000.0,308000.0,415000.0,413000.0,600000.0,369000.0,460000.0,0.0,1832000.0,17.1,72.7
880,DKI Jakarta,Perkotaan,Laki-laki,27.0,SMA/SMK,Wiraswasta,Belum Menikah,0.0,14300000.0,9525000,742000.0,,506000.0,780000.0,29000.0,1509000.0,428000.0,379000.0,0.0,950000.0,647000.0,431000.0,1953000.0,4775000.0,,44.0
970,Jawa Tengah,Perdesaan,Perempuan,17.0,SMA/SMK,Buruh/Pekerja Harian,Belum Menikah,0.0,,642000,117000.0,120000.0,53000.0,90000.0,16000.0,48000.0,11000.0,22000.0,0.0,22000.0,19000.0,8000.0,0.0,208000.0,24.5,78.4
605,DKI Jakarta,Perdesaan,Perempuan,48.0,SMP,Karyawan Swasta,Menikah,2.0,5600000.0,3794000,305000.0,421000.0,243000.0,426000.0,159000.0,782000.0,,201000.0,167000.0,416000.0,,113000.0,0.0,1806000.0,,15.4
545,Jawa Tengah,Perdesaan,Laki-laki,34.0,SMA/SMK,Buruh/Pekerja Harian,Belum Menikah,0.0,1650000.0,1363000,156000.0,207000.0,109000.0,131000.0,45000.0,202000.0,,,0.0,140000.0,46000.0,,0.0,287000.0,17.4,56.4
90,Banten,Perkotaan,Laki-laki,34.0,SMA/SMK,Karyawan Swasta,Belum Menikah,0.0,4650000.0,3741000,427000.0,475000.0,297000.0,356000.0,18000.0,597000.0,114000.0,,0.0,308000.0,191000.0,132000.0,923000.0,909000.0,19.6,48.7
849,Nusa Tenggara Barat,Perdesaan,Perempuan,25.0,SMA/SMK,Wiraswasta,Menikah,3.0,5550000.0,4050000,461000.0,558000.0,222000.0,416000.0,12000.0,667000.0,125000.0,124000.0,,311000.0,208000.0,,0.0,1500000.0,27.0,54.1
1727,Banten,Perdesaan,Laki-laki,22.0,SMP,Wiraswasta,Belum Menikah,0.0,4300000.0,3905000,366000.0,523000.0,296000.0,300000.0,75000.0,481000.0,181000.0,213000.0,0.0,366000.0,170000.0,181000.0,0.0,395000.0,9.2,45.8
612,Sumatera Utara,Perkotaan,Laki-laki,50.0,Diploma,Karyawan Swasta,Cerai/Janda/Duda,0.0,9900000.0,7016000,598000.0,,377000.0,447000.0,132000.0,1234000.0,305000.0,497000.0,,,346000.0,282000.0,1817000.0,,29.1,60.7
754,Sumatera Utara,Perkotaan,Laki-laki,40.0,Diploma,Wiraswasta,Menikah,3.0,5450000.0,3972000,368000.0,417000.0,213000.0,232000.0,90000.0,640000.0,192000.0,199000.0,,477000.0,148000.0,,587000.0,1478000.0,,73.3
499,DKI Jakarta,Perdesaan,Laki-laki,18.0,SD,Buruh/Pekerja Harian,Cerai/Janda/Duda,1.0,1150000.0,1003000,172000.0,221000.0,94000.0,163000.0,5000.0,94000.0,16000.0,33000.0,41000.0,38000.0,20000.0,20000.0,66000.0,147000.0,12.8,20.0
1277,Jawa Tengah,Perkotaan,Perempuan,56.0,SD,Buruh/Pekerja Harian,Menikah,1.0,1750000.0,1281000,129000.0,156000.0,,109000.0,,,56000.0,40000.0,73000.0,95000.0,46000.0,36000.0,260000.0,469000.0,26.8,
1326,Bali,Perkotaan,Laki-laki,64.0,Sarjana (S1),Karyawan Swasta,Menikah,1.0,17450000.0,15936000,1062000.0,1440000.0,670000.0,1219000.0,243000.0,,1067000.0,867000.0,923000.0,1585000.0,666000.0,405000.0,0.0,1514000.0,8.7,83.5
12,Banten,Perkotaan,Laki-laki,39.0,Sarjana (S1),PNS/ASN,Belum Menikah,,18450000.0,15095000,889000.0,1088000.0,607000.0,985000.0,326000.0,3346000.0,1070000.0,933000.0,0.0,1433000.0,972000.0,530000.0,0.0,3355000.0,18.2,71.2
397,Jawa Barat,Perdesaan,Perempuan,60.0,,PNS/ASN,Cerai/Janda/Duda,,,3715000,375000.0,444000.0,,257000.0,93000.0,523000.0,,121000.0,0.0,390000.0,158000.0,,679000.0,1285000.0,25.7,24.6
285,DKI Jakarta,Perdesaan,Laki-laki,25.0,SMA/SMK,Karyawan Swasta,Menikah,0.0,3200000.0,2414000,225000.0,258000.0,114000.0,267000.0,70000.0,307000.0,108000.0,,0.0,196000.0,83000.0,125000.0,365000.0,786000.0,,37.7
1665,DI Yogyakarta,Perkotaan,Perempuan,22.0,SMA/SMK,Buruh/Pekerja Harian,Menikah,3.0,2750000.0,1800000,208000.0,310000.0,117000.0,235000.0,94000.0,233000.0,58000.0,78000.0,52000.0,140000.0,69000.0,,0.0,900000.0,33.3,58.3
1067,Jawa Timur,Perdesaan,Laki-laki,27.0,Sarjana (S1),PNS/ASN,Menikah,4.0,3600000.0,3285000,331000.0,524000.0,195000.0,235000.0,73000.0,481000.0,96000.0,152000.0,229000.0,240000.0,118000.0,93000.0,35000.0,315000.0,8.8,44.8
1192,DKI Jakarta,Perkotaan,Laki-laki,17.0,SMA/SMK,PNS/ASN,Belum Menikah,0.0,6050000.0,4264000,359000.0,349000.0,234000.0,217000.0,150000.0,954000.0,247000.0,334000.0,,334000.0,,140000.0,0.0,1786000.0,29.5,49.9
1441,Jawa Barat,Perkotaan,Laki-laki,45.0,SMA/SMK,Buruh/Pekerja Harian,Menikah,2.0,1950000.0,1676000,215000.0,219000.0,98000.0,142000.0,,280000.0,72000.0,60000.0,60000.0,94000.0,47000.0,,0.0,274000.0,14.0,33.4
70,DKI Jakarta,Perdesaan,Laki-laki,29.0,SMA/SMK,Buruh/Pekerja Harian,Menikah,2.0,1850000.0,1278000,181000.0,,102000.0,103000.0,7000.0,190000.0,33000.0,34000.0,32000.0,121000.0,54000.0,34000.0,0.0,572000.0,30.9,54.7
1451,Banten,Perkotaan,Perempuan,21.0,Diploma,Wiraswasta,Menikah,2.0,14900000.0,10558000,782000.0,783000.0,283000.0,846000.0,71000.0,2307000.0,745000.0,711000.0,,1528000.0,719000.0,,0.0,4342000.0,29.1,77.4
691,Bali,Perdesaan,Perempuan,31.0,SMA/SMK,PNS/ASN,Belum Menikah,0.0,3900000.0,2835000,228000.0,338000.0,129000.0,207000.0,116000.0,474000.0,122000.0,177000.0,0.0,335000.0,90000.0,108000.0,248000.0,1065000.0,27.3,35.4
1848,DKI Jakarta,Perdesaan,Laki-laki,28.0,Sarjana (S1),Buruh/Pekerja Harian,Belum Menikah,0.0,7050000.0,5613000,419000.0,643000.0,243000.0,574000.0,89000.0,883000.0,349000.0,331000.0,0.0,635000.0,260000.0,340000.0,616000.0,1437000.0,20.4,75.7
1569,DI Yogyakarta,Perkotaan,Laki-laki,45.0,SMA/SMK,Pelajar/Mahasiswa,Menikah,3.0,2150000.0,1570000,157000.0,209000.0,132000.0,219000.0,68000.0,229000.0,73000.0,73000.0,42000.0,124000.0,66000.0,,0.0,580000.0,27.0,67.0
479,Jawa Barat,Perkotaan,Perempuan,54.0,SMA/SMK,Wiraswasta,Cerai/Janda/Duda,0.0,10750000.0,7835000,677000.0,800000.0,302000.0,397000.0,3000.0,1422000.0,380000.0,642000.0,0.0,791000.0,338000.0,497000.0,0.0,2915000.0,27.1,47.7
690,Sumatera Utara,Perkotaan,Perempuan,24.0,SMA/SMK,Karyawan Swasta,Menikah,3.0,2800000.0,2304000,306000.0,309000.0,160000.0,191000.0,41000.0,247000.0,108000.0,95000.0,160000.0,208000.0,111000.0,61000.0,,496000.0,17.7,60.9
852,Sumatera Selatan,Perdesaan,Laki-laki,20.0,Sarjana (S1),Karyawan Swasta,Menikah,2.0,3600000.0,2770000,267000.0,,170000.0,,107000.0,373000.0,80000.0,173000.0,150000.0,196000.0,131000.0,141000.0,,830000.0,23.1,66.6
1499,Jawa Tengah,Perkotaan,Laki-laki,21.0,SMP,Pelajar/Mahasiswa,Menikah,2.0,1650000.0,1349000,143000.0,183000.0,,145000.0,5000.0,157000.0,36000.0,73000.0,45000.0,73000.0,52000.0,43000.0,144000.0,301000.0,18.3,62.8
160,Banten,Perdesaan,Laki-laki,44.0,SD,Karyawan Swasta,Menikah,3.0,,1368000,193000.0,196000.0,83000.0,147000.0,3000.0,173000.0,42000.0,52000.0,40000.0,76000.0,49000.0,57000.0,0.0,482000.0,26.0,14.3
896,Sulawesi Selatan,Perkotaan,Laki-laki,23.0,SD,Wiraswasta,Menikah,1.0,3300000.0,2632000,200000.0,328000.0,108000.0,244000.0,46000.0,432000.0,147000.0,141000.0,204000.0,250000.0,132000.0,138000.0,406000.0,668000.0,20.3,46.9
1787,Jawa Timur,Perdesaan,Laki-laki,30.0,SD,Karyawan Swasta,Menikah,4.0,3050000.0,2732000,230000.0,263000.0,105000.0,257000.0,,573000.0,108000.0,172000.0,109000.0,,100000.0,153000.0,101000.0,318000.0,10.4,56.0
258,Jawa Barat,Perkotaan,Perempuan,37.0,Sarjana (S1),Pelajar/Mahasiswa,Menikah,0.0,1700000.0,1128000,126000.0,190000.0,79000.0,113000.0,27000.0,181000.0,48000.0,38000.0,0.0,62000.0,35000.0,,181000.0,572000.0,33.7,90.5
336,Sulawesi Selatan,Perkotaan,Perempuan,43.0,Sarjana (S1),Tidak Bekerja,Menikah,1.0,800000.0,578000,,88000.0,53000.0,60000.0,14000.0,49000.0,15000.0,24000.0,33000.0,29000.0,17000.0,,122000.0,222000.0,27.7,51.8
1648,Jawa Barat,Perdesaan,Perempuan,28.0,SMA/SMK,,Menikah,1.0,7400000.0,5696000,342000.0,445000.0,208000.0,397000.0,22000.0,895000.0,295000.0,472000.0,571000.0,,398000.0,364000.0,0.0,1704000.0,23.0,40.3
1040,Sumatera Utara,Perkotaan,Perempuan,64.0,SD,Karyawan Swasta,Menikah,1.0,4400000.0,2968000,,341000.0,155000.0,282000.0,17000.0,586000.0,98000.0,176000.0,223000.0,335000.0,120000.0,,152000.0,1432000.0,,32.1
516,Bali,Perdesaan,Laki-laki,22.0,SD,Karyawan Swasta,Menikah,3.0,1300000.0,1049000,150000.0,195000.0,82000.0,121000.0,21000.0,103000.0,28000.0,25000.0,38000.0,46000.0,26000.0,37000.0,,,19.3,54.7
1349,DKI Jakarta,Perdesaan,Laki-laki,34.0,SD,Buruh/Pekerja Harian,Menikah,3.0,1200000.0,784000,108000.0,141000.0,,99000.0,31000.0,86000.0,18000.0,29000.0,29000.0,56000.0,26000.0,12000.0,0.0,416000.0,34.6,
1016,Bali,Perkotaan,Laki-laki,17.0,SD,Karyawan Swasta,Belum Menikah,0.0,3700000.0,2762000,313000.0,345000.0,147000.0,221000.0,129000.0,390000.0,115000.0,119000.0,0.0,174000.0,95000.0,69000.0,301000.0,938000.0,25.3,46.2
769,Banten,Perkotaan,Laki-laki,60.0,SMA/SMK,Karyawan Swasta,Menikah,2.0,9350000.0,7367000,,504000.0,293000.0,534000.0,177000.0,1244000.0,503000.0,399000.0,781000.0,578000.0,401000.0,388000.0,0.0,1983000.0,21.2,65.0
1979,Sulawesi Selatan,Perdesaan,Perempuan,30.0,Diploma,Buruh/Pekerja Harian,Menikah,2.0,1500000.0,1277000,180000.0,210000.0,114000.0,160000.0,1000.0,179000.0,49000.0,34000.0,57000.0,101000.0,52000.0,,35000.0,223000.0,14.8,75.4
762,Jawa Tengah,Perdesaan,Perempuan,31.0,SD,Karyawan Swasta,Belum Menikah,0.0,2450000.0,1993000,216000.0,,154000.0,251000.0,59000.0,255000.0,95000.0,66000.0,0.0,136000.0,62000.0,81000.0,320000.0,457000.0,18.6,31.1
1247,DKI Jakarta,Perkotaan,Laki-laki,57.0,SMA/SMK,Karyawan Swasta,Belum Menikah,0.0,10800000.0,7468000,596000.0,567000.0,246000.0,315000.0,152000.0,1630000.0,322000.0,626000.0,,986000.0,337000.0,350000.0,0.0,3332000.0,30.9,70.5
1204,DKI Jakarta,Perdesaan,Laki-laki,36.0,SMA/SMK,Karyawan Swasta,Belum Menikah,0.0,3000000.0,2073000,227000.0,,,227000.0,24000.0,373000.0,106000.0,144000.0,,,67000.0,59000.0,0.0,,30.9,62.9
1667,Sumatera Utara,Perdesaan,Laki-laki,34.0,Diploma,Buruh/Pekerja Harian,Menikah,4.0,1700000.0,1299000,132000.0,167000.0,98000.0,94000.0,66000.0,200000.0,,50000.0,42000.0,130000.0,58000.0,,0.0,401000.0,23.6,
1124,Jawa Barat,Perkotaan,Perempuan,31.0,SMA/SMK,Wiraswasta,,3.0,,7493000,714000.0,622000.0,273000.0,518000.0,179000.0,1018000.0,435000.0,451000.0,,720000.0,384000.0,209000.0,0.0,2557000.0,25.4,66.6
522,Jawa Timur,Perkotaan,Laki-laki,19.0,Pascasarjana (S2/S3),Buruh/Pekerja Harian,Menikah,2.0,3350000.0,2976000,,432000.0,142000.0,236000.0,6000.0,372000.0,161000.0,138000.0,97000.0,330000.0,158000.0,,147000.0,374000.0,11.2,54.5
23,Sulawesi Selatan,Perkotaan,Laki-laki,39.0,SMA/SMK,Karyawan Swasta,Menikah,1.0,4000000.0,2739000,210000.0,261000.0,,243000.0,22000.0,442000.0,166000.0,146000.0,205000.0,206000.0,105000.0,58000.0,0.0,1261000.0,31.5,47.9
357,Jawa Barat,Perkotaan,Perempuan,43.0,Sarjana (S1),Wiraswasta,Menikah,2.0,7550000.0,5877000,,612000.0,307000.0,491000.0,187000.0,1113000.0,341000.0,464000.0,368000.0,808000.0,292000.0,297000.0,1435000.0,1673000.0,22.2,79.4
1278,Jawa Barat,Perdesaan,Perempuan,21.0,SMP,,Menikah,2.0,3500000.0,2893000,271000.0,364000.0,175000.0,258000.0,96000.0,472000.0,98000.0,,,187000.0,150000.0,98000.0,0.0,607000.0,17.3,26.1
1313,Banten,Perdesaan,Laki-laki,55.0,Tidak Sekolah,Buruh/Pekerja Harian,Cerai/Janda/Duda,0.0,1000000.0,752000,109000.0,152000.0,54000.0,116000.0,1000.0,76000.0,18000.0,20000.0,0.0,29000.0,17000.0,,40000.0,248000.0,24.8,22.0
1907,DI Yogyakarta,Perdesaan,Laki-laki,48.0,Sarjana (S1),Karyawan Swasta,Menikah,1.0,,2485000,352000.0,388000.0,208000.0,,,283000.0,109000.0,137000.0,130000.0,239000.0,106000.0,85000.0,476000.0,315000.0,11.3,70.7
341,Jawa Barat,Perkotaan,Laki-laki,20.0,Tidak Sekolah,Wiraswasta,Menikah,4.0,6100000.0,4741000,413000.0,550000.0,267000.0,,46000.0,751000.0,236000.0,320000.0,315000.0,335000.0,,271000.0,0.0,1359000.0,22.3,34.8
432,Jawa Barat,Perdesaan,Perempuan,36.0,SD,Tidak Bekerja,,0.0,500000.0,361000,,,24000.0,44000.0,14000.0,35000.0,9000.0,8000.0,0.0,24000.0,13000.0,7000.0,0.0,139000.0,27.8,14.5
474,Jawa Timur,Perkotaan,Perempuan,17.0,SMA/SMK,Karyawan Swasta,Belum Menikah,0.0,3750000.0,2819000,274000.0,318000.0,124000.0,210000.0,77000.0,585000.0,156000.0,158000.0,0.0,242000.0,,163000.0,0.0,931000.0,24.8,49.1
218,Banten,Perkotaan,Perempuan,47.0,Pascasarjana (S2/S3),Tidak Bekerja,Menikah,0.0,4050000.0,3135000,284000.0,,190000.0,400000.0,106000.0,432000.0,134000.0,96000.0,0.0,346000.0,119000.0,111000.0,0.0,915000.0,22.6,64.2
912,Sulawesi Selatan,Perkotaan,Laki-laki,52.0,SMA/SMK,Tidak Bekerja,Menikah,2.0,,655000,102000.0,93000.0,54000.0,88000.0,41000.0,70000.0,18000.0,23000.0,25000.0,,24000.0,24000.0,157000.0,195000.0,23.0,67.0
1228,Jawa Tengah,Perdesaan,Laki-laki,17.0,Tidak Sekolah,PNS/ASN,Belum Menikah,0.0,1500000.0,1158000,126000.0,171000.0,99000.0,128000.0,43000.0,,42000.0,37000.0,0.0,78000.0,43000.0,46000.0,0.0,342000.0,22.8,33.9
1809,Jawa Barat,Perkotaan,Perempuan,46.0,SMP,Buruh/Pekerja Harian,Menikah,2.0,3400000.0,2321000,218000.0,226000.0,123000.0,233000.0,104000.0,301000.0,91000.0,120000.0,95000.0,159000.0,103000.0,100000.0,,1079000.0,31.7,36.2
1012,Jawa Timur,Perkotaan,Laki-laki,38.0,SMA/SMK,Karyawan Swasta,Belum Menikah,0.0,,2640000,339000.0,386000.0,188000.0,336000.0,32000.0,437000.0,141000.0,140000.0,0.0,295000.0,82000.0,91000.0,243000.0,560000.0,17.5,32.4
958,Jawa Timur,Perkotaan,Perempuan,21.0,SMA/SMK,Karyawan Swasta,Belum Menikah,0.0,4600000.0,4169000,432000.0,519000.0,248000.0,450000.0,78000.0,791000.0,123000.0,194000.0,0.0,363000.0,193000.0,118000.0,0.0,431000.0,9.4,58.4
94,DKI Jakarta,Perdesaan,Laki-laki,20.0,SD,Karyawan Swasta,Menikah,2.0,,1652000,223000.0,258000.0,107000.0,152000.0,99000.0,220000.0,69000.0,49000.0,81000.0,,62000.0,80000.0,0.0,598000.0,26.6,37.2
1009,Jawa Tengah,Perkotaan,Perempuan,35.0,SMA/SMK,Pelajar/Mahasiswa,Menikah,3.0,1150000.0,840000,,174000.0,70000.0,145000.0,47000.0,109000.0,25000.0,26000.0,24000.0,67000.0,34000.0,28000.0,0.0,310000.0,26.9,45.3
1071,Kalimantan Timur,Perdesaan,Laki-laki,46.0,Diploma,Wiraswasta,Belum Menikah,0.0,3200000.0,2910000,322000.0,364000.0,136000.0,248000.0,112000.0,530000.0,86000.0,140000.0,0.0,267000.0,100000.0,110000.0,536000.0,290000.0,9.1,77.2
1093,DKI Jakarta,Perkotaan,Laki-laki,17.0,SD,Buruh/Pekerja Harian,Belum Menikah,0.0,1500000.0,1213000,140000.0,239000.0,86000.0,150000.0,24000.0,162000.0,39000.0,31000.0,,58000.0,45000.0,24000.0,0.0,287000.0,,61.7
1798,Sumatera Selatan,Perkotaan,Laki-laki,,SMP,,Belum Menikah,0.0,2400000.0,2106000,255000.0,307000.0,183000.0,302000.0,114000.0,294000.0,100000.0,110000.0,0.0,146000.0,84000.0,40000.0,126000.0,294000.0,12.3,48.7
1309,DKI Jakarta,Perdesaan,Laki-laki,40.0,Diploma,Buruh/Pekerja Harian,Belum Menikah,0.0,2300000.0,2012000,261000.0,316000.0,172000.0,268000.0,60000.0,260000.0,83000.0,100000.0,0.0,141000.0,93000.0,38000.0,15000.0,288000.0,12.5,71.4
697,Jawa Tengah,Perdesaan,Perempuan,,,Buruh/Pekerja Harian,Menikah,2.0,1050000.0,956000,171000.0,186000.0,77000.0,144000.0,41000.0,94000.0,24000.0,29000.0,39000.0,52000.0,23000.0,30000.0,,94000.0,9.0,50.0
908,Jawa Barat,Perkotaan,Laki-laki,50.0,SMA/SMK,Karyawan Swasta,Cerai/Janda/Duda,0.0,3600000.0,2385000,277000.0,309000.0,107000.0,278000.0,66000.0,468000.0,133000.0,158000.0,0.0,149000.0,77000.0,137000.0,0.0,1165000.0,32.8,63.4
997,Kalimantan Timur,Perkotaan,Laki-laki,33.0,Sarjana (S1),Buruh/Pekerja Harian,Menikah,4.0,5150000.0,3477000,314000.0,410000.0,157000.0,395000.0,52000.0,702000.0,172000.0,126000.0,198000.0,297000.0,151000.0,137000.0,0.0,1673000.0,32.5,68.0
1459,DKI Jakarta,Perkotaan,Laki-laki,28.0,SD,Wiraswasta,Menikah,1.0,9750000.0,8380000,670000.0,863000.0,319000.0,,336000.0,,353000.0,653000.0,679000.0,876000.0,470000.0,441000.0,131000.0,1370000.0,,24.8
154,Nusa Tenggara Barat,Perkotaan,Perempuan,45.0,SMA/SMK,Buruh/Pekerja Harian,Belum Menikah,0.0,1200000.0,957000,138000.0,152000.0,65000.0,121000.0,52000.0,129000.0,21000.0,30000.0,,43000.0,20000.0,30000.0,39000.0,243000.0,,64.5
1100,Jawa Tengah,Perdesaan,Laki-laki,55.0,SMA/SMK,,Belum Menikah,0.0,5500000.0,4139000,407000.0,688000.0,296000.0,576000.0,25000.0,544000.0,123000.0,235000.0,,407000.0,163000.0,93000.0,0.0,1361000.0,,60.6
1948,Jawa Tengah,Perdesaan,Perempuan,41.0,,Buruh/Pekerja Harian,Belum Menikah,0.0,1350000.0,1051000,,205000.0,91000.0,140000.0,18000.0,,,39000.0,,41000.0,35000.0,35000.0,0.0,299000.0,22.1,66.3
121,Jawa Tengah,Perkotaan,Perempuan,31.0,Sarjana (S1),PNS/ASN,Menikah,1.0,3550000.0,3244000,298000.0,,191000.0,233000.0,127000.0,615000.0,131000.0,124000.0,,315000.0,92000.0,,453000.0,306000.0,8.6,79.4
790,Bali,Perkotaan,Laki-laki,23.0,Diploma,Buruh/Pekerja Harian,Belum Menikah,0.0,3750000.0,2824000,340000.0,322000.0,144000.0,197000.0,107000.0,478000.0,133000.0,108000.0,0.0,273000.0,146000.0,91000.0,262000.0,926000.0,24.7,64.6
581,DKI Jakarta,Perkotaan,Laki-laki,69.0,SMP,Karyawan Swasta,Cerai/Janda/Duda,2.0,6100000.0,4569000,474000.0,513000.0,199000.0,290000.0,71000.0,629000.0,285000.0,152000.0,268000.0,414000.0,185000.0,200000.0,0.0,1531000.0,25.1,36.8
1471,Sulawesi Selatan,Perkotaan,Perempuan,40.0,SD,Karyawan Swasta,Menikah,1.0,4400000.0,3571000,437000.0,428000.0,225000.0,410000.0,91000.0,660000.0,115000.0,206000.0,293000.0,271000.0,139000.0,73000.0,486000.0,829000.0,18.8,20.1
704,DKI Jakarta,Perkotaan,Laki-laki,17.0,SD,Wiraswasta,Belum Menikah,0.0,7750000.0,5237000,365000.0,514000.0,238000.0,410000.0,157000.0,1291000.0,329000.0,346000.0,0.0,510000.0,221000.0,291000.0,724000.0,2513000.0,32.4,37.2
1213,Kalimantan Timur,Perkotaan,Laki-laki,36.0,SMA/SMK,Karyawan Swasta,Menikah,,3300000.0,2488000,215000.0,251000.0,107000.0,179000.0,17000.0,416000.0,152000.0,105000.0,189000.0,182000.0,108000.0,84000.0,282000.0,812000.0,24.6,68.1
1296,DKI Jakarta,Perdesaan,Perempuan,37.0,Tidak Sekolah,Karyawan Swasta,Cerai/Janda/Duda,1.0,2650000.0,1778000,220000.0,246000.0,89000.0,195000.0,78000.0,304000.0,61000.0,66000.0,143000.0,183000.0,64000.0,85000.0,0.0,872000.0,32.9,45.4
1888,DI Yogyakarta,Perdesaan,Perempuan,52.0,SMP,Wiraswasta,Menikah,1.0,2350000.0,1630000,248000.0,239000.0,118000.0,155000.0,29000.0,253000.0,40000.0,57000.0,86000.0,80000.0,40000.0,29000.0,427000.0,720000.0,30.6,44.2
1261,Sumatera Selatan,Perdesaan,Perempuan,35.0,Tidak Sekolah,Karyawan Swasta,Menikah,2.0,1250000.0,1042000,151000.0,191000.0,86000.0,118000.0,24000.0,,21000.0,37000.0,33000.0,45000.0,24000.0,27000.0,2000.0,208000.0,16.7,42.0
488,Nusa Tenggara Barat,Perdesaan,Perempuan,52.0,SMP,Tidak Bekerja,,4.0,500000.0,383000,63000.0,89000.0,34000.0,62000.0,2000.0,41000.0,10000.0,10000.0,7000.0,20000.0,6000.0,4000.0,,117000.0,23.3,24.9
1625,DKI Jakarta,Perdesaan,Laki-laki,37.0,SMP,Wiraswasta,Menikah,3.0,3050000.0,2159000,159000.0,,133000.0,220000.0,68000.0,416000.0,130000.0,76000.0,87000.0,185000.0,128000.0,88000.0,140000.0,891000.0,29.2,49.3
560,Kalimantan Timur,Perdesaan,Perempuan,31.0,SMA/SMK,Karyawan Swasta,Belum Menikah,0.0,3250000.0,2926000,249000.0,401000.0,,191000.0,63000.0,356000.0,152000.0,,0.0,175000.0,89000.0,124000.0,285000.0,324000.0,10.0,80.5
1142,Sumatera Utara,Perdesaan,Laki-laki,33.0,SMA/SMK,Karyawan Swasta,Menikah,1.0,2950000.0,2603000,324000.0,390000.0,212000.0,,80000.0,381000.0,93000.0,139000.0,144000.0,268000.0,86000.0,72000.0,,347000.0,11.8,37.9
257,Jawa Timur,Perdesaan,Laki-laki,44.0,SMA/SMK,Karyawan Swasta,Menikah,4.0,3300000.0,2433000,203000.0,285000.0,,189000.0,78000.0,428000.0,,120000.0,160000.0,151000.0,81000.0,138000.0,0.0,867000.0,26.3,58.2
1120,Jawa Barat,Perdesaan,Laki-laki,43.0,SMA/SMK,PNS/ASN,Cerai/Janda/Duda,0.0,,1284000,201000.0,179000.0,81000.0,182000.0,30000.0,134000.0,45000.0,57000.0,0.0,62000.0,38000.0,52000.0,11000.0,316000.0,19.8,65.2
802,DI Yogyakarta,Perkotaan,Laki-laki,46.0,Sarjana (S1),Pelajar/Mahasiswa,Cerai/Janda/Duda,3.0,2550000.0,2071000,,335000.0,206000.0,235000.0,121000.0,195000.0,61000.0,68000.0,50000.0,102000.0,54000.0,81000.0,0.0,479000.0,18.8,81.3
513,Banten,Perdesaan,Perempuan,32.0,Sarjana (S1),Karyawan Swasta,Menikah,2.0,,2808000,274000.0,301000.0,156000.0,211000.0,80000.0,,125000.0,131000.0,144000.0,300000.0,99000.0,132000.0,348000.0,1342000.0,32.3,61.4
634,Kalimantan Timur,Perkotaan,Laki-laki,28.0,SMP,Tidak Bekerja,Menikah,2.0,2350000.0,1743000,230000.0,269000.0,108000.0,150000.0,39000.0,229000.0,,99000.0,47000.0,108000.0,52000.0,,0.0,607000.0,25.8,30.6
1680,Kalimantan Timur,Perdesaan,Laki-laki,39.0,SD,Tidak Bekerja,Belum Menikah,0.0,650000.0,500000,90000.0,103000.0,52000.0,65000.0,4000.0,68000.0,,17000.0,0.0,24000.0,15000.0,10000.0,126000.0,150000.0,23.1,63.0
1665,DI Yogyakarta,Perkotaan,Perempuan,22.0,SMA/SMK,Buruh/Pekerja Harian,Menikah,3.0,2700000.0,1800000,208000.0,310000.0,117000.0,235000.0,94000.0,233000.0,58000.0,78000.0,52000.0,140000.0,69000.0,54000.0,0.0,900000.0,33.3,58.3
1180,Jawa Tengah,Perkotaan,Laki-laki,25.0,SMA/SMK,Wiraswasta,Menikah,0.0,4800000.0,3672000,448000.0,474000.0,270000.0,351000.0,54000.0,537000.0,161000.0,185000.0,0.0,358000.0,130000.0,,643000.0,1078000.0,22.7,79.5
1754,Sumatera Utara,Perkotaan,Laki-laki,31.0,Sarjana (S1),Buruh/Pekerja Harian,Belum Menikah,0.0,7100000.0,6287000,477000.0,583000.0,219000.0,329000.0,31000.0,1551000.0,269000.0,267000.0,0.0,545000.0,405000.0,421000.0,800000.0,813000.0,11.5,74.6
1151,DKI Jakarta,Perdesaan,Perempuan,56.0,SMA/SMK,Buruh/Pekerja Harian,Menikah,2.0,1350000.0,1134000,172000.0,207000.0,89000.0,170000.0,32000.0,113000.0,28000.0,44000.0,23000.0,63000.0,32000.0,23000.0,0.0,216000.0,16.0,45.0
791,Sumatera Utara,Perkotaan,Perempuan,29.0,SD,,Menikah,2.0,500000.0,453000,65000.0,,33000.0,49000.0,19000.0,67000.0,18000.0,16000.0,26000.0,28000.0,,19000.0,0.0,47000.0,9.4,49.2
117,Jawa Timur,Perdesaan,Perempuan,40.0,SMA/SMK,PNS/ASN,Belum Menikah,0.0,2300000.0,1593000,207000.0,250000.0,152000.0,225000.0,86000.0,166000.0,57000.0,,0.0,128000.0,66000.0,21000.0,24000.0,707000.0,30.8,31.4
1498,DKI Jakarta,Perkotaan,Perempuan,46.0,Sarjana (S1),Karyawan Swasta,Menikah,1.0,7300000.0,6371000,381000.0,428000.0,273000.0,434000.0,135000.0,1593000.0,352000.0,279000.0,266000.0,624000.0,257000.0,319000.0,0.0,929000.0,12.7,76.4
741,DKI Jakarta,Perkotaan,Perempuan,47.0,Sarjana (S1),PNS/ASN,Belum Menikah,0.0,16000000.0,10688000,651000.0,866000.0,325000.0,520000.0,159000.0,1936000.0,566000.0,617000.0,0.0,1269000.0,747000.0,290000.0,0.0,,,69.9
1917,DKI Jakarta,Perkotaan,Laki-laki,45.0,SMA/SMK,Buruh/Pekerja Harian,Menikah,2.0,7050000.0,5178000,340000.0,480000.0,235000.0,273000.0,10000.0,1174000.0,263000.0,244000.0,230000.0,377000.0,266000.0,200000.0,1377000.0,1872000.0,26.6,49.8
1082,Sumatera Selatan,Perdesaan,Laki-laki,30.0,Tidak Sekolah,Karyawan Swasta,Menikah,2.0,500000.0,441000,75000.0,,,54000.0,21000.0,31000.0,11000.0,15000.0,17000.0,17000.0,9000.0,5000.0,,59000.0,11.7,43.6
1628,DKI Jakarta,Perkotaan,Perempuan,27.0,SD,Buruh/Pekerja Harian,Menikah,2.0,2750000.0,2424000,314000.0,312000.0,201000.0,194000.0,137000.0,278000.0,89000.0,66000.0,127000.0,180000.0,85000.0,39000.0,441000.0,,11.9,40.0
831,Jawa Tengah,Perkotaan,Perempuan,20.0,SMA/SMK,Buruh/Pekerja Harian,Belum Menikah,0.0,3200000.0,2561000,243000.0,250000.0,147000.0,228000.0,102000.0,369000.0,143000.0,92000.0,0.0,256000.0,127000.0,94000.0,3000.0,639000.0,20.0,39.7
120,Banten,Perdesaan,Perempuan,31.0,SMP,Karyawan Swasta,Cerai/Janda/Duda,0.0,3750000.0,2754000,269000.0,366000.0,200000.0,345000.0,15000.0,351000.0,153000.0,160000.0,0.0,296000.0,95000.0,112000.0,510000.0,996000.0,26.6,51.8
657,DKI Jakarta,Perdesaan,Perempuan,28.0,SMA/SMK,Pelajar/Mahasiswa,Menikah,1.0,1450000.0,1118000,,204000.0,,131000.0,5000.0,160000.0,25000.0,56000.0,,93000.0,29000.0,16000.0,0.0,332000.0,22.9,29.1
1877,DKI Jakarta,Perdesaan,Laki-laki,36.0,SMP,Karyawan Swasta,Menikah,4.0,5200000.0,3542000,316000.0,383000.0,,292000.0,10000.0,750000.0,152000.0,215000.0,259000.0,234000.0,111000.0,80000.0,826000.0,1658000.0,31.9,43.3
240,DKI Jakarta,Perkotaan,Perempuan,36.0,Sarjana (S1),Buruh/Pekerja Harian,Menikah,1.0,5300000.0,4527000,459000.0,465000.0,183000.0,299000.0,89000.0,925000.0,223000.0,289000.0,263000.0,371000.0,,249000.0,,773000.0,14.6,60.6
636,DKI Jakarta,Perkotaan,Laki-laki,39.0,SD,Buruh/Pekerja Harian,Belum Menikah,0.0,3000000.0,1997000,247000.0,272000.0,160000.0,,30000.0,343000.0,72000.0,53000.0,0.0,145000.0,86000.0,,0.0,1003000.0,33.4,51.7
370,Jawa Tengah,Perdesaan,Laki-laki,21.0,SD,Tidak Bekerja,Belum Menikah,0.0,500000.0,371000,65000.0,61000.0,38000.0,54000.0,24000.0,45000.0,13000.0,15000.0,0.0,20000.0,9000.0,8000.0,88000.0,129000.0,25.8,36.0
269,DKI Jakarta,Perkotaan,Perempuan,40.0,SMA/SMK,Karyawan Swasta,Cerai/Janda/Duda,3.0,,5239000,316000.0,397000.0,157000.0,324000.0,158000.0,1065000.0,209000.0,361000.0,325000.0,718000.0,277000.0,168000.0,0.0,1361000.0,20.6,48.5
656,Banten,Perdesaan,Laki-laki,21.0,SMP,Buruh/Pekerja Harian,Menikah,4.0,3450000.0,2645000,213000.0,264000.0,134000.0,260000.0,85000.0,487000.0,,135000.0,,263000.0,106000.0,78000.0,361000.0,805000.0,,44.5
936,Jawa Barat,Perdesaan,Laki-laki,30.0,SMA/SMK,Karyawan Swasta,Menikah,3.0,2800000.0,2019000,258000.0,359000.0,173000.0,181000.0,84000.0,222000.0,76000.0,,91000.0,87000.0,71000.0,71000.0,0.0,781000.0,27.9,71.9
823,DKI Jakarta,Perkotaan,Perempuan,38.0,SMP,Wiraswasta,Belum Menikah,,5900000.0,4769000,650000.0,678000.0,242000.0,387000.0,262000.0,791000.0,134000.0,254000.0,0.0,362000.0,168000.0,105000.0,75000.0,1131000.0,19.2,32.5
867,Sumatera Utara,Perdesaan,Laki-laki,29.0,Diploma,Wiraswasta,Menikah,2.0,5450000.0,4781000,384000.0,656000.0,287000.0,406000.0,142000.0,632000.0,219000.0,344000.0,213000.0,498000.0,207000.0,219000.0,0.0,669000.0,12.3,62.4
47,DKI Jakarta,Perkotaan,Laki-laki,43.0,SMA/SMK,Karyawan Swasta,Cerai/Janda/Duda,1.0,11250000.0,7810000,693000.0,792000.0,292000.0,403000.0,203000.0,1589000.0,339000.0,621000.0,347000.0,763000.0,518000.0,316000.0,895000.0,3440000.0,30.6,68.5
1374,Kalimantan Timur,Perkotaan,Laki-laki,30.0,Tidak Sekolah,Karyawan Swasta,Menikah,1.0,5100000.0,3499000,396000.0,556000.0,261000.0,270000.0,,639000.0,136000.0,205000.0,188000.0,,108000.0,63000.0,0.0,1601000.0,31.4,52.9
1937,Sumatera Selatan,Perkotaan,Perempuan,70.0,SMA/SMK,Tidak Bekerja,Menikah,2.0,950000.0,865000,118000.0,163000.0,96000.0,147000.0,63000.0,62000.0,28000.0,32000.0,39000.0,48000.0,16000.0,20000.0,0.0,85000.0,8.9,
992,Kalimantan Timur,Perkotaan,Laki-laki,19.0,Sarjana (S1),Karyawan Swasta,Menikah,1.0,4500000.0,3633000,354000.0,420000.0,199000.0,297000.0,82000.0,683000.0,195000.0,222000.0,251000.0,267000.0,140000.0,,683000.0,867000.0,19.3,87.0
877,Banten,Perkotaan,Laki-laki,37.0,Sarjana (S1),Buruh/Pekerja Harian,Menikah,3.0,7800000.0,5127000,273000.0,385000.0,156000.0,390000.0,85000.0,1142000.0,244000.0,277000.0,319000.0,648000.0,281000.0,,1199000.0,2673000.0,34.3,71.1
774,DKI Jakarta,Perdesaan,Laki-laki,52.0,SD,Buruh/Pekerja Harian,Menikah,1.0,1000000.0,848000,111000.0,167000.0,95000.0,102000.0,59000.0,105000.0,20000.0,32000.0,23000.0,53000.0,,15000.0,162000.0,152000.0,15.2,23.4
1220,DKI Jakarta,Perdesaan,Laki-laki,39.0,Sarjana (S1),Wiraswasta,Belum Menikah,0.0,,6517000,499000.0,588000.0,330000.0,314000.0,21000.0,919000.0,382000.0,393000.0,0.0,849000.0,339000.0,206000.0,430000.0,783000.0,10.7,48.0
1127,Sumatera Utara,Perdesaan,Laki-laki,31.0,Sarjana (S1),Karyawan Swasta,Belum Menikah,0.0,3700000.0,2593000,258000.0,326000.0,,255000.0,45000.0,,155000.0,169000.0,0.0,169000.0,114000.0,117000.0,0.0,1107000.0,29.9,77.3
5,Sumatera Utara,Perkotaan,Laki-laki,25.0,Sarjana (S1),Buruh/Pekerja Harian,Menikah,3.0,2900000.0,2031000,326000.0,342000.0,185000.0,320000.0,43000.0,196000.0,56000.0,72000.0,119000.0,168000.0,46000.0,59000.0,0.0,869000.0,30.0,64.9
1982,Banten,Perkotaan,Laki-laki,17.0,Pascasarjana (S2/S3),Pelajar/Mahasiswa,Menikah,1.0,5000000.0,4494000,453000.0,612000.0,187000.0,392000.0,153000.0,881000.0,215000.0,166000.0,371000.0,,148000.0,167000.0,447000.0,456000.0,9.2,66.0
1004,DI Yogyakarta,Perdesaan,Laki-laki,17.0,SMA/SMK,Karyawan Swasta,Menikah,2.0,1500000.0,1192000,196000.0,172000.0,94000.0,177000.0,48000.0,107000.0,,37000.0,39000.0,78000.0,40000.0,44000.0,0.0,308000.0,20.6,66.8
1891,DKI Jakarta,Perkotaan,Laki-laki,26.0,SD,Tidak Bekerja,Menikah,2.0,1600000.0,1408000,137000.0,203000.0,100000.0,137000.0,71000.0,157000.0,69000.0,67000.0,84000.0,150000.0,60000.0,65000.0,0.0,192000.0,12.0,51.8
1954,DKI Jakarta,Perkotaan,Laki-laki,42.0,SMA/SMK,Karyawan Swasta,Belum Menikah,0.0,5950000.0,4403000,355000.0,534000.0,201000.0,415000.0,120000.0,916000.0,149000.0,178000.0,0.0,510000.0,249000.0,,0.0,1547000.0,26.0,54.6
264,Bali,Perdesaan,Laki-laki,31.0,,Pelajar/Mahasiswa,Menikah,1.0,1000000.0,714000,116000.0,,43000.0,93000.0,41000.0,87000.0,,31000.0,18000.0,64000.0,23000.0,16000.0,61000.0,286000.0,28.6,40.8
1781,Sumatera Utara,Perdesaan,Laki-laki,17.0,,Karyawan Swasta,Menikah,2.0,2700000.0,1782000,244000.0,251000.0,121000.0,197000.0,50000.0,200000.0,79000.0,68000.0,95000.0,138000.0,69000.0,59000.0,439000.0,918000.0,34.0,74.6
613,DI Yogyakarta,Perkotaan,Perempuan,28.0,SD,Karyawan Swasta,Menikah,3.0,3050000.0,2299000,261000.0,300000.0,138000.0,,,284000.0,,99000.0,147000.0,149000.0,80000.0,60000.0,376000.0,751000.0,24.6,25.4
444,Sumatera Utara,Perkotaan,Laki-laki,44.0,SD,PNS/ASN,Menikah,2.0,2250000.0,1489000,215000.0,266000.0,101000.0,116000.0,16000.0,216000.0,59000.0,76000.0,55000.0,128000.0,61000.0,38000.0,66000.0,761000.0,33.8,
1003,Jawa Timur,Perdesaan,Laki-laki,38.0,,Buruh/Pekerja Harian,Menikah,1.0,1250000.0,1100000,156000.0,209000.0,73000.0,171000.0,43000.0,108000.0,34000.0,44000.0,23000.0,74000.0,35000.0,20000.0,76000.0,150000.0,12.0,61.9
1078,Jawa Tengah,Perkotaan,Perempuan,56.0,SMA/SMK,PNS/ASN,Menikah,0.0,4900000.0,3760000,443000.0,471000.0,205000.0,273000.0,154000.0,628000.0,120000.0,209000.0,,312000.0,199000.0,207000.0,717000.0,1140000.0,,50.5
838,Jawa Timur,Perdesaan,Perempuan,41.0,SMA/SMK,Wiraswasta,Belum Menikah,0.0,1700000.0,1253000,,168000.0,93000.0,103000.0,30000.0,145000.0,38000.0,62000.0,0.0,108000.0,41000.0,42000.0,59000.0,447000.0,26.3,47.1
629,Jawa Barat,Perkotaan,Laki-laki,37.0,,Wiraswasta,Menikah,2.0,4150000.0,3270000,448000.0,441000.0,,236000.0,118000.0,580000.0,172000.0,212000.0,139000.0,279000.0,128000.0,123000.0,0.0,930000.0,22.1,36.8
305,Jawa Barat,Perkotaan,Laki-laki,35.0,SMA/SMK,Wiraswasta,Belum Menikah,0.0,7350000.0,4803000,540000.0,548000.0,234000.0,529000.0,5000.0,853000.0,230000.0,194000.0,0.0,424000.0,245000.0,240000.0,0.0,2547000.0,,
1366,Jawa Barat,Perkotaan,Perempuan,35.0,Tidak Sekolah,Tidak Bekerja,Belum Menikah,,500000.0,446000,71000.0,74000.0,32000.0,67000.0,26000.0,58000.0,15000.0,12000.0,0.0,35000.0,16000.0,12000.0,57000.0,54000.0,10.7,62.8
1768,DKI Jakarta,Perdesaan,Perempuan,45.0,,Pelajar/Mahasiswa,Menikah,4.0,1400000.0,1110000,158000.0,215000.0,85000.0,125000.0,7000.0,90000.0,28000.0,44000.0,30000.0,56000.0,41000.0,32000.0,255000.0,290000.0,20.7,37.2
314,DKI Jakarta,Perdesaan,Perempuan,48.0,SMA/SMK,Buruh/Pekerja Harian,Belum Menikah,0.0,2300000.0,1773000,261000.0,270000.0,153000.0,264000.0,56000.0,229000.0,57000.0,88000.0,0.0,117000.0,72000.0,67000.0,0.0,527000.0,22.9,53.0
150,Sumatera Selatan,Perkotaan,Laki-laki,18.0,,Wiraswasta,Menikah,3.0,3250000.0,2835000,308000.0,382000.0,160000.0,374000.0,18000.0,525000.0,130000.0,135000.0,82000.0,228000.0,109000.0,64000.0,631000.0,,12.8,29.1
1149,Sumatera Selatan,Perkotaan,Perempuan,50.0,Diploma,Buruh/Pekerja Harian,Menikah,1.0,2500000.0,1804000,271000.0,336000.0,167000.0,162000.0,43000.0,212000.0,47000.0,47000.0,74000.0,166000.0,65000.0,61000.0,0.0,696000.0,27.8,66.7
1214,DKI Jakarta,Perdesaan,Laki-laki,54.0,Tidak Sekolah,Karyawan Swasta,Menikah,0.0,1300000.0,847000,163000.0,146000.0,83000.0,141000.0,11000.0,65000.0,,20000.0,0.0,35000.0,25000.0,,12000.0,453000.0,34.8,
575,Nusa Tenggara Barat,Perkotaan,Laki-laki,53.0,Sarjana (S1),Buruh/Pekerja Harian,Belum Menikah,0.0,900000.0,702000,111000.0,,68000.0,109000.0,27000.0,84000.0,28000.0,32000.0,0.0,48000.0,17000.0,30000.0,0.0,198000.0,22.0,86.0
1722,Jawa Timur,Perkotaan,Perempuan,30.0,SMA/SMK,Wiraswasta,Belum Menikah,,2250000.0,1963000,313000.0,,143000.0,234000.0,67000.0,170000.0,66000.0,62000.0,0.0,130000.0,42000.0,44000.0,225000.0,287000.0,12.7,52.4
1689,Jawa Barat,Perkotaan,Perempuan,,Diploma,Karyawan Swasta,Menikah,1.0,3200000.0,2826000,359000.0,395000.0,159000.0,,129000.0,464000.0,112000.0,181000.0,211000.0,297000.0,150000.0,91000.0,365000.0,374000.0,11.7,64.0
51,Jawa Timur,Perdesaan,Perempuan,,SMP,Buruh/Pekerja Harian,Belum Menikah,0.0,1350000.0,1077000,208000.0,218000.0,112000.0,169000.0,65000.0,72000.0,18000.0,23000.0,0.0,39000.0,32000.0,15000.0,91000.0,273000.0,20.2,46.0
1763,DKI Jakarta,Perkotaan,Perempuan,43.0,,Buruh/Pekerja Harian,Menikah,2.0,,7086000,550000.0,579000.0,216000.0,465000.0,,1769000.0,302000.0,520000.0,615000.0,1033000.0,407000.0,474000.0,0.0,2064000.0,,65.6
727,Jawa Tengah,Perkotaan,Perempuan,37.0,SMA/SMK,PNS/ASN,Menikah,1.0,10100000.0,8592000,586000.0,831000.0,313000.0,634000.0,13000.0,1575000.0,410000.0,655000.0,896000.0,893000.0,557000.0,483000.0,1638000.0,1508000.0,14.9,60.2
834,DKI Jakarta,Perdesaan,Laki-laki,18.0,SMA/SMK,Karyawan Swasta,Cerai/Janda/Duda,0.0,3550000.0,3006000,294000.0,465000.0,216000.0,216000.0,22000.0,475000.0,134000.0,165000.0,0.0,277000.0,,135000.0,185000.0,544000.0,15.3,64.0
1378,Bali,Perkotaan,Laki-laki,24.0,SMA/SMK,Buruh/Pekerja Harian,Belum Menikah,0.0,,2894000,268000.0,388000.0,183000.0,250000.0,44000.0,416000.0,,195000.0,0.0,291000.0,153000.0,108000.0,161000.0,,,77.0
1116,Jawa Tengah,Perdesaan,Laki-laki,,Diploma,Pelajar/Mahasiswa,Belum Menikah,0.0,500000.0,389000,65000.0,84000.0,34000.0,53000.0,24000.0,41000.0,6000.0,8000.0,0.0,16000.0,9000.0,6000.0,83000.0,111000.0,22.2,50.8
1167,Bali,Perkotaan,Perempuan,,,Buruh/Pekerja Harian,Menikah,2.0,3800000.0,3445000,437000.0,462000.0,266000.0,247000.0,20000.0,550000.0,119000.0,214000.0,172000.0,263000.0,154000.0,154000.0,0.0,355000.0,9.4,65.7
471,Kalimantan Timur,Perkotaan,Perempuan,57.0,SD,Karyawan Swasta,Belum Menikah,0.0,6400000.0,5244000,395000.0,479000.0,221000.0,294000.0,45000.0,817000.0,343000.0,345000.0,0.0,440000.0,218000.0,,844000.0,1156000.0,18.1,26.4
972,Bali,Perkotaan,Laki-laki,27.0,SMP,Karyawan Swasta,Menikah,0.0,4250000.0,2840000,255000.0,383000.0,212000.0,285000.0,131000.0,514000.0,86000.0,102000.0,0.0,265000.0,115000.0,80000.0,0.0,1410000.0,33.2,55.7
654,DI Yogyakarta,Perdesaan,Laki-laki,29.0,SMA/SMK,Karyawan Swasta,Menikah,0.0,3850000.0,3051000,253000.0,301000.0,162000.0,186000.0,81000.0,389000.0,105000.0,168000.0,0.0,303000.0,98000.0,133000.0,556000.0,799000.0,20.8,53.8
400,Jawa Timur,Perkotaan,Perempuan,25.0,SMA/SMK,Buruh/Pekerja Harian,Menikah,3.0,3500000.0,2791000,238000.0,320000.0,135000.0,205000.0,125000.0,384000.0,153000.0,204000.0,89000.0,291000.0,107000.0,56000.0,0.0,709000.0,20.3,51.8
512,DKI Jakarta,Perkotaan,Laki-laki,26.0,SMA/SMK,Buruh/Pekerja Harian,Belum Menikah,0.0,2850000.0,2170000,305000.0,402000.0,,173000.0,122000.0,214000.0,100000.0,71000.0,,141000.0,56000.0,39000.0,538000.0,680000.0,23.9,64.1
321,Jawa Barat,Perdesaan,Laki-laki,29.0,Sarjana (S1),Wiraswasta,Menikah,3.0,4800000.0,3554000,315000.0,411000.0,179000.0,359000.0,,610000.0,,135000.0,193000.0,412000.0,147000.0,163000.0,0.0,1246000.0,,54.5
20,Jawa Barat,Perdesaan,Perempuan,57.0,SD,Tidak Bekerja,Menikah,4.0,650000.0,586000,103000.0,91000.0,37000.0,74000.0,35000.0,79000.0,13000.0,21000.0,20000.0,45000.0,21000.0,20000.0,0.0,64000.0,9.8,57.4
685,Jawa Tengah,Perkotaan,Perempuan,41.0,Pascasarjana (S2/S3),Wiraswasta,Menikah,2.0,11550000.0,9485000,909000.0,,442000.0,693000.0,243000.0,1697000.0,461000.0,323000.0,426000.0,941000.0,576000.0,313000.0,797000.0,2065000.0,17.9,58.9
36,Jawa Barat,Perdesaan,Perempuan,55.0,SD,Tidak Bekerja,Menikah,3.0,500000.0,361000,51000.0,63000.0,24000.0,34000.0,20000.0,56000.0,12000.0,10000.0,12000.0,16000.0,15000.0,6000.0,27000.0,139000.0,27.7,55.8
903,Jawa Tengah,Perdesaan,Laki-laki,56.0,SMA/SMK,Buruh/Pekerja Harian,Menikah,2.0,1050000.0,957000,159000.0,204000.0,68000.0,,65000.0,89000.0,35000.0,20000.0,50000.0,52000.0,19000.0,33000.0,0.0,93000.0,8.9,51.5
276,Jawa Tengah,Perdesaan,Laki-laki,55.0,SMA/SMK,Wiraswasta,Menikah,3.0,5900000.0,5276000,,630000.0,198000.0,352000.0,114000.0,1103000.0,254000.0,383000.0,327000.0,496000.0,186000.0,287000.0,0.0,574000.0,9.8,38.5
828,Jawa Tengah,Perkotaan,Laki-laki,39.0,Sarjana (S1),Karyawan Swasta,Menikah,1.0,4250000.0,3238000,310000.0,370000.0,179000.0,346000.0,125000.0,629000.0,,,122000.0,221000.0,191000.0,172000.0,744000.0,1012000.0,23.8,79.8
1079,DKI Jakarta,Perkotaan,Perempuan,66.0,Sarjana (S1),Karyawan Swasta,Belum Menikah,0.0,10500000.0,9201000,,1022000.0,542000.0,830000.0,,1869000.0,351000.0,396000.0,0.0,830000.0,391000.0,312000.0,,1349000.0,12.8,88.4
408,Sulawesi Selatan,Perkotaan,Laki-laki,61.0,SMA/SMK,Wiraswasta,Menikah,2.0,7700000.0,5559000,598000.0,637000.0,339000.0,487000.0,262000.0,1039000.0,328000.0,364000.0,471000.0,609000.0,245000.0,160000.0,0.0,2141000.0,27.8,62.8
921,Jawa Barat,Perdesaan,Laki-laki,33.0,Sarjana (S1),Pelajar/Mahasiswa,Belum Menikah,0.0,1500000.0,1010000,129000.0,171000.0,105000.0,130000.0,38000.0,130000.0,,45000.0,0.0,52000.0,28000.0,16000.0,54000.0,490000.0,32.7,70.7
538,Jawa Barat,Perkotaan,Perempuan,26.0,Tidak Sekolah,Karyawan Swasta,Belum Menikah,0.0,1600000.0,1251000,161000.0,159000.0,69000.0,113000.0,71000.0,168000.0,52000.0,43000.0,,96000.0,35000.0,21000.0,0.0,349000.0,21.8,51.3
759,Sulawesi Selatan,Perkotaan,Perempuan,27.0,Sarjana (S1),Karyawan Swasta,Menikah,2.0,3850000.0,2796000,278000.0,429000.0,182000.0,,29000.0,,92000.0,143000.0,142000.0,291000.0,136000.0,111000.0,0.0,,27.4,67.9
1706,DKI Jakarta,Perkotaan,Laki-laki,17.0,SMA/SMK,Tidak Bekerja,Belum Menikah,0.0,1550000.0,1205000,123000.0,180000.0,74000.0,177000.0,45000.0,145000.0,34000.0,32000.0,0.0,67000.0,52000.0,55000.0,0.0,345000.0,22.2,58.9
1371,Banten,Perkotaan,Laki-laki,42.0,SMA/SMK,Wiraswasta,Belum Menikah,0.0,13650000.0,10898000,641000.0,797000.0,448000.0,891000.0,340000.0,1573000.0,432000.0,709000.0,0.0,,763000.0,,547000.0,2752000.0,,52.6
1063,DI Yogyakarta,Perdesaan,Laki-laki,30.0,Sarjana (S1),Buruh/Pekerja Harian,Cerai/Janda/Duda,1.0,1050000.0,688000,123000.0,118000.0,55000.0,120000.0,,77000.0,16000.0,23000.0,38000.0,42000.0,17000.0,9000.0,,362000.0,34.5,58.1
1200,Banten,Perkotaan,Laki-laki,36.0,SMP,Karyawan Swasta,Belum Menikah,0.0,2650000.0,1817000,231000.0,,138000.0,235000.0,63000.0,222000.0,69000.0,62000.0,0.0,175000.0,81000.0,59000.0,290000.0,833000.0,31.4,58.4
246,Jawa Tengah,Perdesaan,Laki-laki,18.0,SMA/SMK,Wiraswasta,Menikah,1.0,4550000.0,3973000,382000.0,487000.0,234000.0,270000.0,102000.0,819000.0,178000.0,292000.0,,284000.0,172000.0,240000.0,0.0,,12.7,47.8
1417,Banten,Perkotaan,Laki-laki,34.0,SD,Tidak Bekerja,Menikah,2.0,850000.0,611000,94000.0,120000.0,62000.0,62000.0,32000.0,72000.0,18000.0,15000.0,24000.0,35000.0,17000.0,14000.0,0.0,239000.0,,35.0
1128,Jawa Barat,Perkotaan,Perempuan,64.0,SMP,Karyawan Swasta,Menikah,3.0,5050000.0,3754000,400000.0,532000.0,,,129000.0,591000.0,169000.0,186000.0,147000.0,297000.0,161000.0,178000.0,431000.0,1296000.0,25.7,40.1
785,DKI Jakarta,Perdesaan,Perempuan,21.0,Sarjana (S1),Wiraswasta,Belum Menikah,0.0,16450000.0,14926000,1136000.0,1595000.0,767000.0,949000.0,574000.0,2283000.0,839000.0,912000.0,,1504000.0,561000.0,,0.0,1524000.0,9.3,56.0
1974,Kalimantan Timur,Perdesaan,Laki-laki,36.0,SMP,Karyawan Swasta,Belum Menikah,0.0,4300000.0,2841000,274000.0,373000.0,190000.0,339000.0,141000.0,544000.0,120000.0,,0.0,202000.0,87000.0,55000.0,0.0,1459000.0,33.9,43.4
490,Banten,Perdesaan,Perempuan,38.0,Diploma,Karyawan Swasta,Menikah,4.0,5950000.0,3963000,454000.0,463000.0,312000.0,478000.0,23000.0,481000.0,176000.0,163000.0,118000.0,340000.0,153000.0,82000.0,1089000.0,,33.4,51.2
155,Jawa Barat,Perkotaan,Perempuan,40.0,Sarjana (S1),PNS/ASN,Belum Menikah,0.0,7900000.0,6359000,389000.0,412000.0,239000.0,247000.0,154000.0,1164000.0,246000.0,431000.0,,661000.0,467000.0,322000.0,0.0,1541000.0,19.5,57.4
1663,Jawa Barat,Perdesaan,Laki-laki,51.0,SD,Buruh/Pekerja Harian,Menikah,2.0,1900000.0,1662000,215000.0,266000.0,113000.0,147000.0,102000.0,227000.0,54000.0,81000.0,,,76000.0,28000.0,182000.0,238000.0,12.5,51.0
962,Jawa Barat,Perkotaan,Laki-laki,40.0,Diploma,Buruh/Pekerja Harian,Belum Menikah,0.0,3200000.0,2322000,221000.0,295000.0,156000.0,163000.0,76000.0,355000.0,139000.0,100000.0,0.0,142000.0,107000.0,57000.0,0.0,878000.0,27.4,65.4
1687,Jawa Barat,Perdesaan,Perempuan,36.0,Diploma,Karyawan Swasta,Menikah,2.0,5300000.0,3605000,404000.0,387000.0,170000.0,249000.0,1000.0,638000.0,136000.0,129000.0,,320000.0,160000.0,119000.0,0.0,1695000.0,32.0,72.7
854,DI Yogyakarta,Perdesaan,Laki-laki,42.0,SMA/SMK,Karyawan Swasta,Menikah,3.0,2200000.0,1975000,293000.0,299000.0,162000.0,322000.0,129000.0,262000.0,,57000.0,66000.0,173000.0,50000.0,38000.0,0.0,225000.0,10.2,58.8
1312,Nusa Tenggara Barat,Perkotaan,Laki-laki,17.0,Sarjana (S1),Karyawan Swasta,Belum Menikah,0.0,10250000.0,7697000,463000.0,542000.0,301000.0,382000.0,,1578000.0,348000.0,393000.0,0.0,670000.0,302000.0,420000.0,,2553000.0,,61.8
626,Jawa Barat,Perkotaan,Perempuan,26.0,Diploma,Buruh/Pekerja Harian,Menikah,3.0,4100000.0,3324000,346000.0,372000.0,219000.0,382000.0,76000.0,527000.0,150000.0,224000.0,234000.0,213000.0,157000.0,64000.0,269000.0,776000.0,18.9,64.6
686,Nusa Tenggara Barat,Perkotaan,Laki-laki,50.0,SMA/SMK,Buruh/Pekerja Harian,Belum Menikah,0.0,1800000.0,1209000,201000.0,206000.0,,204000.0,82000.0,155000.0,29000.0,44000.0,0.0,,39000.0,36000.0,0.0,591000.0,32.8,59.4
1773,Bali,Perdesaan,Perempuan,46.0,SD,Wiraswasta,Menikah,2.0,3600000.0,2864000,281000.0,461000.0,154000.0,381000.0,156000.0,505000.0,128000.0,,,222000.0,97000.0,76000.0,451000.0,736000.0,20.5,61.2
570,DI Yogyakarta,Perdesaan,Perempuan,17.0,Diploma,Buruh/Pekerja Harian,Menikah,3.0,2150000.0,1875000,253000.0,270000.0,142000.0,204000.0,83000.0,239000.0,81000.0,86000.0,104000.0,107000.0,87000.0,78000.0,142000.0,,12.8,53.6
566,Kalimantan Timur,Perkotaan,Laki-laki,42.0,SMA/SMK,Karyawan Swasta,Belum Menikah,0.0,2750000.0,2233000,297000.0,365000.0,144000.0,196000.0,106000.0,352000.0,68000.0,84000.0,0.0,161000.0,82000.0,82000.0,0.0,517000.0,18.8,45.3
1759,DKI Jakarta,Perdesaan,Perempuan,39.0,SD,Wiraswasta,Menikah,2.0,4100000.0,3690000,329000.0,457000.0,203000.0,276000.0,33000.0,769000.0,175000.0,207000.0,287000.0,242000.0,192000.0,93000.0,116000.0,410000.0,10.0,45.7
18,Sumatera Utara,Perkotaan,Laki-laki,32.0,Sarjana (S1),Karyawan Swasta,Menikah,0.0,4600000.0,3136000,304000.0,372000.0,168000.0,337000.0,52000.0,483000.0,186000.0,131000.0,0.0,391000.0,101000.0,195000.0,0.0,1464000.0,31.8,69.1
128,Jawa Timur,Perkotaan,Laki-laki,37.0,Diploma,Karyawan Swasta,,2.0,8750000.0,5711000,448000.0,499000.0,274000.0,449000.0,166000.0,1109000.0,271000.0,429000.0,387000.0,481000.0,377000.0,373000.0,0.0,3039000.0,34.7,
1347,Jawa Barat,Perkotaan,Perempuan,43.0,Sarjana (S1),Wiraswasta,Menikah,0.0,9000000.0,6490000,426000.0,572000.0,254000.0,513000.0,,1520000.0,258000.0,,0.0,692000.0,226000.0,384000.0,879000.0,2510000.0,27.9,53.6
1280,Sumatera Utara,Perdesaan,Laki-laki,43.0,SMA/SMK,Buruh/Pekerja Harian,Cerai/Janda/Duda,0.0,2200000.0,1798000,199000.0,317000.0,159000.0,254000.0,90000.0,215000.0,81000.0,85000.0,0.0,128000.0,79000.0,,248000.0,402000.0,18.3,56.8
530,Jawa Barat,Perkotaan,Laki-laki,36.0,Diploma,Karyawan Swasta,Menikah,0.0,5800000.0,5093000,515000.0,585000.0,263000.0,445000.0,10000.0,1040000.0,311000.0,195000.0,0.0,349000.0,178000.0,,984000.0,707000.0,12.2,56.4
928,Kalimantan Timur,Perkotaan,Perempuan,53.0,SMP,,Menikah,,4050000.0,2970000,287000.0,,193000.0,322000.0,90000.0,582000.0,141000.0,193000.0,103000.0,,110000.0,66000.0,420000.0,1080000.0,26.7,60.2
981,DKI Jakarta,Perkotaan,Perempuan,62.0,SMA/SMK,Karyawan Swasta,Menikah,3.0,7350000.0,5111000,488000.0,525000.0,242000.0,418000.0,131000.0,724000.0,190000.0,323000.0,452000.0,409000.0,261000.0,148000.0,989000.0,2239000.0,,65.8
253,Jawa Timur,Perkotaan,Perempuan,17.0,Sarjana (S1),Karyawan Swasta,Menikah,2.0,4600000.0,3421000,275000.0,387000.0,,231000.0,118000.0,459000.0,170000.0,121000.0,,390000.0,,193000.0,891000.0,1179000.0,25.6,74.5
191,DI Yogyakarta,Perkotaan,Perempuan,33.0,Sarjana (S1),Karyawan Swasta,Belum Menikah,0.0,3400000.0,2525000,315000.0,296000.0,182000.0,232000.0,8000.0,394000.0,84000.0,104000.0,0.0,146000.0,77000.0,69000.0,0.0,875000.0,25.7,56.9
1140,Sumatera Utara,Perkotaan,Perempuan,36.0,SMA/SMK,PNS/ASN,Belum Menikah,0.0,,6214000,481000.0,589000.0,251000.0,522000.0,88000.0,955000.0,286000.0,458000.0,0.0,726000.0,279000.0,390000.0,0.0,1286000.0,17.1,59.9
993,Jawa Timur,Perkotaan,Laki-laki,37.0,SMA/SMK,Karyawan Swasta,Menikah,2.0,3700000.0,2479000,259000.0,316000.0,141000.0,,38000.0,363000.0,93000.0,138000.0,150000.0,225000.0,82000.0,,0.0,1221000.0,33.0,54.0
700,Kalimantan Timur,Perkotaan,Laki-laki,32.0,Sarjana (S1),Wiraswasta,Belum Menikah,0.0,15900000.0,14096000,1001000.0,1344000.0,501000.0,631000.0,226000.0,2437000.0,869000.0,1185000.0,0.0,1713000.0,956000.0,625000.0,2681000.0,1804000.0,11.3,78.4
1878,Banten,Perkotaan,Laki-laki,23.0,Diploma,Karyawan Swasta,Menikah,2.0,10400000.0,7550000,655000.0,836000.0,407000.0,539000.0,331000.0,1482000.0,304000.0,452000.0,446000.0,887000.0,317000.0,206000.0,0.0,2850000.0,27.4,50.2
607,DI Yogyakarta,Perdesaan,Perempuan,25.0,SMP,Karyawan Swasta,Menikah,3.0,2050000.0,1521000,215000.0,224000.0,119000.0,137000.0,18000.0,253000.0,,78000.0,84000.0,,69000.0,39000.0,,,25.8,35.0
181,DKI Jakarta,Perdesaan,Perempuan,21.0,SMA/SMK,Wiraswasta,Menikah,1.0,9950000.0,8623000,732000.0,675000.0,451000.0,510000.0,203000.0,1897000.0,549000.0,705000.0,493000.0,1127000.0,343000.0,481000.0,1349000.0,1327000.0,13.3,59.3
302,Banten,Perdesaan,Perempuan,41.0,SMA/SMK,Buruh/Pekerja Harian,Menikah,1.0,1000000.0,658000,94000.0,120000.0,52000.0,101000.0,1000.0,74000.0,18000.0,24000.0,17000.0,57000.0,18000.0,28000.0,0.0,342000.0,34.2,68.7
497,Jawa Barat,Perkotaan,Laki-laki,43.0,Diploma,Buruh/Pekerja Harian,Menikah,2.0,3600000.0,3210000,270000.0,311000.0,192000.0,212000.0,54000.0,410000.0,114000.0,125000.0,111000.0,333000.0,184000.0,113000.0,154000.0,390000.0,10.8,52.0
1923,Jawa Timur,Perkotaan,Laki-laki,46.0,Tidak Sekolah,Wiraswasta,Menikah,1.0,4100000.0,3535000,347000.0,381000.0,218000.0,355000.0,56000.0,596000.0,182000.0,161000.0,246000.0,273000.0,141000.0,113000.0,684000.0,565000.0,13.8,66.6
1939,Sumatera Utara,Perkotaan,Perempuan,28.0,SMP,Wiraswasta,Cerai/Janda/Duda,1.0,5250000.0,4476000,521000.0,637000.0,260000.0,333000.0,171000.0,572000.0,185000.0,246000.0,312000.0,453000.0,156000.0,258000.0,,774000.0,14.7,48.0
1883,Nusa Tenggara Barat,Perkotaan,Laki-laki,17.0,SMA/SMK,Pelajar/Mahasiswa,Menikah,1.0,3000000.0,1950000,198000.0,219000.0,129000.0,151000.0,74000.0,279000.0,109000.0,92000.0,151000.0,184000.0,,92000.0,159000.0,1050000.0,35.0,
1334,Banten,Perkotaan,Perempuan,17.0,Diploma,PNS/ASN,Menikah,3.0,,8144000,528000.0,,321000.0,376000.0,,1697000.0,571000.0,301000.0,,848000.0,452000.0,492000.0,,2556000.0,23.9,59.8
1857,Bali,Perdesaan,Perempuan,36.0,SMP,Pelajar/Mahasiswa,Menikah,2.0,,593000,105000.0,115000.0,48000.0,61000.0,42000.0,42000.0,18000.0,18000.0,21000.0,35000.0,14000.0,11000.0,0.0,257000.0,30.3,58.7
518,Jawa Timur,Perkotaan,Laki-laki,36.0,SMP,Pelajar/Mahasiswa,Menikah,1.0,,874000,144000.0,159000.0,77000.0,118000.0,57000.0,124000.0,28000.0,26000.0,,43000.0,30000.0,24000.0,0.0,,20.5,33.8
1397,Jawa Timur,Perkotaan,Laki-laki,31.0,Tidak Sekolah,Wiraswasta,Cerai/Janda/Duda,0.0,2000000.0,1751000,215000.0,245000.0,96000.0,230000.0,62000.0,192000.0,75000.0,83000.0,0.0,105000.0,72000.0,39000.0,47000.0,249000.0,12.4,32.0
1070,Jawa Timur,Perdesaan,Laki-laki,26.0,Sarjana (S1),Wiraswasta,Belum Menikah,0.0,4550000.0,3227000,423000.0,401000.0,203000.0,217000.0,151000.0,575000.0,108000.0,208000.0,0.0,238000.0,153000.0,158000.0,,1323000.0,29.1,46.8
477,Jawa Timur,Perdesaan,Laki-laki,27.0,SMA/SMK,Karyawan Swasta,Menikah,4.0,2050000.0,1450000,167000.0,234000.0,109000.0,192000.0,27000.0,271000.0,43000.0,42000.0,105000.0,150000.0,42000.0,29000.0,,600000.0,29.3,50.7
158,Jawa Barat,Perdesaan,Laki-laki,49.0,SMA/SMK,Karyawan Swasta,Belum Menikah,0.0,3450000.0,3049000,297000.0,385000.0,194000.0,274000.0,66000.0,437000.0,137000.0,192000.0,0.0,211000.0,170000.0,137000.0,384000.0,401000.0,11.6,66.1
1244,Jawa Barat,Perdesaan,Laki-laki,44.0,Pascasarjana (S2/S3),Karyawan Swasta,Belum Menikah,0.0,7050000.0,5372000,626000.0,660000.0,281000.0,570000.0,75000.0,783000.0,270000.0,252000.0,0.0,371000.0,174000.0,,581000.0,1678000.0,23.8,58.9
1196,Jawa Timur,Perkotaan,Laki-laki,31.0,Sarjana (S1),Buruh/Pekerja Harian,Cerai/Janda/Duda,1.0,3350000.0,2382000,226000.0,243000.0,140000.0,186000.0,35000.0,397000.0,114000.0,88000.0,178000.0,,94000.0,63000.0,123000.0,968000.0,28.9,77.1
17,DI Yogyakarta,Perdesaan,Perempuan,26.0,SMA/SMK,PNS/ASN,Menikah,2.0,2800000.0,1928000,248000.0,280000.0,97000.0,,75000.0,217000.0,94000.0,103000.0,60000.0,112000.0,102000.0,58000.0,0.0,872000.0,31.1,44.1
1536,Banten,Perkotaan,Perempuan,54.0,SMA/SMK,Buruh/Pekerja Harian,Belum Menikah,0.0,3650000.0,3114000,283000.0,370000.0,221000.0,375000.0,143000.0,589000.0,154000.0,208000.0,0.0,313000.0,178000.0,58000.0,406000.0,536000.0,14.7,
1073,Jawa Barat,Perdesaan,Perempuan,17.0,Diploma,Karyawan Swasta,Belum Menikah,0.0,1800000.0,1358000,135000.0,196000.0,105000.0,149000.0,6000.0,187000.0,60000.0,38000.0,0.0,74000.0,48000.0,31000.0,,442000.0,24.5,69.8
1314,DI Yogyakarta,Perkotaan,Laki-laki,44.0,SMA/SMK,PNS/ASN,Menikah,3.0,7700000.0,6111000,473000.0,701000.0,294000.0,,178000.0,1134000.0,320000.0,373000.0,233000.0,456000.0,312000.0,224000.0,192000.0,1589000.0,20.6,59.0
547,DKI Jakarta,Perkotaan,Perempuan,53.0,SMA/SMK,Karyawan Swasta,Menikah,2.0,4800000.0,3646000,497000.0,545000.0,295000.0,378000.0,95000.0,620000.0,,233000.0,163000.0,356000.0,120000.0,135000.0,0.0,,24.0,64.4
1540,Sumatera Utara,Perkotaan,Laki-laki,37.0,Diploma,Buruh/Pekerja Harian,Belum Menikah,0.0,3300000.0,2726000,232000.0,287000.0,174000.0,300000.0,32000.0,573000.0,105000.0,98000.0,0.0,179000.0,105000.0,96000.0,160000.0,574000.0,17.4,76.1
659,Jawa Barat,Perkotaan,Perempuan,39.0,SD,Wiraswasta,Cerai/Janda/Duda,3.0,4850000.0,3366000,305000.0,469000.0,239000.0,334000.0,,616000.0,165000.0,214000.0,235000.0,304000.0,,,0.0,1484000.0,30.6,55.8
1841,Jawa Timur,Perkotaan,Perempuan,39.0,Pascasarjana (S2/S3),Buruh/Pekerja Harian,Belum Menikah,0.0,6750000.0,6034000,579000.0,567000.0,311000.0,416000.0,29000.0,1353000.0,393000.0,347000.0,0.0,414000.0,369000.0,258000.0,0.0,716000.0,10.6,65.0
1020,DI Yogyakarta,Perdesaan,Perempuan,33.0,SMP,PNS/ASN,Cerai/Janda/Duda,0.0,1000000.0,884000,138000.0,186000.0,85000.0,113000.0,19000.0,83000.0,17000.0,32000.0,0.0,,16000.0,16000.0,0.0,116000.0,11.6,54.9
1884,DKI Jakarta,Perdesaan,Laki-laki,35.0,SMA/SMK,Karyawan Swasta,Belum Menikah,0.0,3750000.0,2985000,217000.0,370000.0,,211000.0,34000.0,412000.0,182000.0,174000.0,,307000.0,181000.0,179000.0,580000.0,765000.0,20.4,46.4
1505,Jawa Barat,Perkotaan,Perempuan,22.0,Sarjana (S1),Wiraswasta,Belum Menikah,0.0,4550000.0,3732000,,478000.0,166000.0,297000.0,134000.0,735000.0,,117000.0,0.0,364000.0,171000.0,90000.0,887000.0,818000.0,18.0,59.9
960,Nusa Tenggara Barat,Perdesaan,Perempuan,29.0,SMA/SMK,PNS/ASN,Menikah,3.0,3850000.0,2629000,275000.0,297000.0,140000.0,164000.0,49000.0,500000.0,120000.0,79000.0,151000.0,201000.0,115000.0,91000.0,32000.0,1221000.0,31.7,59.1
1730,Jawa Barat,Perdesaan,Perempuan,18.0,Diploma,PNS/ASN,Menikah,3.0,7400000.0,6045000,471000.0,420000.0,206000.0,368000.0,134000.0,944000.0,414000.0,234000.0,600000.0,454000.0,255000.0,380000.0,1454000.0,1355000.0,18.3,77.1
284,DKI Jakarta,Perkotaan,Laki-laki,32.0,SMA/SMK,Wiraswasta,Menikah,2.0,18250000.0,12453000,1217000.0,1338000.0,499000.0,1203000.0,497000.0,1716000.0,693000.0,839000.0,1082000.0,968000.0,728000.0,401000.0,184000.0,5797000.0,,54.5
1633,Sumatera Utara,Perkotaan,Perempuan,38.0,SMA/SMK,Buruh/Pekerja Harian,Menikah,3.0,1600000.0,1260000,180000.0,213000.0,122000.0,197000.0,20000.0,136000.0,56000.0,38000.0,82000.0,94000.0,30000.0,30000.0,0.0,340000.0,21.2,51.8
798,DKI Jakarta,Perdesaan,Perempuan,41.0,Sarjana (S1),Wiraswasta,Belum Menikah,0.0,4600000.0,3516000,353000.0,341000.0,168000.0,202000.0,119000.0,649000.0,116000.0,258000.0,0.0,224000.0,174000.0,185000.0,32000.0,1084000.0,23.6,
1842,DI Yogyakarta,Perkotaan,Laki-laki,30.0,Sarjana (S1),Pelajar/Mahasiswa,Belum Menikah,0.0,2450000.0,1697000,186000.0,275000.0,141000.0,220000.0,,277000.0,66000.0,78000.0,0.0,147000.0,78000.0,33000.0,0.0,753000.0,30.7,52.7
226,DKI Jakarta,Perkotaan,Perempuan,23.0,SD,Buruh/Pekerja Harian,Belum Menikah,0.0,1950000.0,1324000,141000.0,238000.0,,,84000.0,,40000.0,60000.0,0.0,123000.0,60000.0,41000.0,53000.0,626000.0,32.1,65.3
27,Jawa Barat,Perkotaan,Perempuan,36.0,SMA/SMK,Karyawan Swasta,Menikah,1.0,6550000.0,5010000,,410000.0,163000.0,361000.0,52000.0,1009000.0,203000.0,294000.0,363000.0,370000.0,235000.0,138000.0,0.0,1540000.0,23.5,50.5
1732,DKI Jakarta,Perdesaan,Perempuan,17.0,SD,Wiraswasta,,2.0,6250000.0,4741000,390000.0,462000.0,149000.0,,58000.0,965000.0,255000.0,314000.0,379000.0,412000.0,204000.0,183000.0,0.0,1459000.0,23.5,36.9
1800,Banten,Perkotaan,Laki-laki,56.0,Sarjana (S1),Pelajar/Mahasiswa,Menikah,2.0,2000000.0,1571000,248000.0,272000.0,,135000.0,78000.0,243000.0,52000.0,43000.0,104000.0,91000.0,49000.0,25000.0,0.0,429000.0,21.5,53.9
438,Jawa Tengah,Perkotaan,Laki-laki,25.0,SMA/SMK,Buruh/Pekerja Harian,Cerai/Janda/Duda,1.0,,3033000,350000.0,472000.0,213000.0,239000.0,108000.0,365000.0,121000.0,139000.0,220000.0,234000.0,102000.0,74000.0,144000.0,1167000.0,27.8,49.9
495,Jawa Tengah,Perkotaan,Perempuan,37.0,SD,Buruh/Pekerja Harian,Menikah,2.0,1950000.0,1539000,236000.0,270000.0,125000.0,145000.0,84000.0,238000.0,,59000.0,53000.0,123000.0,60000.0,28000.0,71000.0,411000.0,21.1,42.2
1389,Nusa Tenggara Barat,Perkotaan,Laki-laki,29.0,SMP,Karyawan Swasta,Menikah,1.0,3850000.0,2535000,286000.0,288000.0,,240000.0,86000.0,490000.0,,163000.0,147000.0,168000.0,140000.0,,722000.0,1315000.0,34.2,43.1
230,Jawa Barat,Perkotaan,Perempuan,50.0,Sarjana (S1),PNS/ASN,Belum Menikah,0.0,10650000.0,8325000,582000.0,826000.0,340000.0,791000.0,152000.0,1551000.0,445000.0,649000.0,0.0,,412000.0,,1049000.0,2325000.0,21.8,79.7
38,DI Yogyakarta,Perdesaan,Perempuan,66.0,SMP,Karyawan Swasta,Belum Menikah,0.0,1450000.0,1176000,171000.0,240000.0,80000.0,118000.0,64000.0,121000.0,37000.0,36000.0,0.0,55000.0,40000.0,38000.0,79000.0,274000.0,18.9,41.1
1694,DKI Jakarta,Perkotaan,Perempuan,24.0,SD,PNS/ASN,Belum Menikah,0.0,4700000.0,3155000,401000.0,447000.0,189000.0,396000.0,,417000.0,99000.0,134000.0,0.0,346000.0,101000.0,154000.0,,1545000.0,,43.0
750,Bali,Perkotaan,Laki-laki,40.0,SMA/SMK,Karyawan Swasta,Menikah,3.0,7500000.0,5509000,396000.0,622000.0,271000.0,502000.0,120000.0,856000.0,246000.0,282000.0,541000.0,370000.0,365000.0,363000.0,715000.0,,26.5,46.9
1046,Kalimantan Timur,Perkotaan,Laki-laki,51.0,SD,Buruh/Pekerja Harian,Belum Menikah,0.0,2700000.0,1788000,173000.0,206000.0,,193000.0,21000.0,227000.0,87000.0,,0.0,164000.0,70000.0,45000.0,305000.0,912000.0,33.8,32.0
1399,Kalimantan Timur,Perkotaan,Laki-laki,59.0,Diploma,Karyawan Swasta,Menikah,,,16344000,1396000.0,1649000.0,,1612000.0,673000.0,3022000.0,719000.0,,571000.0,1847000.0,660000.0,775000.0,,,8.9,64.3
470,Jawa Barat,Perdesaan,Perempuan,25.0,Diploma,Wiraswasta,,2.0,5200000.0,4493000,,670000.0,371000.0,456000.0,85000.0,819000.0,220000.0,172000.0,228000.0,335000.0,136000.0,229000.0,0.0,,13.6,45.4
1919,DKI Jakarta,Perdesaan,Perempuan,53.0,SMA/SMK,,Belum Menikah,0.0,2250000.0,1718000,270000.0,302000.0,136000.0,273000.0,103000.0,162000.0,47000.0,76000.0,0.0,150000.0,56000.0,25000.0,88000.0,532000.0,23.6,27.1
745,DKI Jakarta,Perkotaan,Perempuan,60.0,SD,Buruh/Pekerja Harian,Menikah,,1450000.0,969000,164000.0,191000.0,101000.0,109000.0,32000.0,87000.0,26000.0,33000.0,0.0,40000.0,33000.0,26000.0,79000.0,481000.0,33.1,48.4
688,Sumatera Selatan,Perdesaan,Perempuan,38.0,Diploma,Karyawan Swasta,Menikah,3.0,3000000.0,1963000,252000.0,227000.0,97000.0,228000.0,91000.0,305000.0,70000.0,81000.0,92000.0,144000.0,68000.0,79000.0,184000.0,1037000.0,34.6,56.8
1057,Jawa Timur,Perdesaan,Laki-laki,63.0,SD,Karyawan Swasta,Belum Menikah,0.0,1550000.0,1038000,143000.0,,54000.0,110000.0,2000.0,116000.0,35000.0,41000.0,0.0,102000.0,37000.0,34000.0,0.0,512000.0,33.0,43.1
640,Jawa Barat,Perdesaan,Laki-laki,27.0,Sarjana (S1),Buruh/Pekerja Harian,Menikah,4.0,3700000.0,2427000,250000.0,232000.0,161000.0,226000.0,81000.0,362000.0,128000.0,81000.0,204000.0,179000.0,130000.0,70000.0,0.0,1273000.0,34.4,61.2
1942,Sulawesi Selatan,Perdesaan,Perempuan,45.0,Diploma,Wiraswasta,Belum Menikah,0.0,2850000.0,1861000,232000.0,302000.0,,255000.0,63000.0,295000.0,58000.0,86000.0,,158000.0,,71000.0,0.0,989000.0,,64.3
1219,Jawa Timur,Perdesaan,Laki-laki,47.0,Tidak Sekolah,Karyawan Swasta,Menikah,3.0,1350000.0,1164000,166000.0,226000.0,,233000.0,56000.0,117000.0,37000.0,31000.0,24000.0,64000.0,38000.0,30000.0,,186000.0,13.8,39.6
1159,Jawa Barat,Perdesaan,Perempuan,35.0,Tidak Sekolah,Karyawan Swasta,Menikah,3.0,3200000.0,2170000,294000.0,267000.0,133000.0,182000.0,,367000.0,,115000.0,,162000.0,81000.0,55000.0,434000.0,1030000.0,32.2,28.3
1416,Sumatera Selatan,Perkotaan,Laki-laki,25.0,SMP,PNS/ASN,Menikah,1.0,3750000.0,3105000,349000.0,392000.0,263000.0,226000.0,121000.0,,83000.0,164000.0,243000.0,266000.0,115000.0,148000.0,562000.0,645000.0,17.2,39.2
1528,Jawa Timur,Perdesaan,Perempuan,24.0,SMP,Karyawan Swasta,Menikah,1.0,1100000.0,758000,140000.0,133000.0,70000.0,104000.0,24000.0,63000.0,18000.0,21000.0,26000.0,42000.0,22000.0,,0.0,342000.0,31.1,35.3
1876,Sumatera Utara,Perkotaan,Perempuan,51.0,SD,Buruh/Pekerja Harian,Belum Menikah,0.0,2300000.0,1924000,313000.0,284000.0,130000.0,208000.0,39000.0,213000.0,,59000.0,0.0,110000.0,67000.0,37000.0,0.0,376000.0,16.3,37.5
1301,Jawa Barat,Perkotaan,Laki-laki,29.0,SMA/SMK,Karyawan Swasta,Belum Menikah,0.0,6950000.0,4778000,430000.0,494000.0,262000.0,545000.0,23000.0,772000.0,148000.0,,0.0,476000.0,246000.0,183000.0,569000.0,2172000.0,31.2,80.9
362,Sulawesi Selatan,Perkotaan,Laki-laki,,SD,Karyawan Swasta,Belum Menikah,0.0,1650000.0,1416000,161000.0,190000.0,79000.0,185000.0,,194000.0,54000.0,71000.0,0.0,118000.0,65000.0,24000.0,0.0,234000.0,14.2,53.1
801,Bali,Perdesaan,Perempuan,35.0,SMA/SMK,PNS/ASN,Menikah,0.0,3600000.0,3146000,307000.0,333000.0,163000.0,332000.0,88000.0,516000.0,111000.0,140000.0,0.0,393000.0,143000.0,125000.0,0.0,454000.0,12.6,55.7
1604,Nusa Tenggara Barat,Perkotaan,Laki-laki,17.0,Sarjana (S1),PNS/ASN,Menikah,3.0,7400000.0,6144000,554000.0,731000.0,385000.0,467000.0,82000.0,965000.0,298000.0,206000.0,491000.0,437000.0,217000.0,168000.0,423000.0,1256000.0,17.0,74.0
161,Sulawesi Selatan,Perkotaan,Perempuan,25.0,SD,Wiraswasta,Menikah,4.0,4250000.0,2927000,320000.0,329000.0,167000.0,300000.0,127000.0,557000.0,146000.0,171000.0,253000.0,226000.0,87000.0,86000.0,0.0,1323000.0,31.1,58.9
1705,DI Yogyakarta,Perkotaan,Laki-laki,45.0,Diploma,Karyawan Swasta,Menikah,4.0,4700000.0,3809000,433000.0,490000.0,248000.0,450000.0,26000.0,731000.0,131000.0,172000.0,111000.0,328000.0,146000.0,101000.0,402000.0,891000.0,19.0,50.4
957,Bali,Perkotaan,Laki-laki,32.0,SD,Karyawan Swasta,Menikah,1.0,4850000.0,4248000,,445000.0,197000.0,334000.0,125000.0,,231000.0,251000.0,150000.0,407000.0,139000.0,120000.0,,602000.0,12.4,49.5
1744,Banten,Perkotaan,Perempuan,25.0,Diploma,Karyawan Swasta,Cerai/Janda/Duda,2.0,8550000.0,6531000,,560000.0,266000.0,459000.0,,950000.0,329000.0,293000.0,584000.0,774000.0,307000.0,154000.0,,2019000.0,23.6,65.5
1187,Jawa Timur,Perdesaan,Perempuan,17.0,SMP,PNS/ASN,Menikah,1.0,2200000.0,1772000,221000.0,293000.0,173000.0,149000.0,23000.0,213000.0,65000.0,52000.0,114000.0,,75000.0,42000.0,,428000.0,19.5,43.8
822,Banten,Perdesaan,Laki-laki,31.0,Pascasarjana (S2/S3),Wiraswasta,Belum Menikah,0.0,18700000.0,14142000,1385000.0,1735000.0,,1275000.0,556000.0,,769000.0,601000.0,0.0,1405000.0,715000.0,723000.0,126000.0,4558000.0,24.4,81.1
1730,Jawa Barat,Perdesaan,Perempuan,18.0,Diploma,PNS/ASN,Menikah,3.0,7400000.0,6045000,,420000.0,206000.0,368000.0,134000.0,944000.0,414000.0,,600000.0,454000.0,255000.0,380000.0,1454000.0,1355000.0,18.3,77.1
1906,Sumatera Utara,Perdesaan,Perempuan,25.0,SMA/SMK,Karyawan Swasta,Menikah,1.0,1500000.0,1311000,166000.0,168000.0,94000.0,157000.0,,220000.0,36000.0,74000.0,37000.0,77000.0,37000.0,29000.0,206000.0,189000.0,12.6,45.5
878,Jawa Timur,Perdesaan,Laki-laki,32.0,SMA/SMK,Karyawan Swasta,Cerai/Janda/Duda,1.0,2250000.0,1771000,173000.0,289000.0,140000.0,219000.0,,265000.0,92000.0,64000.0,118000.0,146000.0,91000.0,81000.0,265000.0,479000.0,21.3,54.8
914,Jawa Timur,Perdesaan,Perempuan,37.0,SD,Karyawan Swasta,Menikah,2.0,750000.0,488000,94000.0,86000.0,55000.0,52000.0,9000.0,41000.0,17000.0,9000.0,20000.0,32000.0,14000.0,10000.0,134000.0,262000.0,34.9,30.4
153,Kalimantan Timur,Perkotaan,Perempuan,17.0,Sarjana (S1),Karyawan Swasta,Menikah,2.0,5450000.0,3996000,429000.0,471000.0,172000.0,318000.0,1000.0,808000.0,229000.0,181000.0,286000.0,314000.0,195000.0,201000.0,,1454000.0,26.7,61.2
99,Sumatera Selatan,Perkotaan,Laki-laki,28.0,Tidak Sekolah,Buruh/Pekerja Harian,Menikah,3.0,1900000.0,1622000,210000.0,240000.0,123000.0,,56000.0,184000.0,64000.0,48000.0,78000.0,121000.0,46000.0,47000.0,0.0,278000.0,14.7,
585,Jawa Tengah,Perdesaan,Perempuan,49.0,SMA/SMK,Wiraswasta,Menikah,2.0,3650000.0,2360000,214000.0,311000.0,156000.0,235000.0,17000.0,365000.0,93000.0,116000.0,188000.0,243000.0,74000.0,126000.0,,1240000.0,34.5,45.3
510,Kalimantan Timur,Perkotaan,Perempuan,55.0,Sarjana (S1),Wiraswasta,Menikah,2.0,9350000.0,7849000,564000.0,634000.0,323000.0,748000.0,211000.0,,317000.0,398000.0,356000.0,588000.0,507000.0,531000.0,0.0,1501000.0,16.0,63.3
1136,Jawa Barat,Perkotaan,Laki-laki,39.0,SMP,Karyawan Swasta,Menikah,2.0,7500000.0,6477000,350000.0,509000.0,254000.0,507000.0,119000.0,1063000.0,360000.0,369000.0,465000.0,568000.0,,192000.0,891000.0,1023000.0,13.6,47.6
1251,Jawa Tengah,Perdesaan,Laki-laki,45.0,Sarjana (S1),PNS/ASN,Menikah,1.0,3000000.0,2635000,290000.0,272000.0,105000.0,163000.0,31000.0,514000.0,124000.0,134000.0,177000.0,309000.0,89000.0,129000.0,,365000.0,12.2,
1886,Jawa Barat,Perkotaan,Perempuan,33.0,Pascasarjana (S2/S3),Karyawan Swasta,Menikah,2.0,12050000.0,10922000,892000.0,971000.0,534000.0,936000.0,326000.0,1803000.0,534000.0,615000.0,669000.0,987000.0,660000.0,232000.0,0.0,,9.4,59.6
104,Jawa Barat,Perdesaan,Laki-laki,38.0,Sarjana (S1),Karyawan Swasta,Menikah,2.0,3000000.0,2548000,257000.0,348000.0,146000.0,285000.0,26000.0,480000.0,93000.0,109000.0,80000.0,160000.0,109000.0,70000.0,9000.0,452000.0,15.1,59.7
1446,DKI Jakarta,Perdesaan,Laki-laki,38.0,SMA/SMK,Tidak Bekerja,Menikah,3.0,750000.0,672000,104000.0,154000.0,62000.0,118000.0,,58000.0,,18000.0,15000.0,30000.0,17000.0,19000.0,0.0,,10.5,56.5
1444,Jawa Tengah,Perdesaan,Perempuan,47.0,SMA/SMK,Wiraswasta,Menikah,0.0,2600000.0,1936000,217000.0,320000.0,193000.0,217000.0,124000.0,186000.0,51000.0,,0.0,130000.0,76000.0,78000.0,0.0,664000.0,25.5,34.9
1970,Banten,Perdesaan,Laki-laki,51.0,Sarjana (S1),Karyawan Swasta,Cerai/Janda/Duda,0.0,5000000.0,3999000,460000.0,,179000.0,322000.0,36000.0,773000.0,211000.0,165000.0,0.0,419000.0,138000.0,100000.0,327000.0,1001000.0,20.0,65.0
587,Jawa Tengah,Perdesaan,Laki-laki,24.0,SMP,Karyawan Swasta,Menikah,,1450000.0,1077000,153000.0,216000.0,94000.0,145000.0,49000.0,106000.0,25000.0,35000.0,45000.0,40000.0,28000.0,13000.0,0.0,373000.0,25.7,52.6
1290,Jawa Timur,Perdesaan,Laki-laki,37.0,SD,Buruh/Pekerja Harian,Menikah,3.0,2000000.0,1685000,266000.0,261000.0,94000.0,186000.0,74000.0,179000.0,70000.0,,39000.0,117000.0,67000.0,42000.0,171000.0,265000.0,13.6,45.3
1697,Sumatera Utara,Perkotaan,Perempuan,19.0,Sarjana (S1),Buruh/Pekerja Harian,Cerai/Janda/Duda,0.0,3850000.0,3014000,344000.0,448000.0,183000.0,325000.0,54000.0,423000.0,115000.0,91000.0,0.0,,101000.0,107000.0,0.0,836000.0,21.7,69.8
1144,DKI Jakarta,Perkotaan,Perempuan,27.0,Sarjana (S1),,Menikah,2.0,6600000.0,4552000,343000.0,313000.0,201000.0,208000.0,129000.0,1014000.0,189000.0,308000.0,278000.0,470000.0,245000.0,203000.0,1014000.0,2048000.0,31.0,66.1
54,Banten,Perkotaan,Laki-laki,37.0,Sarjana (S1),Karyawan Swasta,Menikah,1.0,6550000.0,5060000,447000.0,515000.0,227000.0,456000.0,81000.0,992000.0,219000.0,206000.0,342000.0,522000.0,178000.0,,0.0,1490000.0,22.7,73.8
152,Jawa Barat,Perdesaan,Laki-laki,30.0,SMA/SMK,Karyawan Swasta,Menikah,2.0,2700000.0,2453000,,453000.0,234000.0,384000.0,102000.0,329000.0,78000.0,115000.0,115000.0,187000.0,80000.0,91000.0,79000.0,247000.0,9.1,33.8
404,Sumatera Utara,Perkotaan,Laki-laki,34.0,SMA/SMK,Karyawan Swasta,Menikah,1.0,1950000.0,1334000,192000.0,198000.0,117000.0,214000.0,39000.0,160000.0,56000.0,51000.0,58000.0,92000.0,49000.0,22000.0,,616000.0,31.6,45.6
1155,Banten,Perkotaan,Perempuan,46.0,SMA/SMK,Buruh/Pekerja Harian,Cerai/Janda/Duda,0.0,3000000.0,2062000,261000.0,285000.0,161000.0,257000.0,,252000.0,92000.0,,0.0,134000.0,65000.0,79000.0,0.0,938000.0,31.3,60.5
208,Bali,Perkotaan,Perempuan,30.0,SMP,Karyawan Swasta,Menikah,4.0,4400000.0,3044000,268000.0,331000.0,133000.0,217000.0,11000.0,478000.0,191000.0,226000.0,162000.0,306000.0,186000.0,59000.0,835000.0,1356000.0,30.8,37.2
652,Jawa Timur,Perkotaan,Perempuan,46.0,SD,Wiraswasta,Menikah,1.0,2250000.0,1805000,283000.0,336000.0,150000.0,256000.0,65000.0,210000.0,67000.0,93000.0,75000.0,107000.0,57000.0,49000.0,0.0,445000.0,19.8,46.7
1683,Kalimantan Timur,Perdesaan,Laki-laki,36.0,SMA/SMK,Wiraswasta,Menikah,2.0,3450000.0,2853000,317000.0,383000.0,187000.0,256000.0,61000.0,489000.0,139000.0,141000.0,162000.0,,123000.0,129000.0,,597000.0,,63.8
1123,Jawa Tengah,Perdesaan,Perempuan,55.0,SMA/SMK,Karyawan Swasta,Menikah,1.0,1450000.0,944000,157000.0,179000.0,77000.0,140000.0,48000.0,113000.0,30000.0,33000.0,32000.0,,17000.0,18000.0,111000.0,506000.0,34.9,31.9
1984,Jawa Timur,Perdesaan,Perempuan,61.0,Diploma,Karyawan Swasta,Menikah,3.0,2500000.0,1958000,292000.0,325000.0,193000.0,314000.0,,226000.0,63000.0,50000.0,79000.0,155000.0,81000.0,81000.0,0.0,542000.0,21.7,51.9
9,Jawa Timur,Perdesaan,Perempuan,43.0,SMP,Karyawan Swasta,Menikah,2.0,1250000.0,1034000,180000.0,182000.0,91000.0,133000.0,21000.0,115000.0,23000.0,,38000.0,60000.0,,23000.0,0.0,216000.0,17.2,47.2
1015,Jawa Barat,Perkotaan,Laki-laki,36.0,Diploma,Karyawan Swasta,Menikah,3.0,4650000.0,3172000,301000.0,378000.0,,309000.0,8000.0,521000.0,,203000.0,270000.0,252000.0,108000.0,94000.0,0.0,1478000.0,,67.8
1291,Jawa Barat,Perkotaan,Perempuan,44.0,SMA/SMK,Karyawan Swasta,Menikah,1.0,4400000.0,3592000,430000.0,414000.0,189000.0,253000.0,54000.0,544000.0,202000.0,197000.0,264000.0,273000.0,118000.0,99000.0,0.0,858000.0,19.3,36.1
1061,Jawa Barat,Perkotaan,Perempuan,34.0,Diploma,Wiraswasta,,0.0,6900000.0,6201000,524000.0,645000.0,254000.0,357000.0,,1175000.0,269000.0,369000.0,0.0,717000.0,364000.0,174000.0,928000.0,699000.0,10.1,47.9
453,Jawa Barat,Perkotaan,Laki-laki,32.0,SMP,Pelajar/Mahasiswa,Belum Menikah,0.0,1500000.0,1105000,124000.0,209000.0,68000.0,142000.0,20000.0,104000.0,26000.0,29000.0,0.0,53000.0,44000.0,32000.0,0.0,395000.0,26.3,53.4
1676,Jawa Tengah,Perkotaan,Laki-laki,24.0,Sarjana (S1),Karyawan Swasta,Belum Menikah,0.0,7900000.0,6327000,499000.0,702000.0,426000.0,552000.0,214000.0,931000.0,199000.0,351000.0,0.0,711000.0,386000.0,346000.0,962000.0,1573000.0,19.9,72.8
254,Jawa Timur,Perkotaan,Perempuan,37.0,SD,Wiraswasta,Menikah,2.0,5500000.0,4205000,456000.0,522000.0,208000.0,356000.0,44000.0,,143000.0,192000.0,133000.0,308000.0,225000.0,111000.0,0.0,1295000.0,,44.5
1328,Jawa Timur,Perdesaan,Laki-laki,25.0,SD,PNS/ASN,Belum Menikah,0.0,1500000.0,1256000,143000.0,166000.0,93000.0,102000.0,45000.0,192000.0,41000.0,52000.0,,,45000.0,61000.0,0.0,244000.0,16.3,45.8
897,Sumatera Selatan,Perdesaan,Laki-laki,25.0,SMA/SMK,PNS/ASN,Menikah,2.0,2850000.0,1867000,251000.0,346000.0,120000.0,157000.0,53000.0,260000.0,62000.0,70000.0,,107000.0,74000.0,35000.0,0.0,983000.0,34.5,64.9
1965,Banten,Perdesaan,Perempuan,58.0,Tidak Sekolah,Karyawan Swasta,Belum Menikah,0.0,,1195000,194000.0,255000.0,76000.0,190000.0,28000.0,94000.0,42000.0,28000.0,0.0,56000.0,31000.0,39000.0,72000.0,155000.0,11.5,38.1
881,Kalimantan Timur,Perkotaan,Perempuan,37.0,Diploma,Karyawan Swasta,Menikah,,6650000.0,4960000,366000.0,509000.0,260000.0,451000.0,30000.0,1085000.0,211000.0,268000.0,470000.0,488000.0,201000.0,138000.0,0.0,1690000.0,25.4,67.1
1596,Kalimantan Timur,Perkotaan,Perempuan,35.0,Diploma,Karyawan Swasta,Menikah,4.0,4000000.0,3525000,326000.0,527000.0,268000.0,235000.0,167000.0,678000.0,103000.0,140000.0,173000.0,267000.0,174000.0,109000.0,796000.0,475000.0,11.9,69.0
298,Sumatera Utara,Perdesaan,Laki-laki,30.0,Pascasarjana (S2/S3),Karyawan Swasta,Belum Menikah,0.0,3000000.0,2682000,265000.0,362000.0,131000.0,278000.0,46000.0,357000.0,101000.0,96000.0,0.0,293000.0,108000.0,73000.0,0.0,318000.0,10.6,70.9
624,Jawa Barat,Perdesaan,Laki-laki,45.0,SMP,Tidak Bekerja,Menikah,3.0,500000.0,404000,65000.0,71000.0,47000.0,42000.0,28000.0,34000.0,11000.0,15000.0,9000.0,21000.0,12000.0,11000.0,62000.0,96000.0,19.2,50.2
346,DI Yogyakarta,Perkotaan,Laki-laki,43.0,SMP,Karyawan Swasta,Menikah,3.0,4250000.0,3340000,307000.0,406000.0,123000.0,,122000.0,509000.0,,111000.0,265000.0,416000.0,178000.0,131000.0,0.0,910000.0,21.4,44.9
1930,Bali,Perkotaan,Laki-laki,45.0,Diploma,Karyawan Swasta,Menikah,2.0,4150000.0,3727000,309000.0,342000.0,211000.0,255000.0,29000.0,831000.0,232000.0,139000.0,338000.0,457000.0,197000.0,162000.0,0.0,,10.2,61.6
1788,Jawa Barat,Perdesaan,Perempuan,27.0,SMA/SMK,Wiraswasta,Menikah,1.0,2800000.0,2367000,276000.0,412000.0,172000.0,368000.0,,302000.0,59000.0,91000.0,81000.0,119000.0,82000.0,76000.0,375000.0,433000.0,15.5,48.5
263,Jawa Barat,Perkotaan,Perempuan,35.0,SMA/SMK,Tidak Bekerja,Belum Menikah,0.0,1650000.0,1388000,188000.0,224000.0,89000.0,,35000.0,,47000.0,75000.0,0.0,78000.0,66000.0,43000.0,,262000.0,15.9,49.8
1635,Jawa Barat,Perkotaan,Laki-laki,36.0,Sarjana (S1),Buruh/Pekerja Harian,Belum Menikah,0.0,2650000.0,2375000,275000.0,378000.0,175000.0,330000.0,115000.0,333000.0,112000.0,105000.0,0.0,157000.0,79000.0,73000.0,0.0,275000.0,10.4,69.7
1322,Sulawesi Selatan,Perkotaan,Perempuan,24.0,SMA/SMK,Tidak Bekerja,Menikah,3.0,1300000.0,952000,123000.0,178000.0,62000.0,97000.0,58000.0,123000.0,38000.0,24000.0,36000.0,52000.0,20000.0,20000.0,0.0,348000.0,26.8,63.2
1439,Jawa Barat,Perkotaan,Laki-laki,40.0,Sarjana (S1),Wiraswasta,,3.0,6450000.0,4832000,456000.0,565000.0,209000.0,359000.0,22000.0,1073000.0,167000.0,190000.0,302000.0,575000.0,209000.0,258000.0,824000.0,1618000.0,25.1,66.8
151,Jawa Timur,Perdesaan,Laki-laki,23.0,SMA/SMK,Pelajar/Mahasiswa,Menikah,0.0,700000.0,559000,81000.0,112000.0,56000.0,82000.0,15000.0,53000.0,12000.0,17000.0,0.0,31000.0,19000.0,17000.0,0.0,141000.0,20.1,38.3
473,Sulawesi Selatan,Perkotaan,Perempuan,29.0,SMA/SMK,Karyawan Swasta,Belum Menikah,,9050000.0,6161000,386000.0,537000.0,245000.0,272000.0,168000.0,1311000.0,443000.0,438000.0,0.0,531000.0,333000.0,340000.0,0.0,2889000.0,31.9,52.4
1803,Jawa Timur,Perkotaan,Laki-laki,27.0,SMA/SMK,Karyawan Swasta,Menikah,4.0,1950000.0,1368000,157000.0,225000.0,133000.0,205000.0,51000.0,137000.0,53000.0,66000.0,89000.0,99000.0,47000.0,45000.0,245000.0,582000.0,29.8,66.7
641,Jawa Timur,Perkotaan,Perempuan,26.0,SMA/SMK,Karyawan Swasta,Menikah,3.0,2500000.0,1680000,,233000.0,114000.0,164000.0,75000.0,182000.0,63000.0,68000.0,102000.0,,67000.0,88000.0,0.0,820000.0,32.8,38.3
872,DKI Jakarta,Perkotaan,Laki-laki,69.0,Sarjana (S1),Buruh/Pekerja Harian,Cerai/Janda/Duda,1.0,7050000.0,5006000,436000.0,542000.0,189000.0,,133000.0,1183000.0,299000.0,239000.0,314000.0,473000.0,316000.0,287000.0,388000.0,2044000.0,29.0,81.1
211,Sumatera Utara,Perkotaan,Laki-laki,17.0,Sarjana (S1),Karyawan Swasta,Cerai/Janda/Duda,3.0,,3162000,350000.0,419000.0,164000.0,239000.0,76000.0,592000.0,124000.0,198000.0,108000.0,205000.0,135000.0,107000.0,0.0,1088000.0,25.6,45.4
551,Jawa Barat,Perdesaan,Perempuan,38.0,Sarjana (S1),Karyawan Swasta,Belum Menikah,0.0,5900000.0,4970000,372000.0,,,354000.0,188000.0,715000.0,214000.0,330000.0,0.0,327000.0,265000.0,276000.0,,930000.0,15.8,74.6
747,Jawa Barat,Perkotaan,Laki-laki,30.0,SMA/SMK,Karyawan Swasta,Belum Menikah,0.0,7000000.0,5931000,701000.0,661000.0,268000.0,533000.0,140000.0,,309000.0,,0.0,423000.0,237000.0,,,1019000.0,14.7,44.1
929,Banten,Perdesaan,Perempuan,20.0,SD,Wiraswasta,Menikah,1.0,2200000.0,1865000,205000.0,293000.0,173000.0,231000.0,42000.0,203000.0,53000.0,49000.0,112000.0,93000.0,55000.0,28000.0,17000.0,,15.2,47.8
489,Jawa Barat,Perdesaan,Laki-laki,24.0,SMA/SMK,Buruh/Pekerja Harian,Menikah,1.0,1300000.0,873000,119000.0,169000.0,58000.0,93000.0,6000.0,,32000.0,36000.0,52000.0,57000.0,22000.0,19000.0,159000.0,427000.0,32.9,76.2
1844,Sumatera Selatan,Perkotaan,Laki-laki,20.0,SMA/SMK,Wiraswasta,Belum Menikah,0.0,5950000.0,5180000,534000.0,641000.0,411000.0,561000.0,6000.0,934000.0,202000.0,,0.0,416000.0,250000.0,104000.0,0.0,770000.0,12.9,66.5
1735,Jawa Tengah,Perkotaan,Perempuan,33.0,SD,Buruh/Pekerja Harian,Menikah,4.0,1450000.0,1019000,141000.0,201000.0,102000.0,116000.0,48000.0,116000.0,30000.0,34000.0,45000.0,39000.0,21000.0,12000.0,,431000.0,,43.8
1451,Banten,Perkotaan,Perempuan,21.0,Diploma,Wiraswasta,Menikah,2.0,14900000.0,10558000,782000.0,783000.0,,846000.0,71000.0,2307000.0,745000.0,711000.0,1005000.0,1528000.0,,534000.0,0.0,4342000.0,29.1,77.4
1172,Jawa Barat,Perkotaan,Laki-laki,28.0,Sarjana (S1),Karyawan Swasta,Cerai/Janda/Duda,0.0,7250000.0,6574000,581000.0,729000.0,,487000.0,226000.0,860000.0,311000.0,239000.0,0.0,527000.0,257000.0,362000.0,0.0,676000.0,,79.4
147,Jawa Barat,Perdesaan,Laki-laki,46.0,Sarjana (S1),Tidak Bekerja,Menikah,,900000.0,631000,81000.0,106000.0,50000.0,102000.0,5000.0,80000.0,20000.0,18000.0,26000.0,34000.0,21000.0,16000.0,0.0,269000.0,29.9,66.2
1932,Sumatera Utara,Perkotaan,Perempuan,32.0,Sarjana (S1),Karyawan Swasta,Menikah,2.0,8200000.0,7133000,613000.0,896000.0,361000.0,515000.0,55000.0,1487000.0,315000.0,489000.0,292000.0,781000.0,245000.0,138000.0,121000.0,1067000.0,13.0,60.0
1370,Jawa Barat,Perkotaan,Perempuan,30.0,SMA/SMK,Karyawan Swasta,Menikah,2.0,3100000.0,2714000,252000.0,307000.0,172000.0,153000.0,8000.0,383000.0,88000.0,164000.0,194000.0,207000.0,98000.0,69000.0,430000.0,386000.0,12.4,39.6
403,Sumatera Utara,Perdesaan,Laki-laki,31.0,Pascasarjana (S2/S3),Karyawan Swasta,Cerai/Janda/Duda,0.0,5700000.0,4524000,496000.0,545000.0,313000.0,357000.0,133000.0,,247000.0,131000.0,0.0,303000.0,157000.0,149000.0,0.0,1176000.0,20.6,77.7
955,DKI Jakarta,Perkotaan,Laki-laki,45.0,SMP,,Menikah,0.0,3100000.0,2714000,276000.0,357000.0,197000.0,308000.0,27000.0,486000.0,118000.0,160000.0,0.0,234000.0,88000.0,110000.0,0.0,386000.0,12.5,57.3
282,Sumatera Utara,Perkotaan,Perempuan,29.0,SMA/SMK,PNS/ASN,Menikah,2.0,3900000.0,2721000,318000.0,,125000.0,300000.0,127000.0,544000.0,109000.0,95000.0,162000.0,177000.0,154000.0,68000.0,,1179000.0,30.2,91.6
660,DI Yogyakarta,Perdesaan,Laki-laki,27.0,SMA/SMK,Karyawan Swasta,Cerai/Janda/Duda,0.0,3550000.0,3222000,364000.0,357000.0,128000.0,248000.0,43000.0,,191000.0,107000.0,0.0,286000.0,151000.0,71000.0,0.0,328000.0,9.2,60.0
1795,DKI Jakarta,Perdesaan,Perempuan,30.0,SMA/SMK,Buruh/Pekerja Harian,Menikah,0.0,1400000.0,1244000,225000.0,242000.0,141000.0,130000.0,45000.0,145000.0,26000.0,54000.0,,62000.0,31000.0,21000.0,0.0,156000.0,11.1,32.5
1373,Sumatera Utara,Perkotaan,Laki-laki,51.0,Pascasarjana (S2/S3),PNS/ASN,,0.0,5350000.0,4774000,484000.0,590000.0,197000.0,305000.0,24000.0,980000.0,180000.0,283000.0,0.0,452000.0,230000.0,,46000.0,576000.0,10.8,68.0
464,DKI Jakarta,Perkotaan,Laki-laki,36.0,SMP,Karyawan Swasta,Menikah,2.0,11450000.0,9854000,887000.0,1049000.0,361000.0,1035000.0,259000.0,1446000.0,602000.0,715000.0,934000.0,1175000.0,627000.0,296000.0,1885000.0,1596000.0,13.9,36.4
1350,Sumatera Selatan,Perkotaan,Laki-laki,38.0,Sarjana (S1),Wiraswasta,Menikah,0.0,9450000.0,7071000,670000.0,649000.0,328000.0,539000.0,145000.0,1298000.0,320000.0,543000.0,0.0,693000.0,365000.0,363000.0,0.0,2379000.0,25.2,57.1
187,Sumatera Selatan,Perkotaan,Perempuan,25.0,,Karyawan Swasta,Menikah,1.0,2000000.0,1504000,218000.0,258000.0,106000.0,151000.0,10000.0,256000.0,40000.0,53000.0,59000.0,98000.0,43000.0,63000.0,0.0,496000.0,24.8,34.0
1148,Jawa Barat,Perkotaan,Perempuan,43.0,SMA/SMK,Pelajar/Mahasiswa,Menikah,2.0,950000.0,728000,132000.0,154000.0,59000.0,120000.0,28000.0,64000.0,18000.0,29000.0,22000.0,33000.0,17000.0,12000.0,28000.0,222000.0,23.3,45.4
1225,Jawa Timur,Perkotaan,Perempuan,51.0,SMP,Wiraswasta,Menikah,1.0,5500000.0,5051000,,,274000.0,611000.0,225000.0,653000.0,274000.0,175000.0,171000.0,476000.0,200000.0,193000.0,58000.0,,8.2,
609,Jawa Tengah,Perdesaan,Laki-laki,40.0,SD,Karyawan Swasta,Belum Menikah,0.0,1700000.0,1460000,157000.0,227000.0,84000.0,147000.0,83000.0,179000.0,52000.0,54000.0,0.0,84000.0,56000.0,43000.0,278000.0,240000.0,14.1,33.7
144,Jawa Barat,Perkotaan,Perempuan,29.0,SD,Wiraswasta,Belum Menikah,0.0,4300000.0,3250000,406000.0,388000.0,239000.0,274000.0,120000.0,,171000.0,137000.0,0.0,189000.0,90000.0,156000.0,667000.0,1050000.0,24.4,31.1
752,Banten,Perdesaan,Perempuan,41.0,Tidak Sekolah,Karyawan Swasta,Belum Menikah,0.0,2850000.0,2420000,,,145000.0,215000.0,,330000.0,90000.0,79000.0,0.0,147000.0,104000.0,37000.0,176000.0,430000.0,15.1,35.1
1535,DKI Jakarta,Perdesaan,Perempuan,32.0,SD,Karyawan Swasta,Belum Menikah,0.0,5200000.0,3940000,534000.0,602000.0,279000.0,549000.0,52000.0,553000.0,192000.0,183000.0,0.0,257000.0,125000.0,170000.0,,1260000.0,24.2,55.3
1931,DKI Jakarta,Perdesaan,Perempuan,23.0,SMP,Wiraswasta,Menikah,0.0,6050000.0,5135000,383000.0,482000.0,212000.0,511000.0,86000.0,945000.0,291000.0,257000.0,0.0,374000.0,279000.0,259000.0,0.0,915000.0,15.1,40.6
982,Jawa Barat,Perkotaan,Perempuan,64.0,Diploma,Karyawan Swasta,Menikah,1.0,6700000.0,5153000,361000.0,481000.0,210000.0,450000.0,65000.0,1127000.0,228000.0,310000.0,381000.0,482000.0,267000.0,180000.0,0.0,1547000.0,23.1,50.8
198,Jawa Tengah,Perdesaan,Perempuan,17.0,SMA/SMK,,Menikah,0.0,900000.0,588000,103000.0,131000.0,56000.0,66000.0,47000.0,51000.0,15000.0,12000.0,0.0,27000.0,13000.0,6000.0,0.0,312000.0,34.7,48.8
1634,Jawa Barat,Perdesaan,Laki-laki,46.0,SMA/SMK,Wiraswasta,Belum Menikah,0.0,3700000.0,2883000,276000.0,338000.0,152000.0,219000.0,16000.0,432000.0,,209000.0,0.0,219000.0,129000.0,148000.0,715000.0,817000.0,22.1,43.6
884,Jawa Timur,Perkotaan,Perempuan,54.0,SMP,PNS/ASN,Menikah,3.0,6150000.0,4009000,420000.0,516000.0,276000.0,,161000.0,826000.0,186000.0,122000.0,123000.0,373000.0,173000.0,149000.0,0.0,2141000.0,,54.6
1861,Kalimantan Timur,Perdesaan,Perempuan,39.0,SD,Wiraswasta,Menikah,4.0,4550000.0,3005000,283000.0,427000.0,221000.0,324000.0,9000.0,357000.0,130000.0,,240000.0,339000.0,142000.0,158000.0,0.0,1545000.0,34.0,48.3
280,Jawa Timur,Perdesaan,Perempuan,40.0,SMA/SMK,Buruh/Pekerja Harian,Belum Menikah,0.0,1000000.0,844000,160000.0,158000.0,79000.0,141000.0,54000.0,56000.0,26000.0,29000.0,0.0,33000.0,24000.0,17000.0,0.0,156000.0,15.6,63.1
294,DI Yogyakarta,Perkotaan,Perempuan,33.0,SMA/SMK,Buruh/Pekerja Harian,Belum Menikah,0.0,1200000.0,1059000,140000.0,173000.0,113000.0,122000.0,54000.0,109000.0,35000.0,23000.0,0.0,44000.0,30000.0,37000.0,,141000.0,11.7,45.2
767,Jawa Timur,Perkotaan,Laki-laki,34.0,,Buruh/Pekerja Harian,Menikah,2.0,900000.0,676000,105000.0,122000.0,71000.0,105000.0,45000.0,80000.0,26000.0,25000.0,38000.0,30000.0,14000.0,18000.0,75000.0,224000.0,24.9,59.0
401,Bali,Perkotaan,Perempuan,47.0,SD,Buruh/Pekerja Harian,Menikah,2.0,2150000.0,1875000,219000.0,319000.0,142000.0,211000.0,58000.0,207000.0,57000.0,95000.0,47000.0,154000.0,59000.0,59000.0,155000.0,275000.0,12.8,21.6
123,Banten,Perdesaan,Perempuan,25.0,SMA/SMK,Tidak Bekerja,Menikah,,750000.0,562000,96000.0,105000.0,54000.0,72000.0,25000.0,55000.0,20000.0,18000.0,,38000.0,22000.0,8000.0,44000.0,188000.0,25.1,48.0
1208,Jawa Tengah,Perkotaan,Perempuan,50.0,SMA/SMK,Karyawan Swasta,Menikah,4.0,3400000.0,2738000,274000.0,391000.0,147000.0,341000.0,149000.0,369000.0,104000.0,,114000.0,261000.0,118000.0,,127000.0,662000.0,19.5,79.6
203,Bali,Perdesaan,Laki-laki,33.0,SMP,Buruh/Pekerja Harian,Menikah,4.0,1500000.0,1298000,169000.0,159000.0,81000.0,119000.0,23000.0,,56000.0,68000.0,100000.0,94000.0,61000.0,41000.0,54000.0,202000.0,13.5,53.4
1463,Jawa Barat,Perdesaan,Laki-laki,17.0,SMA/SMK,Karyawan Swasta,Menikah,2.0,2350000.0,1726000,239000.0,263000.0,167000.0,218000.0,20000.0,186000.0,42000.0,40000.0,,103000.0,76000.0,32000.0,149000.0,624000.0,26.6,58.8
836,Sumatera Utara,Perdesaan,Perempuan,43.0,SMA/SMK,Karyawan Swasta,,0.0,2000000.0,1746000,,272000.0,99000.0,231000.0,68000.0,279000.0,64000.0,50000.0,0.0,170000.0,55000.0,52000.0,,254000.0,12.7,60.0
247,Kalimantan Timur,Perdesaan,Laki-laki,37.0,SMP,Buruh/Pekerja Harian,Menikah,2.0,1250000.0,942000,153000.0,181000.0,81000.0,144000.0,,80000.0,24000.0,30000.0,24000.0,40000.0,30000.0,25000.0,162000.0,308000.0,24.7,40.7
1440,Jawa Barat,Perkotaan,Laki-laki,38.0,Diploma,Karyawan Swasta,Belum Menikah,0.0,6400000.0,5586000,529000.0,690000.0,285000.0,607000.0,,1141000.0,291000.0,322000.0,0.0,613000.0,327000.0,321000.0,0.0,814000.0,12.7,64.6
1734,Sumatera Selatan,Perdesaan,Perempuan,28.0,SD,PNS/ASN,Menikah,1.0,1700000.0,1555000,191000.0,261000.0,133000.0,135000.0,67000.0,188000.0,43000.0,,62000.0,105000.0,51000.0,34000.0,0.0,145000.0,8.5,25.9
1987,DI Yogyakarta,Perkotaan,Laki-laki,24.0,,Buruh/Pekerja Harian,,1.0,3700000.0,3330000,389000.0,477000.0,252000.0,412000.0,,642000.0,95000.0,219000.0,137000.0,265000.0,173000.0,87000.0,0.0,370000.0,10.0,74.1
730,Banten,Perdesaan,Perempuan,40.0,SMA/SMK,Karyawan Swasta,Menikah,1.0,3800000.0,2955000,296000.0,351000.0,215000.0,382000.0,105000.0,356000.0,155000.0,191000.0,150000.0,256000.0,143000.0,,87000.0,845000.0,22.2,59.8
1708,Jawa Barat,Perdesaan,Laki-laki,38.0,SMP,Karyawan Swasta,Menikah,3.0,1450000.0,970000,162000.0,181000.0,115000.0,171000.0,45000.0,94000.0,24000.0,19000.0,38000.0,47000.0,26000.0,10000.0,0.0,480000.0,33.1,38.7
1557,DI Yogyakarta,Perkotaan,Laki-laki,47.0,SMP,Wiraswasta,Belum Menikah,0.0,5800000.0,3861000,448000.0,558000.0,300000.0,309000.0,97000.0,496000.0,133000.0,211000.0,0.0,203000.0,177000.0,,727000.0,1939000.0,33.4,35.0
1154,Jawa Timur,Perdesaan,Perempuan,28.0,SD,Karyawan Swasta,Menikah,2.0,1150000.0,1030000,171000.0,220000.0,118000.0,168000.0,55000.0,107000.0,22000.0,32000.0,47000.0,45000.0,33000.0,25000.0,0.0,120000.0,10.4,41.3
1662,Jawa Timur,Perdesaan,Perempuan,24.0,SMA/SMK,PNS/ASN,Menikah,1.0,1200000.0,857000,107000.0,154000.0,73000.0,103000.0,60000.0,97000.0,32000.0,31000.0,24000.0,68000.0,32000.0,22000.0,0.0,343000.0,28.6,38.9
1427,Kalimantan Timur,Perkotaan,Laki-laki,31.0,Diploma,Karyawan Swasta,Menikah,0.0,3650000.0,2548000,231000.0,300000.0,168000.0,273000.0,,327000.0,96000.0,128000.0,0.0,281000.0,148000.0,112000.0,0.0,1102000.0,30.2,49.9
385,Sumatera Utara,Perdesaan,Perempuan,,SMA/SMK,Buruh/Pekerja Harian,Menikah,2.0,1500000.0,1237000,190000.0,163000.0,93000.0,178000.0,37000.0,127000.0,47000.0,44000.0,39000.0,111000.0,46000.0,57000.0,208000.0,263000.0,17.6,46.1
1994,Jawa Barat,Perkotaan,Perempuan,25.0,,PNS/ASN,Belum Menikah,0.0,9000000.0,6634000,424000.0,598000.0,286000.0,542000.0,159000.0,1066000.0,415000.0,297000.0,0.0,739000.0,255000.0,158000.0,0.0,2366000.0,26.3,67.6
1760,Jawa Tengah,Perkotaan,Laki-laki,46.0,Sarjana (S1),Karyawan Swasta,Menikah,,6500000.0,5287000,518000.0,589000.0,226000.0,388000.0,140000.0,995000.0,298000.0,336000.0,199000.0,564000.0,,200000.0,10000.0,1213000.0,18.7,58.8
855,Banten,Perdesaan,Laki-laki,20.0,Diploma,Buruh/Pekerja Harian,Menikah,2.0,,642000,95000.0,123000.0,62000.0,103000.0,17000.0,80000.0,13000.0,21000.0,33000.0,42000.0,19000.0,19000.0,102000.0,258000.0,28.6,65.0
1590,Jawa Timur,Perdesaan,Perempuan,28.0,SMA/SMK,Karyawan Swasta,Cerai/Janda/Duda,0.0,,2930000,392000.0,450000.0,178000.0,231000.0,93000.0,326000.0,96000.0,81000.0,0.0,190000.0,119000.0,93000.0,0.0,270000.0,8.4,36.7
220,DKI Jakarta,Perdesaan,Laki-laki,43.0,SMP,Wiraswasta,Belum Menikah,0.0,5900000.0,4135000,338000.0,396000.0,228000.0,427000.0,3000.0,536000.0,203000.0,278000.0,0.0,343000.0,175000.0,186000.0,0.0,1765000.0,29.9,57.6
642,DKI Jakarta,Perkotaan,Laki-laki,23.0,SD,Karyawan Swasta,Menikah,1.0,7000000.0,5002000,372000.0,486000.0,201000.0,286000.0,22000.0,1139000.0,247000.0,322000.0,340000.0,642000.0,265000.0,218000.0,1008000.0,1998000.0,28.5,62.8
2,Jawa Barat,Perkotaan,Perempuan,32.0,Tidak Sekolah,Wiraswasta,Belum Menikah,0.0,3450000.0,2653000,247000.0,,120000.0,333000.0,36000.0,446000.0,98000.0,129000.0,0.0,230000.0,88000.0,146000.0,648000.0,797000.0,23.1,41.2
113,Bali,Perkotaan,Laki-laki,40.0,SMP,,Menikah,,2900000.0,2571000,307000.0,336000.0,162000.0,188000.0,19000.0,429000.0,68000.0,108000.0,139000.0,144000.0,134000.0,62000.0,0.0,329000.0,11.4,32.3
699,Jawa Tengah,Perdesaan,Laki-laki,40.0,SD,Buruh/Pekerja Harian,Menikah,2.0,600000.0,505000,,96000.0,58000.0,52000.0,22000.0,50000.0,13000.0,17000.0,20000.0,28000.0,15000.0,12000.0,0.0,95000.0,15.9,61.3
1105,Bali,Perkotaan,Laki-laki,56.0,Sarjana (S1),Buruh/Pekerja Harian,Menikah,2.0,2550000.0,1922000,312000.0,377000.0,154000.0,286000.0,50000.0,184000.0,65000.0,52000.0,,154000.0,45000.0,26000.0,169000.0,628000.0,24.6,48.4
952,Bali,Perdesaan,Perempuan,43.0,SMP,Tidak Bekerja,Menikah,3.0,650000.0,537000,75000.0,89000.0,45000.0,,,73000.0,20000.0,25000.0,28000.0,29000.0,19000.0,20000.0,,113000.0,17.4,
1649,Jawa Barat,Perkotaan,Laki-laki,50.0,SMA/SMK,Karyawan Swasta,Menikah,2.0,10000000.0,9192000,673000.0,854000.0,455000.0,832000.0,45000.0,1937000.0,599000.0,497000.0,491000.0,,389000.0,355000.0,1181000.0,808000.0,8.1,54.3
1637,Jawa Tengah,Perdesaan,Perempuan,39.0,Sarjana (S1),PNS/ASN,Menikah,1.0,4600000.0,3965000,480000.0,591000.0,235000.0,409000.0,2000.0,488000.0,181000.0,197000.0,153000.0,274000.0,148000.0,176000.0,64000.0,,13.8,55.1
939,Nusa Tenggara Barat,Perdesaan,Perempuan,35.0,SD,Tidak Bekerja,,4.0,550000.0,395000,,,35000.0,62000.0,28000.0,41000.0,13000.0,16000.0,14000.0,19000.0,12000.0,9000.0,0.0,105000.0,20.9,40.9
1411,DKI Jakarta,Perdesaan,Perempuan,23.0,SMA/SMK,Buruh/Pekerja Harian,Belum Menikah,0.0,2550000.0,1741000,213000.0,293000.0,173000.0,196000.0,78000.0,218000.0,44000.0,51000.0,0.0,146000.0,45000.0,60000.0,61000.0,809000.0,31.7,36.2
1410,Sumatera Utara,Perkotaan,Perempuan,53.0,SMA/SMK,Buruh/Pekerja Harian,Menikah,1.0,3000000.0,2401000,,340000.0,121000.0,236000.0,101000.0,,89000.0,,102000.0,270000.0,102000.0,82000.0,0.0,599000.0,20.0,47.5
1831,Jawa Barat,Perdesaan,Perempuan,61.0,SMA/SMK,Karyawan Swasta,Menikah,0.0,2400000.0,1889000,215000.0,308000.0,174000.0,204000.0,119000.0,301000.0,78000.0,94000.0,0.0,124000.0,61000.0,85000.0,0.0,511000.0,21.3,
1534,Banten,Perkotaan,Laki-laki,44.0,SD,Karyawan Swasta,Menikah,3.0,1950000.0,1595000,176000.0,253000.0,118000.0,197000.0,1000.0,275000.0,52000.0,79000.0,82000.0,136000.0,49000.0,54000.0,0.0,355000.0,,47.2
1292,Kalimantan Timur,Perdesaan,Laki-laki,46.0,Diploma,Buruh/Pekerja Harian,Belum Menikah,0.0,1600000.0,1237000,176000.0,163000.0,,129000.0,4000.0,188000.0,55000.0,68000.0,0.0,108000.0,60000.0,51000.0,62000.0,363000.0,,73.0
248,Jawa Timur,Perkotaan,Laki-laki,30.0,SD,Karyawan Swasta,Cerai/Janda/Duda,1.0,2200000.0,1856000,214000.0,254000.0,101000.0,221000.0,17000.0,231000.0,74000.0,71000.0,76000.0,166000.0,84000.0,89000.0,0.0,344000.0,15.6,44.1
442,Banten,Perkotaan,Laki-laki,41.0,Sarjana (S1),Karyawan Swasta,Menikah,1.0,7300000.0,6183000,513000.0,726000.0,296000.0,419000.0,244000.0,,267000.0,236000.0,337000.0,714000.0,260000.0,369000.0,212000.0,1117000.0,15.3,71.9
1521,Jawa Barat,Perkotaan,Laki-laki,53.0,Tidak Sekolah,Karyawan Swasta,Menikah,2.0,2650000.0,1887000,287000.0,305000.0,152000.0,168000.0,25000.0,273000.0,53000.0,49000.0,95000.0,134000.0,69000.0,63000.0,262000.0,,28.8,45.4
1854,DKI Jakarta,Perkotaan,Perempuan,23.0,SMA/SMK,Karyawan Swasta,Menikah,3.0,4800000.0,4071000,392000.0,520000.0,214000.0,354000.0,63000.0,778000.0,197000.0,235000.0,175000.0,225000.0,,154000.0,0.0,729000.0,15.2,47.8
1137,DKI Jakarta,Perdesaan,Perempuan,31.0,SMA/SMK,PNS/ASN,Cerai/Janda/Duda,0.0,4850000.0,4396000,463000.0,395000.0,245000.0,286000.0,,936000.0,,189000.0,0.0,290000.0,148000.0,91000.0,,454000.0,9.4,70.5
1716,Kalimantan Timur,Perkotaan,Laki-laki,35.0,SMA/SMK,Karyawan Swasta,Menikah,2.0,11200000.0,8510000,749000.0,838000.0,262000.0,700000.0,306000.0,2023000.0,545000.0,558000.0,462000.0,982000.0,503000.0,295000.0,,2690000.0,24.0,55.9
1257,DKI Jakarta,Perdesaan,Perempuan,30.0,Sarjana (S1),Pelajar/Mahasiswa,Menikah,0.0,,962000,127000.0,170000.0,83000.0,95000.0,60000.0,116000.0,32000.0,47000.0,0.0,64000.0,38000.0,20000.0,0.0,388000.0,28.7,84.8
1820,Jawa Barat,Perkotaan,Laki-laki,24.0,Sarjana (S1),Buruh/Pekerja Harian,Menikah,4.0,6400000.0,4704000,396000.0,457000.0,172000.0,226000.0,60000.0,1040000.0,182000.0,321000.0,460000.0,391000.0,308000.0,111000.0,1013000.0,1696000.0,26.5,55.3
1632,Sumatera Utara,Perdesaan,Perempuan,45.0,Diploma,Wiraswasta,Menikah,1.0,3750000.0,3383000,274000.0,408000.0,145000.0,375000.0,56000.0,555000.0,149000.0,227000.0,152000.0,388000.0,176000.0,96000.0,0.0,367000.0,9.8,55.5
1696,Jawa Barat,Perkotaan,Perempuan,32.0,SD,Tidak Bekerja,Menikah,1.0,700000.0,494000,70000.0,83000.0,,47000.0,16000.0,39000.0,14000.0,13000.0,10000.0,26000.0,14000.0,9000.0,52000.0,206000.0,29.4,43.6
1398,Banten,Perkotaan,Perempuan,44.0,SD,Karyawan Swasta,Belum Menikah,0.0,3900000.0,3231000,366000.0,408000.0,173000.0,315000.0,132000.0,346000.0,156000.0,196000.0,0.0,319000.0,162000.0,52000.0,286000.0,669000.0,17.2,32.7
1851,Jawa Barat,Perkotaan,Laki-laki,40.0,SMP,Wiraswasta,Belum Menikah,0.0,,3503000,353000.0,432000.0,135000.0,228000.0,116000.0,703000.0,135000.0,144000.0,0.0,238000.0,126000.0,67000.0,823000.0,1047000.0,23.0,50.1
664,Jawa Barat,Perkotaan,Laki-laki,46.0,SD,PNS/ASN,Menikah,,,8853000,604000.0,771000.0,384000.0,443000.0,149000.0,2237000.0,354000.0,636000.0,951000.0,846000.0,605000.0,620000.0,,,10.6,37.2
684,Sumatera Selatan,Perkotaan,Laki-laki,44.0,Diploma,Buruh/Pekerja Harian,Belum Menikah,0.0,2050000.0,1401000,188000.0,189000.0,99000.0,121000.0,43000.0,171000.0,47000.0,35000.0,0.0,89000.0,57000.0,36000.0,151000.0,649000.0,,76.0
1258,Jawa Barat,Perdesaan,Laki-laki,70.0,SMA/SMK,Wiraswasta,Menikah,2.0,,2892000,370000.0,,,241000.0,4000.0,365000.0,116000.0,160000.0,113000.0,175000.0,129000.0,155000.0,463000.0,458000.0,13.7,75.6
1843,Bali,Perkotaan,Laki-laki,17.0,SD,Karyawan Swasta,Menikah,1.0,2850000.0,1930000,210000.0,346000.0,166000.0,258000.0,4000.0,212000.0,81000.0,54000.0,118000.0,142000.0,78000.0,68000.0,0.0,920000.0,,56.7
57,Banten,Perkotaan,Perempuan,48.0,SMP,Buruh/Pekerja Harian,Menikah,2.0,3900000.0,3269000,357000.0,303000.0,212000.0,251000.0,,660000.0,163000.0,211000.0,287000.0,292000.0,138000.0,160000.0,602000.0,681000.0,17.2,41.1
1701,Sumatera Utara,Perkotaan,Perempuan,29.0,SMA/SMK,Tidak Bekerja,Menikah,0.0,1200000.0,816000,91000.0,128000.0,56000.0,75000.0,,127000.0,35000.0,25000.0,0.0,64000.0,35000.0,34000.0,189000.0,384000.0,32.0,51.9
318,Banten,Perdesaan,Perempuan,18.0,SMA/SMK,Karyawan Swasta,Menikah,2.0,2900000.0,2488000,340000.0,381000.0,242000.0,339000.0,,273000.0,98000.0,76000.0,,173000.0,73000.0,84000.0,0.0,412000.0,14.2,35.6
649,Bali,Perdesaan,Laki-laki,30.0,SMP,Karyawan Swasta,,2.0,2950000.0,2489000,296000.0,420000.0,146000.0,342000.0,102000.0,366000.0,90000.0,117000.0,70000.0,224000.0,64000.0,49000.0,436000.0,461000.0,15.6,40.6
1435,Sumatera Selatan,Perdesaan,Perempuan,43.0,SMP,Buruh/Pekerja Harian,Menikah,4.0,550000.0,389000,68000.0,70000.0,30000.0,52000.0,,48000.0,,14000.0,11000.0,24000.0,11000.0,8000.0,54000.0,161000.0,29.2,47.6
1480,Jawa Timur,Perkotaan,Laki-laki,20.0,SD,Karyawan Swasta,,1.0,2400000.0,2023000,252000.0,350000.0,156000.0,305000.0,35000.0,336000.0,79000.0,101000.0,138000.0,153000.0,92000.0,67000.0,214000.0,377000.0,15.7,46.5
710,Kalimantan Timur,Perkotaan,Laki-laki,59.0,SMP,Buruh/Pekerja Harian,Menikah,2.0,2150000.0,1716000,274000.0,310000.0,139000.0,160000.0,76000.0,164000.0,52000.0,69000.0,94000.0,124000.0,61000.0,30000.0,0.0,,20.2,41.9
1383,Bali,Perdesaan,Perempuan,35.0,SD,Wiraswasta,Cerai/Janda/Duda,0.0,2300000.0,1734000,234000.0,240000.0,108000.0,248000.0,87000.0,268000.0,75000.0,69000.0,0.0,146000.0,58000.0,31000.0,0.0,,24.6,35.5
1283,Kalimantan Timur,Perkotaan,Perempuan,26.0,SMA/SMK,Buruh/Pekerja Harian,Menikah,1.0,2400000.0,1648000,255000.0,299000.0,145000.0,272000.0,82000.0,174000.0,48000.0,55000.0,38000.0,,38000.0,,405000.0,752000.0,31.3,78.2
1769,DKI Jakarta,Perdesaan,Laki-laki,36.0,SMA/SMK,Buruh/Pekerja Harian,Menikah,2.0,3250000.0,2211000,250000.0,235000.0,142000.0,205000.0,41000.0,384000.0,117000.0,152000.0,,256000.0,129000.0,114000.0,450000.0,1039000.0,32.0,53.7
973,Jawa Tengah,Perdesaan,Laki-laki,38.0,SMA/SMK,,Cerai/Janda/Duda,2.0,1500000.0,1062000,136000.0,177000.0,93000.0,163000.0,40000.0,142000.0,26000.0,28000.0,33000.0,53000.0,36000.0,27000.0,161000.0,438000.0,29.2,44.1
628,Sulawesi Selatan,Perkotaan,Laki-laki,36.0,SMA/SMK,PNS/ASN,Menikah,,4800000.0,4279000,476000.0,478000.0,174000.0,430000.0,134000.0,677000.0,252000.0,316000.0,283000.0,419000.0,173000.0,190000.0,0.0,521000.0,10.9,45.8
633,Jawa Barat,Perdesaan,Perempuan,56.0,SMP,PNS/ASN,Menikah,4.0,3700000.0,3194000,299000.0,374000.0,197000.0,,105000.0,442000.0,163000.0,193000.0,175000.0,214000.0,149000.0,181000.0,,506000.0,13.7,46.0
1647,Jawa Timur,Perkotaan,Perempuan,56.0,SD,Wiraswasta,Menikah,2.0,5700000.0,3979000,347000.0,391000.0,188000.0,,,545000.0,240000.0,251000.0,286000.0,410000.0,,223000.0,6000.0,1671000.0,29.6,47.5
1307,Jawa Barat,Perdesaan,Perempuan,50.0,SMA/SMK,Tidak Bekerja,Belum Menikah,0.0,500000.0,348000,56000.0,63000.0,37000.0,59000.0,15000.0,,9000.0,,0.0,14000.0,,5000.0,0.0,152000.0,30.4,65.3
1401,Jawa Timur,Perkotaan,Perempuan,44.0,SMA/SMK,Karyawan Swasta,Belum Menikah,0.0,2650000.0,2375000,341000.0,374000.0,147000.0,235000.0,85000.0,,53000.0,83000.0,0.0,178000.0,96000.0,72000.0,193000.0,275000.0,10.4,78.8
1409,Bali,Perdesaan,Laki-laki,36.0,Diploma,PNS/ASN,Belum Menikah,0.0,2950000.0,2186000,266000.0,355000.0,193000.0,264000.0,93000.0,316000.0,82000.0,76000.0,0.0,146000.0,70000.0,100000.0,,764000.0,25.9,66.8
1249,Sumatera Utara,Perdesaan,Laki-laki,43.0,SD,Buruh/Pekerja Harian,Menikah,4.0,700000.0,639000,96000.0,108000.0,56000.0,,22000.0,69000.0,,21000.0,35000.0,36000.0,15000.0,20000.0,0.0,61000.0,8.8,31.7
394,Sumatera Utara,Perkotaan,Perempuan,,SMP,Karyawan Swasta,Belum Menikah,0.0,4900000.0,3691000,437000.0,544000.0,202000.0,296000.0,197000.0,586000.0,198000.0,147000.0,0.0,341000.0,122000.0,97000.0,313000.0,1209000.0,24.7,40.1
1255,Jawa Timur,Perkotaan,Laki-laki,37.0,SMA/SMK,Wiraswasta,Menikah,4.0,7550000.0,6360000,462000.0,657000.0,330000.0,559000.0,1000.0,1077000.0,250000.0,360000.0,,553000.0,379000.0,215000.0,268000.0,,15.8,74.1
1497,Bali,Perdesaan,Perempuan,45.0,SMP,Karyawan Swasta,Menikah,2.0,1400000.0,1028000,121000.0,178000.0,66000.0,162000.0,40000.0,93000.0,29000.0,42000.0,37000.0,68000.0,43000.0,24000.0,,372000.0,26.6,33.1
1372,Sumatera Utara,Perdesaan,Laki-laki,36.0,Sarjana (S1),Wiraswasta,Cerai/Janda/Duda,3.0,4200000.0,3609000,332000.0,455000.0,155000.0,336000.0,157000.0,684000.0,122000.0,208000.0,155000.0,235000.0,152000.0,111000.0,314000.0,591000.0,14.1,50.1
1530,Banten,Perkotaan,Laki-laki,48.0,SMA/SMK,PNS/ASN,Menikah,4.0,4050000.0,3279000,,427000.0,217000.0,362000.0,143000.0,466000.0,144000.0,152000.0,175000.0,327000.0,139000.0,145000.0,0.0,771000.0,19.0,47.9
1664,DI Yogyakarta,Perdesaan,Laki-laki,28.0,Sarjana (S1),Karyawan Swasta,Menikah,4.0,3250000.0,2338000,,,100000.0,212000.0,56000.0,410000.0,,151000.0,,,107000.0,60000.0,0.0,912000.0,28.1,83.4
1355,DI Yogyakarta,Perkotaan,Perempuan,43.0,Sarjana (S1),PNS/ASN,Menikah,2.0,7650000.0,5598000,330000.0,403000.0,224000.0,307000.0,30000.0,1372000.0,386000.0,455000.0,367000.0,435000.0,228000.0,203000.0,,2052000.0,26.8,76.7
1503,Jawa Tengah,Perkotaan,Laki-laki,31.0,SD,,Menikah,3.0,2550000.0,1758000,252000.0,309000.0,141000.0,220000.0,27000.0,,70000.0,40000.0,101000.0,120000.0,76000.0,79000.0,210000.0,792000.0,31.1,27.4
1822,Banten,Perdesaan,Laki-laki,49.0,SMA/SMK,Karyawan Swasta,Menikah,3.0,,972000,145000.0,181000.0,89000.0,140000.0,,96000.0,33000.0,18000.0,40000.0,55000.0,33000.0,26000.0,223000.0,,33.0,39.0
1042,Sumatera Utara,Perkotaan,Laki-laki,18.0,SMA/SMK,Buruh/Pekerja Harian,Menikah,1.0,2100000.0,1638000,173000.0,220000.0,115000.0,137000.0,32000.0,281000.0,73000.0,64000.0,103000.0,156000.0,70000.0,41000.0,0.0,462000.0,22.0,64.4
994,DKI Jakarta,Perdesaan,Perempuan,28.0,SD,Buruh/Pekerja Harian,Belum Menikah,0.0,,1804000,237000.0,265000.0,136000.0,293000.0,96000.0,241000.0,60000.0,87000.0,0.0,113000.0,45000.0,69000.0,0.0,846000.0,31.9,56.2
1644,DKI Jakarta,Perdesaan,Perempuan,40.0,Diploma,Karyawan Swasta,Menikah,2.0,6850000.0,4699000,414000.0,516000.0,283000.0,,157000.0,977000.0,172000.0,156000.0,330000.0,547000.0,237000.0,266000.0,895000.0,2151000.0,31.4,56.9
1052,Jawa Timur,Perkotaan,Laki-laki,39.0,,Wiraswasta,Belum Menikah,,6350000.0,5238000,514000.0,603000.0,305000.0,528000.0,133000.0,1101000.0,319000.0,387000.0,,539000.0,,,1155000.0,1112000.0,17.5,60.6
796,Banten,Perdesaan,Laki-laki,31.0,SMP,Buruh/Pekerja Harian,Belum Menikah,0.0,1350000.0,993000,157000.0,218000.0,109000.0,,,69000.0,17000.0,30000.0,0.0,56000.0,32000.0,19000.0,0.0,,,53.5
646,Bali,Perkotaan,Perempuan,48.0,SMA/SMK,Pelajar/Mahasiswa,Belum Menikah,0.0,750000.0,535000,69000.0,103000.0,43000.0,60000.0,13000.0,41000.0,19000.0,18000.0,0.0,36000.0,14000.0,18000.0,0.0,215000.0,28.7,61.6
1013,Sumatera Utara,Perkotaan,Perempuan,32.0,Tidak Sekolah,Karyawan Swasta,Menikah,3.0,3100000.0,2061000,210000.0,248000.0,82000.0,146000.0,70000.0,365000.0,128000.0,110000.0,,198000.0,127000.0,76000.0,0.0,1039000.0,33.5,55.2
1977,Kalimantan Timur,Perkotaan,Laki-laki,30.0,SMA/SMK,Karyawan Swasta,Belum Menikah,0.0,3950000.0,2838000,229000.0,285000.0,189000.0,253000.0,97000.0,575000.0,148000.0,177000.0,0.0,290000.0,147000.0,169000.0,0.0,1112000.0,28.2,52.0
1598,Sulawesi Selatan,Perdesaan,Laki-laki,31.0,SMA/SMK,Wiraswasta,Menikah,3.0,2350000.0,1710000,252000.0,236000.0,98000.0,243000.0,9000.0,205000.0,62000.0,79000.0,71000.0,128000.0,51000.0,60000.0,0.0,640000.0,27.2,46.7
557,Jawa Barat,Perkotaan,Perempuan,52.0,Diploma,Karyawan Swasta,Belum Menikah,0.0,,3425000,342000.0,401000.0,239000.0,377000.0,188000.0,611000.0,129000.0,140000.0,0.0,238000.0,106000.0,73000.0,0.0,1675000.0,32.8,59.1
682,Jawa Timur,Perdesaan,Perempuan,40.0,Pascasarjana (S2/S3),Wiraswasta,Menikah,3.0,10750000.0,8182000,572000.0,786000.0,431000.0,783000.0,82000.0,1385000.0,315000.0,538000.0,798000.0,897000.0,442000.0,376000.0,0.0,2568000.0,23.9,64.4
578,Kalimantan Timur,Perdesaan,Perempuan,53.0,SD,Wiraswasta,Menikah,2.0,4600000.0,3343000,396000.0,403000.0,238000.0,399000.0,8000.0,545000.0,128000.0,106000.0,166000.0,216000.0,128000.0,103000.0,712000.0,1257000.0,27.3,
1820,Jawa Barat,Perkotaan,Laki-laki,24.0,Sarjana (S1),Buruh/Pekerja Harian,Menikah,4.0,6400000.0,4704000,396000.0,457000.0,,,60000.0,1040000.0,182000.0,321000.0,460000.0,391000.0,308000.0,111000.0,1013000.0,1696000.0,26.5,55.3
1110,Jawa Timur,Perdesaan,Perempuan,21.0,SMA/SMK,,Belum Menikah,0.0,6050000.0,4724000,353000.0,,198000.0,443000.0,119000.0,794000.0,161000.0,206000.0,0.0,586000.0,282000.0,218000.0,0.0,1326000.0,21.9,
1267,DI Yogyakarta,Perkotaan,Laki-laki,41.0,SMA/SMK,Karyawan Swasta,Belum Menikah,0.0,4800000.0,3494000,461000.0,456000.0,287000.0,470000.0,,586000.0,109000.0,121000.0,,271000.0,146000.0,98000.0,164000.0,1306000.0,,58.3
1723,Sumatera Selatan,Perdesaan,Perempuan,43.0,SMA/SMK,Wiraswasta,Belum Menikah,0.0,3300000.0,2538000,292000.0,306000.0,132000.0,172000.0,6000.0,395000.0,100000.0,132000.0,0.0,255000.0,77000.0,,300000.0,762000.0,23.1,30.7
1863,Sumatera Selatan,Perkotaan,Perempuan,17.0,Diploma,Buruh/Pekerja Harian,Menikah,2.0,2100000.0,1658000,224000.0,244000.0,141000.0,121000.0,,262000.0,79000.0,63000.0,87000.0,155000.0,76000.0,46000.0,,442000.0,21.1,68.9
1184,Sumatera Utara,Perkotaan,Laki-laki,17.0,SMP,Pelajar/Mahasiswa,Menikah,2.0,1150000.0,1001000,148000.0,225000.0,87000.0,126000.0,27000.0,98000.0,34000.0,36000.0,38000.0,41000.0,20000.0,,173000.0,149000.0,13.0,36.0
525,Kalimantan Timur,Perdesaan,Laki-laki,25.0,Diploma,Pelajar/Mahasiswa,Menikah,2.0,1400000.0,1075000,180000.0,168000.0,76000.0,137000.0,54000.0,114000.0,43000.0,25000.0,,76000.0,27000.0,34000.0,0.0,325000.0,23.2,58.8
1060,DI Yogyakarta,Perdesaan,Laki-laki,47.0,SD,,Cerai/Janda/Duda,1.0,2600000.0,2247000,274000.0,291000.0,188000.0,221000.0,,279000.0,86000.0,123000.0,75000.0,226000.0,61000.0,77000.0,492000.0,353000.0,13.6,
541,Jawa Barat,Perdesaan,Perempuan,48.0,Sarjana (S1),Karyawan Swasta,Cerai/Janda/Duda,1.0,,4461000,417000.0,681000.0,216000.0,370000.0,192000.0,731000.0,229000.0,215000.0,219000.0,480000.0,129000.0,224000.0,0.0,1039000.0,18.9,76.0
1195,Sumatera Utara,Perdesaan,Laki-laki,26.0,Tidak Sekolah,Wiraswasta,Belum Menikah,0.0,2250000.0,1906000,219000.0,289000.0,134000.0,228000.0,32000.0,246000.0,82000.0,66000.0,0.0,187000.0,78000.0,47000.0,425000.0,,15.3,38.4
1679,Jawa Barat,Perkotaan,Perempuan,38.0,SMA/SMK,,Menikah,3.0,10050000.0,8326000,944000.0,1068000.0,351000.0,661000.0,,1397000.0,460000.0,315000.0,715000.0,812000.0,453000.0,,0.0,,17.2,70.7
749,Sumatera Utara,Perdesaan,Perempuan,38.0,,Karyawan Swasta,Menikah,2.0,1350000.0,1082000,152000.0,216000.0,99000.0,219000.0,54000.0,100000.0,29000.0,35000.0,,42000.0,32000.0,27000.0,,268000.0,19.9,45.6
231,Jawa Barat,Perkotaan,Laki-laki,32.0,Sarjana (S1),Wiraswasta,Menikah,2.0,,10558000,597000.0,888000.0,386000.0,759000.0,75000.0,1733000.0,542000.0,886000.0,934000.0,1095000.0,585000.0,,1873000.0,3492000.0,24.9,77.5
1431,DKI Jakarta,Perkotaan,Perempuan,18.0,SMA/SMK,Wiraswasta,Belum Menikah,0.0,10650000.0,9128000,722000.0,1007000.0,366000.0,832000.0,,1590000.0,371000.0,465000.0,0.0,746000.0,299000.0,451000.0,0.0,1522000.0,14.3,65.9
485,Banten,Perkotaan,Perempuan,36.0,SMP,Pelajar/Mahasiswa,Menikah,1.0,,1468000,197000.0,216000.0,120000.0,128000.0,10000.0,155000.0,58000.0,93000.0,92000.0,101000.0,,65000.0,0.0,582000.0,,37.8
1758,Jawa Tengah,Perdesaan,Laki-laki,53.0,SMA/SMK,Buruh/Pekerja Harian,Belum Menikah,0.0,1750000.0,1526000,187000.0,216000.0,84000.0,191000.0,69000.0,222000.0,57000.0,55000.0,0.0,143000.0,67000.0,36000.0,309000.0,224000.0,12.8,43.9
1924,DKI Jakarta,Perdesaan,Laki-laki,57.0,SMA/SMK,Buruh/Pekerja Harian,Belum Menikah,0.0,3850000.0,3174000,306000.0,,130000.0,259000.0,143000.0,600000.0,167000.0,143000.0,0.0,216000.0,193000.0,74000.0,97000.0,676000.0,17.5,76.9
96,Jawa Tengah,Perkotaan,Laki-laki,41.0,SD,Karyawan Swasta,Menikah,1.0,2600000.0,2097000,222000.0,306000.0,,232000.0,50000.0,370000.0,100000.0,99000.0,113000.0,172000.0,64000.0,61000.0,0.0,503000.0,19.3,50.6
1021,Jawa Timur,Perkotaan,Perempuan,28.0,SMA/SMK,Karyawan Swasta,Menikah,1.0,,1108000,163000.0,191000.0,72000.0,147000.0,49000.0,150000.0,42000.0,47000.0,31000.0,88000.0,39000.0,32000.0,7000.0,442000.0,28.5,51.4
564,DKI Jakarta,Perdesaan,Laki-laki,26.0,SMP,Tidak Bekerja,Menikah,1.0,850000.0,728000,108000.0,126000.0,60000.0,116000.0,48000.0,59000.0,22000.0,15000.0,28000.0,54000.0,19000.0,27000.0,159000.0,122000.0,14.3,35.3
864,DKI Jakarta,Perdesaan,Laki-laki,24.0,Diploma,Tidak Bekerja,Menikah,2.0,1100000.0,769000,135000.0,123000.0,70000.0,132000.0,,97000.0,18000.0,33000.0,24000.0,59000.0,26000.0,26000.0,0.0,331000.0,30.1,46.1
1485,DKI Jakarta,Perkotaan,Laki-laki,51.0,SMA/SMK,Pelajar/Mahasiswa,Belum Menikah,0.0,1900000.0,1465000,223000.0,192000.0,137000.0,,57000.0,178000.0,,63000.0,0.0,117000.0,58000.0,39000.0,0.0,435000.0,22.9,50.3
1882,Jawa Barat,Perdesaan,Laki-laki,30.0,Diploma,Karyawan Swasta,Belum Menikah,0.0,3450000.0,2533000,249000.0,370000.0,,280000.0,124000.0,,77000.0,168000.0,0.0,181000.0,91000.0,91000.0,,917000.0,,39.4
1039,Banten,Perdesaan,Perempuan,47.0,SMA/SMK,Tidak Bekerja,Menikah,1.0,500000.0,348000,46000.0,60000.0,30000.0,39000.0,16000.0,52000.0,13000.0,9000.0,16000.0,23000.0,14000.0,8000.0,0.0,152000.0,30.5,
207,DKI Jakarta,Perdesaan,Laki-laki,33.0,SMA/SMK,PNS/ASN,Belum Menikah,0.0,3250000.0,2122000,265000.0,325000.0,129000.0,221000.0,55000.0,301000.0,110000.0,131000.0,0.0,155000.0,94000.0,110000.0,331000.0,1128000.0,34.7,31.8
393,Jawa Barat,Perkotaan,Laki-laki,17.0,SD,Buruh/Pekerja Harian,Menikah,3.0,2350000.0,2095000,317000.0,357000.0,163000.0,211000.0,127000.0,245000.0,61000.0,82000.0,57000.0,201000.0,81000.0,70000.0,234000.0,255000.0,10.9,45.8
871,DI Yogyakarta,Perkotaan,Laki-laki,52.0,SD,Tidak Bekerja,Menikah,4.0,750000.0,689000,,,56000.0,61000.0,,87000.0,16000.0,15000.0,16000.0,47000.0,24000.0,19000.0,0.0,61000.0,8.2,62.5
398,Jawa Tengah,Perdesaan,Laki-laki,27.0,Sarjana (S1),Tidak Bekerja,Belum Menikah,0.0,850000.0,557000,96000.0,90000.0,58000.0,85000.0,30000.0,52000.0,14000.0,19000.0,0.0,26000.0,15000.0,12000.0,0.0,293000.0,34.5,53.2
353,Jawa Barat,Perkotaan,Laki-laki,17.0,SMA/SMK,Karyawan Swasta,Belum Menikah,0.0,6250000.0,4188000,254000.0,400000.0,124000.0,300000.0,39000.0,986000.0,221000.0,213000.0,0.0,453000.0,206000.0,207000.0,0.0,2062000.0,33.0,73.4
1029,DKI Jakarta,Perkotaan,Perempuan,22.0,Diploma,Wiraswasta,Menikah,,5250000.0,4642000,533000.0,572000.0,219000.0,541000.0,224000.0,686000.0,230000.0,209000.0,0.0,399000.0,244000.0,95000.0,225000.0,608000.0,11.6,77.4
1486,Kalimantan Timur,Perdesaan,Laki-laki,45.0,SMA/SMK,Wiraswasta,Menikah,3.0,,4736000,345000.0,379000.0,240000.0,222000.0,8000.0,,207000.0,307000.0,,458000.0,185000.0,157000.0,0.0,2464000.0,,
961,DI Yogyakarta,Perdesaan,Perempuan,36.0,Tidak Sekolah,Wiraswasta,Belum Menikah,0.0,1200000.0,817000,139000.0,167000.0,98000.0,137000.0,19000.0,63000.0,15000.0,27000.0,0.0,45000.0,21000.0,9000.0,154000.0,383000.0,31.9,40.7
1571,DKI Jakarta,Perdesaan,Perempuan,44.0,Diploma,Pelajar/Mahasiswa,Menikah,2.0,2500000.0,1852000,291000.0,,143000.0,262000.0,107000.0,206000.0,69000.0,73000.0,111000.0,120000.0,74000.0,51000.0,,648000.0,,58.1
1896,DI Yogyakarta,Perdesaan,Perempuan,,Tidak Sekolah,Buruh/Pekerja Harian,Menikah,2.0,550000.0,430000,72000.0,,35000.0,68000.0,23000.0,51000.0,11000.0,13000.0,12000.0,18000.0,10000.0,15000.0,0.0,120000.0,21.8,39.1
805,Jawa Barat,Perdesaan,Perempuan,45.0,SMP,PNS/ASN,Cerai/Janda/Duda,2.0,3050000.0,2621000,306000.0,379000.0,215000.0,291000.0,,363000.0,104000.0,78000.0,170000.0,152000.0,96000.0,118000.0,0.0,429000.0,14.1,34.3
1752,Sumatera Selatan,Perkotaan,Perempuan,17.0,SD,Pelajar/Mahasiswa,Menikah,4.0,900000.0,731000,,137000.0,64000.0,99000.0,42000.0,85000.0,20000.0,29000.0,45000.0,50000.0,25000.0,30000.0,179000.0,,18.8,33.0
503,DKI Jakarta,Perkotaan,Laki-laki,37.0,Diploma,Buruh/Pekerja Harian,Menikah,1.0,,3681000,370000.0,526000.0,298000.0,497000.0,2000.0,641000.0,122000.0,101000.0,,359000.0,154000.0,135000.0,771000.0,1219000.0,24.9,64.3
780,Banten,Perkotaan,Perempuan,27.0,SMA/SMK,Karyawan Swasta,Menikah,2.0,5200000.0,3962000,,429000.0,229000.0,333000.0,,795000.0,,216000.0,177000.0,266000.0,187000.0,162000.0,775000.0,1238000.0,23.8,74.9
1864,Jawa Tengah,Perkotaan,Perempuan,37.0,SMA/SMK,PNS/ASN,Belum Menikah,0.0,3200000.0,2609000,218000.0,266000.0,130000.0,241000.0,31000.0,355000.0,119000.0,90000.0,0.0,284000.0,164000.0,127000.0,0.0,591000.0,18.5,73.6
201,Jawa Timur,Perkotaan,Laki-laki,33.0,SMA/SMK,Karyawan Swasta,,4.0,4750000.0,3249000,356000.0,451000.0,183000.0,389000.0,107000.0,626000.0,152000.0,111000.0,,225000.0,178000.0,156000.0,286000.0,1501000.0,31.6,64.5
1797,Banten,Perkotaan,Perempuan,,SMA/SMK,Buruh/Pekerja Harian,Menikah,2.0,3300000.0,2976000,318000.0,319000.0,127000.0,,92000.0,381000.0,,225000.0,102000.0,243000.0,147000.0,81000.0,0.0,324000.0,9.8,42.0
379,Jawa Timur,Perkotaan,Laki-laki,48.0,Sarjana (S1),PNS/ASN,Menikah,3.0,6500000.0,5194000,364000.0,529000.0,233000.0,443000.0,153000.0,827000.0,306000.0,378000.0,,418000.0,179000.0,219000.0,0.0,1306000.0,20.1,53.7
419,Jawa Timur,Perdesaan,Perempuan,17.0,SMA/SMK,Karyawan Swasta,Menikah,2.0,1300000.0,1111000,197000.0,216000.0,88000.0,201000.0,44000.0,84000.0,21000.0,22000.0,46000.0,44000.0,27000.0,22000.0,228000.0,189000.0,14.6,51.0
1699,Bali,Perdesaan,Perempuan,24.0,,Pelajar/Mahasiswa,Menikah,3.0,600000.0,523000,94000.0,97000.0,41000.0,81000.0,41000.0,54000.0,9000.0,11000.0,17000.0,24000.0,9000.0,9000.0,114000.0,77000.0,12.9,63.9
392,Jawa Tengah,Perdesaan,Laki-laki,43.0,SMA/SMK,Karyawan Swasta,Cerai/Janda/Duda,0.0,2300000.0,1880000,230000.0,258000.0,166000.0,307000.0,,228000.0,,67000.0,0.0,129000.0,63000.0,52000.0,242000.0,420000.0,18.3,34.9
1523,Sulawesi Selatan,Perdesaan,Laki-laki,53.0,SMP,Karyawan Swasta,Cerai/Janda/Duda,1.0,2200000.0,1928000,226000.0,232000.0,89000.0,168000.0,97000.0,360000.0,69000.0,115000.0,100000.0,175000.0,71000.0,70000.0,0.0,272000.0,12.4,35.7
1163,Jawa Barat,Perdesaan,Laki-laki,29.0,SMP,Karyawan Swasta,,0.0,,1162000,173000.0,211000.0,86000.0,178000.0,,140000.0,31000.0,,0.0,65000.0,44000.0,45000.0,49000.0,238000.0,,44.4
1496,Banten,Perkotaan,Laki-laki,17.0,Diploma,Buruh/Pekerja Harian,Menikah,4.0,5050000.0,4588000,455000.0,555000.0,313000.0,579000.0,198000.0,799000.0,179000.0,259000.0,,453000.0,217000.0,86000.0,,462000.0,9.1,57.6
965,DI Yogyakarta,Perkotaan,Laki-laki,29.0,SMA/SMK,Tidak Bekerja,Menikah,3.0,1050000.0,828000,131000.0,145000.0,81000.0,91000.0,14000.0,117000.0,29000.0,18000.0,30000.0,66000.0,18000.0,11000.0,0.0,172000.0,17.2,91.1
1153,DKI Jakarta,Perkotaan,Laki-laki,38.0,SMA/SMK,Wiraswasta,,,,11556000,1159000.0,1143000.0,497000.0,937000.0,477000.0,2518000.0,506000.0,779000.0,0.0,1431000.0,470000.0,,,1694000.0,12.8,44.4
1368,Sumatera Selatan,Perkotaan,Perempuan,37.0,SMA/SMK,Karyawan Swasta,Belum Menikah,0.0,3300000.0,2695000,,308000.0,151000.0,272000.0,109000.0,398000.0,135000.0,94000.0,0.0,190000.0,140000.0,109000.0,281000.0,605000.0,18.3,51.3
65,Jawa Barat,Perkotaan,Laki-laki,36.0,SMP,PNS/ASN,Menikah,2.0,6450000.0,5794000,474000.0,662000.0,319000.0,344000.0,212000.0,847000.0,354000.0,299000.0,537000.0,728000.0,352000.0,332000.0,0.0,656000.0,10.2,42.6
1622,DI Yogyakarta,Perkotaan,Laki-laki,40.0,SMA/SMK,Pelajar/Mahasiswa,Belum Menikah,0.0,850000.0,598000,105000.0,102000.0,49000.0,78000.0,38000.0,72000.0,12000.0,13000.0,0.0,36000.0,16000.0,11000.0,22000.0,252000.0,29.6,58.3
1181,Jawa Timur,Perdesaan,Laki-laki,43.0,SD,Karyawan Swasta,Belum Menikah,0.0,1100000.0,747000,100000.0,148000.0,73000.0,123000.0,46000.0,77000.0,27000.0,26000.0,0.0,43000.0,25000.0,13000.0,94000.0,353000.0,32.1,28.1
493,DKI Jakarta,Perkotaan,Perempuan,24.0,Diploma,Buruh/Pekerja Harian,Menikah,3.0,6750000.0,5624000,483000.0,610000.0,223000.0,370000.0,35000.0,894000.0,328000.0,443000.0,,457000.0,249000.0,240000.0,0.0,1126000.0,16.7,72.0
380,Kalimantan Timur,Perkotaan,Laki-laki,37.0,SMA/SMK,Wiraswasta,Belum Menikah,0.0,6250000.0,5362000,472000.0,617000.0,305000.0,328000.0,222000.0,1113000.0,207000.0,217000.0,0.0,388000.0,196000.0,284000.0,0.0,888000.0,14.2,51.3
764,Jawa Timur,Perdesaan,Laki-laki,44.0,Sarjana (S1),Tidak Bekerja,Menikah,4.0,1450000.0,1129000,155000.0,194000.0,122000.0,204000.0,59000.0,120000.0,32000.0,26000.0,37000.0,68000.0,31000.0,13000.0,,321000.0,22.1,44.9
792,Bali,Perkotaan,Laki-laki,28.0,SMA/SMK,Karyawan Swasta,Menikah,3.0,2450000.0,1977000,295000.0,290000.0,171000.0,243000.0,37000.0,231000.0,64000.0,,,181000.0,74000.0,89000.0,0.0,473000.0,19.3,36.8
1077,Jawa Timur,Perkotaan,Laki-laki,36.0,Sarjana (S1),Buruh/Pekerja Harian,Belum Menikah,0.0,5000000.0,3446000,368000.0,437000.0,185000.0,215000.0,21000.0,691000.0,207000.0,137000.0,0.0,217000.0,143000.0,69000.0,492000.0,1554000.0,,56.4
879,Jawa Barat,Perkotaan,Perempuan,17.0,Sarjana (S1),Karyawan Swasta,Menikah,1.0,,6689000,455000.0,527000.0,214000.0,458000.0,156000.0,1161000.0,394000.0,253000.0,632000.0,846000.0,463000.0,445000.0,0.0,711000.0,9.6,87.3
338,Bali,Perdesaan,Laki-laki,30.0,Tidak Sekolah,Karyawan Swasta,Cerai/Janda/Duda,0.0,2850000.0,2318000,239000.0,353000.0,129000.0,265000.0,85000.0,296000.0,66000.0,100000.0,0.0,164000.0,115000.0,109000.0,0.0,532000.0,18.7,39.8
1017,Sumatera Selatan,Perdesaan,Laki-laki,54.0,SMA/SMK,Wiraswasta,Menikah,0.0,3800000.0,2750000,315000.0,336000.0,205000.0,272000.0,94000.0,487000.0,145000.0,154000.0,0.0,175000.0,141000.0,112000.0,700000.0,1050000.0,27.6,42.9
1276,DKI Jakarta,Perdesaan,Perempuan,38.0,Sarjana (S1),,Menikah,3.0,8500000.0,6071000,403000.0,595000.0,284000.0,502000.0,207000.0,1151000.0,267000.0,387000.0,600000.0,637000.0,327000.0,171000.0,0.0,2429000.0,28.6,63.9
456,Jawa Timur,Perkotaan,Perempuan,27.0,SMA/SMK,Karyawan Swasta,Menikah,1.0,2400000.0,2060000,316000.0,298000.0,137000.0,237000.0,120000.0,329000.0,53000.0,58000.0,98000.0,108000.0,,40000.0,456000.0,340000.0,14.2,68.5
816,Jawa Tengah,Perkotaan,Perempuan,41.0,SMP,Karyawan Swasta,Cerai/Janda/Duda,2.0,3400000.0,2282000,302000.0,326000.0,164000.0,240000.0,90000.0,249000.0,107000.0,63000.0,116000.0,140000.0,111000.0,63000.0,0.0,1118000.0,32.9,38.4
996,DKI Jakarta,Perdesaan,Laki-laki,29.0,Diploma,Buruh/Pekerja Harian,Belum Menikah,0.0,900000.0,717000,131000.0,146000.0,76000.0,,7000.0,59000.0,17000.0,22000.0,0.0,45000.0,21000.0,26000.0,,183000.0,20.4,64.1
1982,Banten,Perkotaan,Laki-laki,17.0,Pascasarjana (S2/S3),Pelajar/Mahasiswa,Menikah,1.0,4950000.0,4494000,453000.0,612000.0,187000.0,392000.0,153000.0,881000.0,215000.0,166000.0,371000.0,421000.0,148000.0,167000.0,447000.0,456000.0,,66.0
202,Jawa Timur,Perkotaan,Perempuan,26.0,Tidak Sekolah,Karyawan Swasta,Menikah,1.0,2150000.0,1645000,232000.0,228000.0,93000.0,196000.0,89000.0,246000.0,40000.0,65000.0,105000.0,103000.0,68000.0,29000.0,323000.0,,23.5,40.3
162,Banten,Perkotaan,Perempuan,52.0,SMP,Buruh/Pekerja Harian,Menikah,1.0,1800000.0,1524000,213000.0,200000.0,77000.0,197000.0,33000.0,181000.0,38000.0,67000.0,103000.0,149000.0,59000.0,,0.0,276000.0,15.3,48.1
1580,DKI Jakarta,Perkotaan,Laki-laki,21.0,Sarjana (S1),Wiraswasta,Menikah,1.0,15100000.0,13707000,1224000.0,,534000.0,1018000.0,499000.0,1944000.0,846000.0,854000.0,813000.0,1365000.0,508000.0,399000.0,0.0,,9.2,75.7
703,DI Yogyakarta,Perdesaan,Perempuan,17.0,SMP,PNS/ASN,Belum Menikah,0.0,1550000.0,1248000,153000.0,205000.0,103000.0,165000.0,3000.0,181000.0,34000.0,27000.0,0.0,57000.0,42000.0,21000.0,0.0,302000.0,19.5,57.4
1501,DKI Jakarta,Perkotaan,Laki-laki,59.0,Sarjana (S1),Wiraswasta,Belum Menikah,0.0,,21557000,1384000.0,1807000.0,565000.0,1246000.0,218000.0,3268000.0,,1372000.0,0.0,,1442000.0,979000.0,0.0,2693000.0,,74.6
1130,Bali,Perkotaan,Perempuan,32.0,Diploma,Buruh/Pekerja Harian,Menikah,0.0,1950000.0,1502000,191000.0,242000.0,91000.0,162000.0,71000.0,201000.0,46000.0,56000.0,0.0,152000.0,47000.0,43000.0,0.0,448000.0,23.0,77.6
1022,DKI Jakarta,Perkotaan,Perempuan,30.0,SMP,Buruh/Pekerja Harian,Belum Menikah,0.0,3700000.0,3252000,378000.0,390000.0,157000.0,317000.0,128000.0,449000.0,145000.0,,0.0,255000.0,185000.0,118000.0,0.0,448000.0,12.1,45.2
1586,Banten,Perkotaan,Perempuan,20.0,SMA/SMK,Tidak Bekerja,Menikah,1.0,1550000.0,1156000,124000.0,164000.0,59000.0,130000.0,62000.0,185000.0,,65000.0,55000.0,69000.0,51000.0,30000.0,0.0,394000.0,25.4,76.1
1956,Sumatera Utara,Perdesaan,Perempuan,44.0,Sarjana (S1),Wiraswasta,Menikah,1.0,6200000.0,5136000,471000.0,401000.0,277000.0,253000.0,87000.0,970000.0,226000.0,319000.0,475000.0,461000.0,191000.0,264000.0,1184000.0,1064000.0,17.2,46.1
35,Kalimantan Timur,Perkotaan,Perempuan,27.0,Sarjana (S1),Karyawan Swasta,Belum Menikah,0.0,5850000.0,3844000,316000.0,447000.0,194000.0,,142000.0,602000.0,151000.0,183000.0,0.0,381000.0,152000.0,176000.0,0.0,2006000.0,34.3,44.7
776,Jawa Barat,Perkotaan,Perempuan,38.0,SMP,Wiraswasta,Menikah,1.0,6350000.0,5436000,593000.0,521000.0,247000.0,338000.0,110000.0,1123000.0,247000.0,369000.0,279000.0,451000.0,319000.0,201000.0,301000.0,914000.0,14.4,60.6
1479,DKI Jakarta,Perkotaan,Perempuan,36.0,Sarjana (S1),Tidak Bekerja,Cerai/Janda/Duda,1.0,1450000.0,1203000,178000.0,187000.0,116000.0,141000.0,4000.0,95000.0,45000.0,32000.0,44000.0,91000.0,34000.0,17000.0,26000.0,247000.0,17.0,81.6
1391,Sumatera Utara,Perdesaan,Perempuan,31.0,Sarjana (S1),Karyawan Swasta,Menikah,0.0,3150000.0,2156000,,,,150000.0,34000.0,250000.0,112000.0,109000.0,0.0,182000.0,67000.0,76000.0,0.0,994000.0,31.6,77.6
1364,DKI Jakarta,Perdesaan,Perempuan,43.0,SD,Tidak Bekerja,Menikah,2.0,1450000.0,1148000,174000.0,,87000.0,216000.0,11000.0,97000.0,25000.0,42000.0,37000.0,75000.0,33000.0,34000.0,0.0,302000.0,20.9,37.6
1928,DKI Jakarta,Perkotaan,Laki-laki,23.0,SMA/SMK,Buruh/Pekerja Harian,Menikah,0.0,,4265000,329000.0,381000.0,143000.0,363000.0,48000.0,988000.0,273000.0,290000.0,0.0,384000.0,185000.0,,0.0,1835000.0,30.1,48.6
242,Kalimantan Timur,Perkotaan,Perempuan,36.0,SMA/SMK,,Belum Menikah,0.0,8050000.0,5485000,,389000.0,254000.0,414000.0,55000.0,868000.0,226000.0,389000.0,0.0,647000.0,351000.0,377000.0,251000.0,2565000.0,31.9,37.5
679,DKI Jakarta,Perkotaan,Laki-laki,41.0,SD,Wiraswasta,Menikah,2.0,4500000.0,4122000,344000.0,476000.0,183000.0,322000.0,68000.0,671000.0,136000.0,201000.0,,451000.0,153000.0,,,378000.0,8.4,39.6
601,Jawa Timur,Perdesaan,Laki-laki,29.0,SMP,,Menikah,2.0,1000000.0,917000,134000.0,145000.0,74000.0,,1000.0,115000.0,29000.0,24000.0,50000.0,52000.0,25000.0,33000.0,180000.0,83000.0,8.3,
1298,DKI Jakarta,Perdesaan,Perempuan,17.0,Sarjana (S1),Tidak Bekerja,Menikah,1.0,1550000.0,1190000,174000.0,220000.0,79000.0,200000.0,44000.0,121000.0,48000.0,47000.0,49000.0,79000.0,44000.0,20000.0,297000.0,,23.2,40.2
112,Jawa Barat,Perdesaan,Perempuan,32.0,SMA/SMK,Wiraswasta,Menikah,3.0,2850000.0,2581000,423000.0,427000.0,237000.0,324000.0,87000.0,258000.0,89000.0,71000.0,93000.0,208000.0,68000.0,39000.0,0.0,269000.0,9.4,36.7
647,Banten,Perkotaan,Perempuan,17.0,SD,Wiraswasta,Menikah,0.0,6700000.0,5286000,462000.0,421000.0,209000.0,447000.0,127000.0,889000.0,,309000.0,0.0,547000.0,361000.0,352000.0,0.0,1414000.0,21.1,39.7
1529,Bali,Perdesaan,Perempuan,17.0,Diploma,Tidak Bekerja,Menikah,2.0,900000.0,672000,106000.0,98000.0,59000.0,103000.0,,60000.0,26000.0,17000.0,25000.0,48000.0,26000.0,26000.0,86000.0,228000.0,25.3,60.2
1268,Jawa Timur,Perdesaan,Perempuan,30.0,Sarjana (S1),Wiraswasta,Belum Menikah,0.0,9050000.0,7567000,577000.0,658000.0,,464000.0,136000.0,1391000.0,375000.0,467000.0,0.0,523000.0,506000.0,407000.0,0.0,1483000.0,16.4,77.7
1900,Jawa Tengah,Perkotaan,Laki-laki,44.0,SMP,Karyawan Swasta,Cerai/Janda/Duda,1.0,,2686000,348000.0,362000.0,177000.0,229000.0,106000.0,352000.0,122000.0,91000.0,,206000.0,82000.0,49000.0,0.0,,17.4,6.3
563,Bali,Perdesaan,Laki-laki,19.0,Sarjana (S1),Wiraswasta,Belum Menikah,0.0,4250000.0,3902000,379000.0,611000.0,,,199000.0,722000.0,,135000.0,0.0,,163000.0,65000.0,0.0,348000.0,8.2,62.8
190,Nusa Tenggara Barat,Perkotaan,Perempuan,38.0,,Wiraswasta,Belum Menikah,0.0,6650000.0,4924000,297000.0,402000.0,165000.0,221000.0,92000.0,,252000.0,216000.0,0.0,436000.0,,186000.0,799000.0,,26.0,50.5
1807,DKI Jakarta,Perdesaan,Perempuan,44.0,Diploma,Buruh/Pekerja Harian,Belum Menikah,0.0,1800000.0,1418000,184000.0,174000.0,86000.0,121000.0,1000.0,259000.0,44000.0,80000.0,,104000.0,50000.0,74000.0,247000.0,382000.0,21.2,48.9
976,DKI Jakarta,Perdesaan,Perempuan,36.0,Tidak Sekolah,Wiraswasta,Menikah,1.0,2950000.0,1921000,243000.0,316000.0,137000.0,,105000.0,295000.0,81000.0,75000.0,120000.0,,61000.0,43000.0,0.0,1029000.0,34.9,41.4
890,Sulawesi Selatan,Perdesaan,Laki-laki,48.0,SMA/SMK,Karyawan Swasta,,2.0,3300000.0,2935000,340000.0,451000.0,233000.0,399000.0,11000.0,377000.0,101000.0,123000.0,103000.0,230000.0,128000.0,100000.0,43000.0,315000.0,9.7,72.2
1083,DKI Jakarta,Perkotaan,Perempuan,19.0,SD,PNS/ASN,Belum Menikah,0.0,4350000.0,3865000,410000.0,543000.0,187000.0,475000.0,31000.0,502000.0,121000.0,157000.0,0.0,341000.0,218000.0,188000.0,,485000.0,11.2,67.4
475,Nusa Tenggara Barat,Perdesaan,Perempuan,36.0,SMA/SMK,,Belum Menikah,0.0,1600000.0,1278000,174000.0,,114000.0,185000.0,53000.0,153000.0,40000.0,,0.0,68000.0,54000.0,40000.0,0.0,322000.0,,69.1
748,Sulawesi Selatan,Perdesaan,Perempuan,35.0,Tidak Sekolah,Wiraswasta,Menikah,4.0,3350000.0,2467000,245000.0,263000.0,128000.0,277000.0,,328000.0,83000.0,115000.0,220000.0,173000.0,84000.0,139000.0,22000.0,883000.0,26.4,45.3
22,Jawa Timur,Perdesaan,Laki-laki,48.0,SD,Karyawan Swasta,Menikah,2.0,1050000.0,687000,92000.0,121000.0,51000.0,84000.0,42000.0,74000.0,22000.0,31000.0,26000.0,48000.0,27000.0,28000.0,0.0,363000.0,34.6,47.9
460,Sumatera Utara,Perdesaan,Perempuan,40.0,Sarjana (S1),Wiraswasta,Menikah,2.0,7800000.0,6074000,368000.0,499000.0,197000.0,353000.0,,1518000.0,434000.0,252000.0,533000.0,458000.0,224000.0,163000.0,1468000.0,1726000.0,22.1,63.6
1185,Jawa Barat,Perkotaan,Laki-laki,36.0,SMP,Karyawan Swasta,Belum Menikah,0.0,5400000.0,4664000,570000.0,576000.0,218000.0,484000.0,174000.0,578000.0,254000.0,,0.0,404000.0,214000.0,219000.0,18000.0,736000.0,13.6,40.3
956,Sulawesi Selatan,Perkotaan,Laki-laki,35.0,SMA/SMK,Wiraswasta,Cerai/Janda/Duda,1.0,6700000.0,5512000,490000.0,508000.0,195000.0,381000.0,97000.0,757000.0,328000.0,268000.0,511000.0,417000.0,191000.0,231000.0,0.0,,17.7,36.4
1216,Sumatera Utara,Perkotaan,Perempuan,45.0,SMA/SMK,Karyawan Swasta,Menikah,3.0,2200000.0,1954000,238000.0,299000.0,118000.0,192000.0,35000.0,278000.0,84000.0,88000.0,140000.0,199000.0,77000.0,49000.0,323000.0,246000.0,11.2,44.2
1516,Jawa Barat,Perkotaan,Perempuan,32.0,,Wiraswasta,Cerai/Janda/Duda,0.0,9400000.0,8158000,531000.0,,,409000.0,1000.0,1464000.0,313000.0,626000.0,0.0,1090000.0,420000.0,339000.0,425000.0,1242000.0,13.2,
770,DKI Jakarta,Perdesaan,Laki-laki,50.0,SD,Pelajar/Mahasiswa,Menikah,1.0,500000.0,451000,71000.0,,42000.0,63000.0,34000.0,42000.0,11000.0,15000.0,,20000.0,15000.0,12000.0,27000.0,49000.0,9.9,44.9
1686,DKI Jakarta,Perkotaan,Perempuan,40.0,Tidak Sekolah,Wiraswasta,Menikah,0.0,4500000.0,3303000,371000.0,508000.0,246000.0,400000.0,29000.0,374000.0,145000.0,142000.0,0.0,,122000.0,106000.0,717000.0,1197000.0,26.6,52.8
131,Sulawesi Selatan,Perdesaan,Perempuan,41.0,SMA/SMK,,Menikah,2.0,1000000.0,778000,121000.0,124000.0,52000.0,88000.0,,77000.0,24000.0,38000.0,33000.0,39000.0,18000.0,26000.0,0.0,222000.0,,58.8
1224,Jawa Tengah,Perdesaan,Laki-laki,,SMA/SMK,Wiraswasta,Menikah,2.0,2600000.0,1769000,,303000.0,154000.0,208000.0,87000.0,173000.0,65000.0,85000.0,109000.0,124000.0,52000.0,33000.0,,831000.0,31.9,52.4
1483,Sumatera Utara,Perdesaan,Perempuan,36.0,SMA/SMK,Buruh/Pekerja Harian,Belum Menikah,,2300000.0,1866000,173000.0,295000.0,120000.0,,41000.0,328000.0,96000.0,58000.0,0.0,,79000.0,71000.0,103000.0,,18.9,29.0
331,Jawa Timur,Perkotaan,Perempuan,17.0,SMP,Buruh/Pekerja Harian,Menikah,1.0,1500000.0,1204000,186000.0,170000.0,106000.0,163000.0,9000.0,169000.0,40000.0,,36000.0,91000.0,38000.0,54000.0,0.0,296000.0,19.7,54.7
1239,Bali,Perdesaan,Perempuan,32.0,SMA/SMK,,Belum Menikah,0.0,3650000.0,2802000,351000.0,409000.0,173000.0,294000.0,20000.0,376000.0,153000.0,159000.0,0.0,192000.0,126000.0,154000.0,0.0,848000.0,23.2,24.3
467,Jawa Tengah,Perdesaan,Laki-laki,33.0,Sarjana (S1),Wiraswasta,Belum Menikah,0.0,7100000.0,4622000,318000.0,327000.0,165000.0,299000.0,41000.0,762000.0,299000.0,392000.0,0.0,371000.0,195000.0,,0.0,2478000.0,34.9,60.1
1639,Nusa Tenggara Barat,Perkotaan,Laki-laki,31.0,SMA/SMK,Karyawan Swasta,Cerai/Janda/Duda,0.0,4400000.0,3500000,325000.0,394000.0,276000.0,412000.0,130000.0,511000.0,119000.0,188000.0,0.0,309000.0,166000.0,,59000.0,900000.0,20.5,41.5
1096,DKI Jakarta,Perkotaan,Laki-laki,31.0,SMA/SMK,Karyawan Swasta,Menikah,1.0,15850000.0,12009000,717000.0,853000.0,462000.0,742000.0,236000.0,1991000.0,572000.0,575000.0,926000.0,1300000.0,592000.0,756000.0,0.0,3841000.0,24.2,41.0
1131,Kalimantan Timur,Perdesaan,Laki-laki,18.0,SMA/SMK,Buruh/Pekerja Harian,Menikah,3.0,1850000.0,1636000,215000.0,266000.0,138000.0,183000.0,8000.0,197000.0,63000.0,49000.0,50000.0,101000.0,40000.0,64000.0,0.0,214000.0,11.6,57.2
1295,Sumatera Selatan,Perkotaan,Perempuan,34.0,Sarjana (S1),Wiraswasta,,0.0,6350000.0,5120000,304000.0,426000.0,184000.0,396000.0,19000.0,1108000.0,258000.0,334000.0,0.0,442000.0,295000.0,283000.0,0.0,1230000.0,19.4,72.7
861,Jawa Barat,Perdesaan,Perempuan,19.0,SMA/SMK,Buruh/Pekerja Harian,,2.0,1100000.0,1000000,142000.0,230000.0,86000.0,170000.0,45000.0,94000.0,,27000.0,21000.0,51000.0,,15000.0,50000.0,100000.0,9.1,39.2
